policy_year,cap,selected_fraction,mean_selected_cap,p10_selected_cap,median_selected_cap,p90_selected_cap,economically_active,mean_inforce_exposure,source,action_index,policy_role
1,0.0025,1.0,0.0024999999999999996,0.0025,0.0025,0.0025,True,1.0,independent_direct_policy_rollout,0,adaptive_research_candidate
1,0.01,0.0,0.0024999999999999996,0.0025,0.0025,0.0025,True,1.0,independent_direct_policy_rollout,1,adaptive_research_candidate
1,0.02,0.0,0.0024999999999999996,0.0025,0.0025,0.0025,True,1.0,independent_direct_policy_rollout,2,adaptive_research_candidate
1,0.03,0.0,0.0024999999999999996,0.0025,0.0025,0.0025,True,1.0,independent_direct_policy_rollout,3,adaptive_research_candidate
1,0.04,0.0,0.0024999999999999996,0.0025,0.0025,0.0025,True,1.0,independent_direct_policy_rollout,4,adaptive_research_candidate
1,0.05,0.0,0.0024999999999999996,0.0025,0.0025,0.0025,True,1.0,independent_direct_policy_rollout,5,adaptive_research_candidate
1,0.060000000000000005,0.0,0.0024999999999999996,0.0025,0.0025,0.0025,True,1.0,independent_direct_policy_rollout,6,adaptive_research_candidate
1,0.06999999999999999,0.0,0.0024999999999999996,0.0025,0.0025,0.0025,True,1.0,independent_direct_policy_rollout,7,adaptive_research_candidate
1,0.08,0.0,0.0024999999999999996,0.0025,0.0025,0.0025,True,1.0,independent_direct_policy_rollout,8,adaptive_research_candidate
1,0.09,0.0,0.0024999999999999996,0.0025,0.0025,0.0025,True,1.0,independent_direct_policy_rollout,9,adaptive_research_candidate
1,0.09999999999999999,0.0,0.0024999999999999996,0.0025,0.0025,0.0025,True,1.0,independent_direct_policy_rollout,10,adaptive_research_candidate
1,0.11,0.0,0.0024999999999999996,0.0025,0.0025,0.0025,True,1.0,independent_direct_policy_rollout,11,adaptive_research_candidate
1,0.12,0.0,0.0024999999999999996,0.0025,0.0025,0.0025,True,1.0,independent_direct_policy_rollout,12,adaptive_research_candidate
1,0.13,0.0,0.0024999999999999996,0.0025,0.0025,0.0025,True,1.0,independent_direct_policy_rollout,13,adaptive_research_candidate
1,0.14,0.0,0.0024999999999999996,0.0025,0.0025,0.0025,True,1.0,independent_direct_policy_rollout,14,adaptive_research_candidate
1,0.15000000000000002,0.0,0.0024999999999999996,0.0025,0.0025,0.0025,True,1.0,independent_direct_policy_rollout,15,adaptive_research_candidate
1,0.16,0.0,0.0024999999999999996,0.0025,0.0025,0.0025,True,1.0,independent_direct_policy_rollout,16,adaptive_research_candidate
1,0.17,0.0,0.0024999999999999996,0.0025,0.0025,0.0025,True,1.0,independent_direct_policy_rollout,17,adaptive_research_candidate
1,0.18000000000000002,0.0,0.0024999999999999996,0.0025,0.0025,0.0025,True,1.0,independent_direct_policy_rollout,18,adaptive_research_candidate
1,0.19,0.0,0.0024999999999999996,0.0025,0.0025,0.0025,True,1.0,independent_direct_policy_rollout,19,adaptive_research_candidate
1,0.2,0.0,0.0024999999999999996,0.0025,0.0025,0.0025,True,1.0,independent_direct_policy_rollout,20,adaptive_research_candidate
2,0.0025,0.6833333333333333,0.009327380952380953,0.0025,0.0025,0.03,True,0.9915434138997478,independent_direct_policy_rollout,0,adaptive_research_candidate
2,0.01,0.10476190476190476,0.009327380952380953,0.0025,0.0025,0.03,True,0.9915434138997478,independent_direct_policy_rollout,1,adaptive_research_candidate
2,0.02,0.0,0.009327380952380953,0.0025,0.0025,0.03,True,0.9915434138997478,independent_direct_policy_rollout,2,adaptive_research_candidate
2,0.03,0.20952380952380953,0.009327380952380953,0.0025,0.0025,0.03,True,0.9915434138997478,independent_direct_policy_rollout,3,adaptive_research_candidate
2,0.04,0.0,0.009327380952380953,0.0025,0.0025,0.03,True,0.9915434138997478,independent_direct_policy_rollout,4,adaptive_research_candidate
2,0.05,0.0,0.009327380952380953,0.0025,0.0025,0.03,True,0.9915434138997478,independent_direct_policy_rollout,5,adaptive_research_candidate
2,0.060000000000000005,0.0,0.009327380952380953,0.0025,0.0025,0.03,True,0.9915434138997478,independent_direct_policy_rollout,6,adaptive_research_candidate
2,0.06999999999999999,0.0,0.009327380952380953,0.0025,0.0025,0.03,True,0.9915434138997478,independent_direct_policy_rollout,7,adaptive_research_candidate
2,0.08,0.0,0.009327380952380953,0.0025,0.0025,0.03,True,0.9915434138997478,independent_direct_policy_rollout,8,adaptive_research_candidate
2,0.09,0.0,0.009327380952380953,0.0025,0.0025,0.03,True,0.9915434138997478,independent_direct_policy_rollout,9,adaptive_research_candidate
2,0.09999999999999999,0.0,0.009327380952380953,0.0025,0.0025,0.03,True,0.9915434138997478,independent_direct_policy_rollout,10,adaptive_research_candidate
2,0.11,0.0,0.009327380952380953,0.0025,0.0025,0.03,True,0.9915434138997478,independent_direct_policy_rollout,11,adaptive_research_candidate
2,0.12,0.002380952380952381,0.009327380952380953,0.0025,0.0025,0.03,True,0.9915434138997478,independent_direct_policy_rollout,12,adaptive_research_candidate
2,0.13,0.0,0.009327380952380953,0.0025,0.0025,0.03,True,0.9915434138997478,independent_direct_policy_rollout,13,adaptive_research_candidate
2,0.14,0.0,0.009327380952380953,0.0025,0.0025,0.03,True,0.9915434138997478,independent_direct_policy_rollout,14,adaptive_research_candidate
2,0.15000000000000002,0.0,0.009327380952380953,0.0025,0.0025,0.03,True,0.9915434138997478,independent_direct_policy_rollout,15,adaptive_research_candidate
2,0.16,0.0,0.009327380952380953,0.0025,0.0025,0.03,True,0.9915434138997478,independent_direct_policy_rollout,16,adaptive_research_candidate
2,0.17,0.0,0.009327380952380953,0.0025,0.0025,0.03,True,0.9915434138997478,independent_direct_policy_rollout,17,adaptive_research_candidate
2,0.18000000000000002,0.0,0.009327380952380953,0.0025,0.0025,0.03,True,0.9915434138997478,independent_direct_policy_rollout,18,adaptive_research_candidate
2,0.19,0.0,0.009327380952380953,0.0025,0.0025,0.03,True,0.9915434138997478,independent_direct_policy_rollout,19,adaptive_research_candidate
2,0.2,0.0,0.009327380952380953,0.0025,0.0025,0.03,True,0.9915434138997478,independent_direct_policy_rollout,20,adaptive_research_candidate
3,0.0025,0.49523809523809526,0.00980952380952381,0.0025,0.01,0.01,True,0.9819599333077919,independent_direct_policy_rollout,0,adaptive_research_candidate
3,0.01,0.42857142857142855,0.00980952380952381,0.0025,0.01,0.01,True,0.9819599333077919,independent_direct_policy_rollout,1,adaptive_research_candidate
3,0.02,0.0,0.00980952380952381,0.0025,0.01,0.01,True,0.9819599333077919,independent_direct_policy_rollout,2,adaptive_research_candidate
3,0.03,0.05238095238095238,0.00980952380952381,0.0025,0.01,0.01,True,0.9819599333077919,independent_direct_policy_rollout,3,adaptive_research_candidate
3,0.04,0.0,0.00980952380952381,0.0025,0.01,0.01,True,0.9819599333077919,independent_direct_policy_rollout,4,adaptive_research_candidate
3,0.05,0.0,0.00980952380952381,0.0025,0.01,0.01,True,0.9819599333077919,independent_direct_policy_rollout,5,adaptive_research_candidate
3,0.060000000000000005,0.0,0.00980952380952381,0.0025,0.01,0.01,True,0.9819599333077919,independent_direct_policy_rollout,6,adaptive_research_candidate
3,0.06999999999999999,0.0,0.00980952380952381,0.0025,0.01,0.01,True,0.9819599333077919,independent_direct_policy_rollout,7,adaptive_research_candidate
3,0.08,0.007142857142857143,0.00980952380952381,0.0025,0.01,0.01,True,0.9819599333077919,independent_direct_policy_rollout,8,adaptive_research_candidate
3,0.09,0.0,0.00980952380952381,0.0025,0.01,0.01,True,0.9819599333077919,independent_direct_policy_rollout,9,adaptive_research_candidate
3,0.09999999999999999,0.007142857142857143,0.00980952380952381,0.0025,0.01,0.01,True,0.9819599333077919,independent_direct_policy_rollout,10,adaptive_research_candidate
3,0.11,0.0,0.00980952380952381,0.0025,0.01,0.01,True,0.9819599333077919,independent_direct_policy_rollout,11,adaptive_research_candidate
3,0.12,0.0,0.00980952380952381,0.0025,0.01,0.01,True,0.9819599333077919,independent_direct_policy_rollout,12,adaptive_research_candidate
3,0.13,0.0,0.00980952380952381,0.0025,0.01,0.01,True,0.9819599333077919,independent_direct_policy_rollout,13,adaptive_research_candidate
3,0.14,0.007142857142857143,0.00980952380952381,0.0025,0.01,0.01,True,0.9819599333077919,independent_direct_policy_rollout,14,adaptive_research_candidate
3,0.15000000000000002,0.0,0.00980952380952381,0.0025,0.01,0.01,True,0.9819599333077919,independent_direct_policy_rollout,15,adaptive_research_candidate
3,0.16,0.0,0.00980952380952381,0.0025,0.01,0.01,True,0.9819599333077919,independent_direct_policy_rollout,16,adaptive_research_candidate
3,0.17,0.0,0.00980952380952381,0.0025,0.01,0.01,True,0.9819599333077919,independent_direct_policy_rollout,17,adaptive_research_candidate
3,0.18000000000000002,0.002380952380952381,0.00980952380952381,0.0025,0.01,0.01,True,0.9819599333077919,independent_direct_policy_rollout,18,adaptive_research_candidate
3,0.19,0.0,0.00980952380952381,0.0025,0.01,0.01,True,0.9819599333077919,independent_direct_policy_rollout,19,adaptive_research_candidate
3,0.2,0.0,0.00980952380952381,0.0025,0.01,0.01,True,0.9819599333077919,independent_direct_policy_rollout,20,adaptive_research_candidate
4,0.0025,0.8904761904761904,0.006130952380952381,0.0025,0.0025,0.01,True,0.967764347685765,independent_direct_policy_rollout,0,adaptive_research_candidate
4,0.01,0.08333333333333333,0.006130952380952381,0.0025,0.0025,0.01,True,0.967764347685765,independent_direct_policy_rollout,1,adaptive_research_candidate
4,0.02,0.0,0.006130952380952381,0.0025,0.0025,0.01,True,0.967764347685765,independent_direct_policy_rollout,2,adaptive_research_candidate
4,0.03,0.0,0.006130952380952381,0.0025,0.0025,0.01,True,0.967764347685765,independent_direct_policy_rollout,3,adaptive_research_candidate
4,0.04,0.0,0.006130952380952381,0.0025,0.0025,0.01,True,0.967764347685765,independent_direct_policy_rollout,4,adaptive_research_candidate
4,0.05,0.0,0.006130952380952381,0.0025,0.0025,0.01,True,0.967764347685765,independent_direct_policy_rollout,5,adaptive_research_candidate
4,0.060000000000000005,0.0,0.006130952380952381,0.0025,0.0025,0.01,True,0.967764347685765,independent_direct_policy_rollout,6,adaptive_research_candidate
4,0.06999999999999999,0.0,0.006130952380952381,0.0025,0.0025,0.01,True,0.967764347685765,independent_direct_policy_rollout,7,adaptive_research_candidate
4,0.08,0.0,0.006130952380952381,0.0025,0.0025,0.01,True,0.967764347685765,independent_direct_policy_rollout,8,adaptive_research_candidate
4,0.09,0.0,0.006130952380952381,0.0025,0.0025,0.01,True,0.967764347685765,independent_direct_policy_rollout,9,adaptive_research_candidate
4,0.09999999999999999,0.002380952380952381,0.006130952380952381,0.0025,0.0025,0.01,True,0.967764347685765,independent_direct_policy_rollout,10,adaptive_research_candidate
4,0.11,0.002380952380952381,0.006130952380952381,0.0025,0.0025,0.01,True,0.967764347685765,independent_direct_policy_rollout,11,adaptive_research_candidate
4,0.12,0.02142857142857143,0.006130952380952381,0.0025,0.0025,0.01,True,0.967764347685765,independent_direct_policy_rollout,12,adaptive_research_candidate
4,0.13,0.0,0.006130952380952381,0.0025,0.0025,0.01,True,0.967764347685765,independent_direct_policy_rollout,13,adaptive_research_candidate
4,0.14,0.0,0.006130952380952381,0.0025,0.0025,0.01,True,0.967764347685765,independent_direct_policy_rollout,14,adaptive_research_candidate
4,0.15000000000000002,0.0,0.006130952380952381,0.0025,0.0025,0.01,True,0.967764347685765,independent_direct_policy_rollout,15,adaptive_research_candidate
4,0.16,0.0,0.006130952380952381,0.0025,0.0025,0.01,True,0.967764347685765,independent_direct_policy_rollout,16,adaptive_research_candidate
4,0.17,0.0,0.006130952380952381,0.0025,0.0025,0.01,True,0.967764347685765,independent_direct_policy_rollout,17,adaptive_research_candidate
4,0.18000000000000002,0.0,0.006130952380952381,0.0025,0.0025,0.01,True,0.967764347685765,independent_direct_policy_rollout,18,adaptive_research_candidate
4,0.19,0.0,0.006130952380952381,0.0025,0.0025,0.01,True,0.967764347685765,independent_direct_policy_rollout,19,adaptive_research_candidate
4,0.2,0.0,0.006130952380952381,0.0025,0.0025,0.01,True,0.967764347685765,independent_direct_policy_rollout,20,adaptive_research_candidate
5,0.0025,0.5619047619047619,0.007404761904761905,0.0025,0.0025,0.01,True,0.9507736406518716,independent_direct_policy_rollout,0,adaptive_research_candidate
5,0.01,0.38095238095238093,0.007404761904761905,0.0025,0.0025,0.01,True,0.9507736406518716,independent_direct_policy_rollout,1,adaptive_research_candidate
5,0.02,0.04047619047619048,0.007404761904761905,0.0025,0.0025,0.01,True,0.9507736406518716,independent_direct_policy_rollout,2,adaptive_research_candidate
5,0.03,0.0,0.007404761904761905,0.0025,0.0025,0.01,True,0.9507736406518716,independent_direct_policy_rollout,3,adaptive_research_candidate
5,0.04,0.004761904761904762,0.007404761904761905,0.0025,0.0025,0.01,True,0.9507736406518716,independent_direct_policy_rollout,4,adaptive_research_candidate
5,0.05,0.0,0.007404761904761905,0.0025,0.0025,0.01,True,0.9507736406518716,independent_direct_policy_rollout,5,adaptive_research_candidate
5,0.060000000000000005,0.0,0.007404761904761905,0.0025,0.0025,0.01,True,0.9507736406518716,independent_direct_policy_rollout,6,adaptive_research_candidate
5,0.06999999999999999,0.0,0.007404761904761905,0.0025,0.0025,0.01,True,0.9507736406518716,independent_direct_policy_rollout,7,adaptive_research_candidate
5,0.08,0.004761904761904762,0.007404761904761905,0.0025,0.0025,0.01,True,0.9507736406518716,independent_direct_policy_rollout,8,adaptive_research_candidate
5,0.09,0.004761904761904762,0.007404761904761905,0.0025,0.0025,0.01,True,0.9507736406518716,independent_direct_policy_rollout,9,adaptive_research_candidate
5,0.09999999999999999,0.0,0.007404761904761905,0.0025,0.0025,0.01,True,0.9507736406518716,independent_direct_policy_rollout,10,adaptive_research_candidate
5,0.11,0.0,0.007404761904761905,0.0025,0.0025,0.01,True,0.9507736406518716,independent_direct_policy_rollout,11,adaptive_research_candidate
5,0.12,0.0,0.007404761904761905,0.0025,0.0025,0.01,True,0.9507736406518716,independent_direct_policy_rollout,12,adaptive_research_candidate
5,0.13,0.0,0.007404761904761905,0.0025,0.0025,0.01,True,0.9507736406518716,independent_direct_policy_rollout,13,adaptive_research_candidate
5,0.14,0.0,0.007404761904761905,0.0025,0.0025,0.01,True,0.9507736406518716,independent_direct_policy_rollout,14,adaptive_research_candidate
5,0.15000000000000002,0.0,0.007404761904761905,0.0025,0.0025,0.01,True,0.9507736406518716,independent_direct_policy_rollout,15,adaptive_research_candidate
5,0.16,0.002380952380952381,0.007404761904761905,0.0025,0.0025,0.01,True,0.9507736406518716,independent_direct_policy_rollout,16,adaptive_research_candidate
5,0.17,0.0,0.007404761904761905,0.0025,0.0025,0.01,True,0.9507736406518716,independent_direct_policy_rollout,17,adaptive_research_candidate
5,0.18000000000000002,0.0,0.007404761904761905,0.0025,0.0025,0.01,True,0.9507736406518716,independent_direct_policy_rollout,18,adaptive_research_candidate
5,0.19,0.0,0.007404761904761905,0.0025,0.0025,0.01,True,0.9507736406518716,independent_direct_policy_rollout,19,adaptive_research_candidate
5,0.2,0.0,0.007404761904761905,0.0025,0.0025,0.01,True,0.9507736406518716,independent_direct_policy_rollout,20,adaptive_research_candidate
6,0.0025,0.95,0.0054226190476190485,0.0025,0.0025,0.0025,True,0.9312339845203497,independent_direct_policy_rollout,0,adaptive_research_candidate
6,0.01,0.009523809523809525,0.0054226190476190485,0.0025,0.0025,0.0025,True,0.9312339845203497,independent_direct_policy_rollout,1,adaptive_research_candidate
6,0.02,0.011904761904761904,0.0054226190476190485,0.0025,0.0025,0.0025,True,0.9312339845203497,independent_direct_policy_rollout,2,adaptive_research_candidate
6,0.03,0.0,0.0054226190476190485,0.0025,0.0025,0.0025,True,0.9312339845203497,independent_direct_policy_rollout,3,adaptive_research_candidate
6,0.04,0.0,0.0054226190476190485,0.0025,0.0025,0.0025,True,0.9312339845203497,independent_direct_policy_rollout,4,adaptive_research_candidate
6,0.05,0.0,0.0054226190476190485,0.0025,0.0025,0.0025,True,0.9312339845203497,independent_direct_policy_rollout,5,adaptive_research_candidate
6,0.060000000000000005,0.011904761904761904,0.0054226190476190485,0.0025,0.0025,0.0025,True,0.9312339845203497,independent_direct_policy_rollout,6,adaptive_research_candidate
6,0.06999999999999999,0.0,0.0054226190476190485,0.0025,0.0025,0.0025,True,0.9312339845203497,independent_direct_policy_rollout,7,adaptive_research_candidate
6,0.08,0.0,0.0054226190476190485,0.0025,0.0025,0.0025,True,0.9312339845203497,independent_direct_policy_rollout,8,adaptive_research_candidate
6,0.09,0.0,0.0054226190476190485,0.0025,0.0025,0.0025,True,0.9312339845203497,independent_direct_policy_rollout,9,adaptive_research_candidate
6,0.09999999999999999,0.0,0.0054226190476190485,0.0025,0.0025,0.0025,True,0.9312339845203497,independent_direct_policy_rollout,10,adaptive_research_candidate
6,0.11,0.0,0.0054226190476190485,0.0025,0.0025,0.0025,True,0.9312339845203497,independent_direct_policy_rollout,11,adaptive_research_candidate
6,0.12,0.016666666666666666,0.0054226190476190485,0.0025,0.0025,0.0025,True,0.9312339845203497,independent_direct_policy_rollout,12,adaptive_research_candidate
6,0.13,0.0,0.0054226190476190485,0.0025,0.0025,0.0025,True,0.9312339845203497,independent_direct_policy_rollout,13,adaptive_research_candidate
6,0.14,0.0,0.0054226190476190485,0.0025,0.0025,0.0025,True,0.9312339845203497,independent_direct_policy_rollout,14,adaptive_research_candidate
6,0.15000000000000002,0.0,0.0054226190476190485,0.0025,0.0025,0.0025,True,0.9312339845203497,independent_direct_policy_rollout,15,adaptive_research_candidate
6,0.16,0.0,0.0054226190476190485,0.0025,0.0025,0.0025,True,0.9312339845203497,independent_direct_policy_rollout,16,adaptive_research_candidate
6,0.17,0.0,0.0054226190476190485,0.0025,0.0025,0.0025,True,0.9312339845203497,independent_direct_policy_rollout,17,adaptive_research_candidate
6,0.18000000000000002,0.0,0.0054226190476190485,0.0025,0.0025,0.0025,True,0.9312339845203497,independent_direct_policy_rollout,18,adaptive_research_candidate
6,0.19,0.0,0.0054226190476190485,0.0025,0.0025,0.0025,True,0.9312339845203497,independent_direct_policy_rollout,19,adaptive_research_candidate
6,0.2,0.0,0.0054226190476190485,0.0025,0.0025,0.0025,True,0.9312339845203497,independent_direct_policy_rollout,20,adaptive_research_candidate
7,0.0025,0.8952380952380953,0.011095238095238096,0.0025,0.0025,0.01,True,0.9126664643451871,independent_direct_policy_rollout,0,adaptive_research_candidate
7,0.01,0.047619047619047616,0.011095238095238096,0.0025,0.0025,0.01,True,0.9126664643451871,independent_direct_policy_rollout,1,adaptive_research_candidate
7,0.02,0.0,0.011095238095238096,0.0025,0.0025,0.01,True,0.9126664643451871,independent_direct_policy_rollout,2,adaptive_research_candidate
7,0.03,0.0,0.011095238095238096,0.0025,0.0025,0.01,True,0.9126664643451871,independent_direct_policy_rollout,3,adaptive_research_candidate
7,0.04,0.007142857142857143,0.011095238095238096,0.0025,0.0025,0.01,True,0.9126664643451871,independent_direct_policy_rollout,4,adaptive_research_candidate
7,0.05,0.002380952380952381,0.011095238095238096,0.0025,0.0025,0.01,True,0.9126664643451871,independent_direct_policy_rollout,5,adaptive_research_candidate
7,0.060000000000000005,0.0,0.011095238095238096,0.0025,0.0025,0.01,True,0.9126664643451871,independent_direct_policy_rollout,6,adaptive_research_candidate
7,0.06999999999999999,0.0,0.011095238095238096,0.0025,0.0025,0.01,True,0.9126664643451871,independent_direct_policy_rollout,7,adaptive_research_candidate
7,0.08,0.002380952380952381,0.011095238095238096,0.0025,0.0025,0.01,True,0.9126664643451871,independent_direct_policy_rollout,8,adaptive_research_candidate
7,0.09,0.0,0.011095238095238096,0.0025,0.0025,0.01,True,0.9126664643451871,independent_direct_policy_rollout,9,adaptive_research_candidate
7,0.09999999999999999,0.0,0.011095238095238096,0.0025,0.0025,0.01,True,0.9126664643451871,independent_direct_policy_rollout,10,adaptive_research_candidate
7,0.11,0.0,0.011095238095238096,0.0025,0.0025,0.01,True,0.9126664643451871,independent_direct_policy_rollout,11,adaptive_research_candidate
7,0.12,0.0,0.011095238095238096,0.0025,0.0025,0.01,True,0.9126664643451871,independent_direct_policy_rollout,12,adaptive_research_candidate
7,0.13,0.004761904761904762,0.011095238095238096,0.0025,0.0025,0.01,True,0.9126664643451871,independent_direct_policy_rollout,13,adaptive_research_candidate
7,0.14,0.0,0.011095238095238096,0.0025,0.0025,0.01,True,0.9126664643451871,independent_direct_policy_rollout,14,adaptive_research_candidate
7,0.15000000000000002,0.0,0.011095238095238096,0.0025,0.0025,0.01,True,0.9126664643451871,independent_direct_policy_rollout,15,adaptive_research_candidate
7,0.16,0.0,0.011095238095238096,0.0025,0.0025,0.01,True,0.9126664643451871,independent_direct_policy_rollout,16,adaptive_research_candidate
7,0.17,0.011904761904761904,0.011095238095238096,0.0025,0.0025,0.01,True,0.9126664643451871,independent_direct_policy_rollout,17,adaptive_research_candidate
7,0.18000000000000002,0.02857142857142857,0.011095238095238096,0.0025,0.0025,0.01,True,0.9126664643451871,independent_direct_policy_rollout,18,adaptive_research_candidate
7,0.19,0.0,0.011095238095238096,0.0025,0.0025,0.01,True,0.9126664643451871,independent_direct_policy_rollout,19,adaptive_research_candidate
7,0.2,0.0,0.011095238095238096,0.0025,0.0025,0.01,True,0.9126664643451871,independent_direct_policy_rollout,20,adaptive_research_candidate
8,0.0025,0.9952380952380953,0.0027023809523809518,0.0025,0.0025,0.0025,True,0.8888210218226598,independent_direct_policy_rollout,0,adaptive_research_candidate
8,0.01,0.0,0.0027023809523809518,0.0025,0.0025,0.0025,True,0.8888210218226598,independent_direct_policy_rollout,1,adaptive_research_candidate
8,0.02,0.0,0.0027023809523809518,0.0025,0.0025,0.0025,True,0.8888210218226598,independent_direct_policy_rollout,2,adaptive_research_candidate
8,0.03,0.002380952380952381,0.0027023809523809518,0.0025,0.0025,0.0025,True,0.8888210218226598,independent_direct_policy_rollout,3,adaptive_research_candidate
8,0.04,0.0,0.0027023809523809518,0.0025,0.0025,0.0025,True,0.8888210218226598,independent_direct_policy_rollout,4,adaptive_research_candidate
8,0.05,0.0,0.0027023809523809518,0.0025,0.0025,0.0025,True,0.8888210218226598,independent_direct_policy_rollout,5,adaptive_research_candidate
8,0.060000000000000005,0.002380952380952381,0.0027023809523809518,0.0025,0.0025,0.0025,True,0.8888210218226598,independent_direct_policy_rollout,6,adaptive_research_candidate
8,0.06999999999999999,0.0,0.0027023809523809518,0.0025,0.0025,0.0025,True,0.8888210218226598,independent_direct_policy_rollout,7,adaptive_research_candidate
8,0.08,0.0,0.0027023809523809518,0.0025,0.0025,0.0025,True,0.8888210218226598,independent_direct_policy_rollout,8,adaptive_research_candidate
8,0.09,0.0,0.0027023809523809518,0.0025,0.0025,0.0025,True,0.8888210218226598,independent_direct_policy_rollout,9,adaptive_research_candidate
8,0.09999999999999999,0.0,0.0027023809523809518,0.0025,0.0025,0.0025,True,0.8888210218226598,independent_direct_policy_rollout,10,adaptive_research_candidate
8,0.11,0.0,0.0027023809523809518,0.0025,0.0025,0.0025,True,0.8888210218226598,independent_direct_policy_rollout,11,adaptive_research_candidate
8,0.12,0.0,0.0027023809523809518,0.0025,0.0025,0.0025,True,0.8888210218226598,independent_direct_policy_rollout,12,adaptive_research_candidate
8,0.13,0.0,0.0027023809523809518,0.0025,0.0025,0.0025,True,0.8888210218226598,independent_direct_policy_rollout,13,adaptive_research_candidate
8,0.14,0.0,0.0027023809523809518,0.0025,0.0025,0.0025,True,0.8888210218226598,independent_direct_policy_rollout,14,adaptive_research_candidate
8,0.15000000000000002,0.0,0.0027023809523809518,0.0025,0.0025,0.0025,True,0.8888210218226598,independent_direct_policy_rollout,15,adaptive_research_candidate
8,0.16,0.0,0.0027023809523809518,0.0025,0.0025,0.0025,True,0.8888210218226598,independent_direct_policy_rollout,16,adaptive_research_candidate
8,0.17,0.0,0.0027023809523809518,0.0025,0.0025,0.0025,True,0.8888210218226598,independent_direct_policy_rollout,17,adaptive_research_candidate
8,0.18000000000000002,0.0,0.0027023809523809518,0.0025,0.0025,0.0025,True,0.8888210218226598,independent_direct_policy_rollout,18,adaptive_research_candidate
8,0.19,0.0,0.0027023809523809518,0.0025,0.0025,0.0025,True,0.8888210218226598,independent_direct_policy_rollout,19,adaptive_research_candidate
8,0.2,0.0,0.0027023809523809518,0.0025,0.0025,0.0025,True,0.8888210218226598,independent_direct_policy_rollout,20,adaptive_research_candidate
9,0.0025,0.569047619047619,0.059875000000000005,0.0025,0.0025,0.17,True,0.8652122099430367,independent_direct_policy_rollout,0,adaptive_research_candidate
9,0.01,0.07142857142857142,0.059875000000000005,0.0025,0.0025,0.17,True,0.8652122099430367,independent_direct_policy_rollout,1,adaptive_research_candidate
9,0.02,0.0,0.059875000000000005,0.0025,0.0025,0.17,True,0.8652122099430367,independent_direct_policy_rollout,2,adaptive_research_candidate
9,0.03,0.011904761904761904,0.059875000000000005,0.0025,0.0025,0.17,True,0.8652122099430367,independent_direct_policy_rollout,3,adaptive_research_candidate
9,0.04,0.0,0.059875000000000005,0.0025,0.0025,0.17,True,0.8652122099430367,independent_direct_policy_rollout,4,adaptive_research_candidate
9,0.05,0.014285714285714285,0.059875000000000005,0.0025,0.0025,0.17,True,0.8652122099430367,independent_direct_policy_rollout,5,adaptive_research_candidate
9,0.060000000000000005,0.0,0.059875000000000005,0.0025,0.0025,0.17,True,0.8652122099430367,independent_direct_policy_rollout,6,adaptive_research_candidate
9,0.06999999999999999,0.0,0.059875000000000005,0.0025,0.0025,0.17,True,0.8652122099430367,independent_direct_policy_rollout,7,adaptive_research_candidate
9,0.08,0.0,0.059875000000000005,0.0025,0.0025,0.17,True,0.8652122099430367,independent_direct_policy_rollout,8,adaptive_research_candidate
9,0.09,0.0,0.059875000000000005,0.0025,0.0025,0.17,True,0.8652122099430367,independent_direct_policy_rollout,9,adaptive_research_candidate
9,0.09999999999999999,0.0,0.059875000000000005,0.0025,0.0025,0.17,True,0.8652122099430367,independent_direct_policy_rollout,10,adaptive_research_candidate
9,0.11,0.0,0.059875000000000005,0.0025,0.0025,0.17,True,0.8652122099430367,independent_direct_policy_rollout,11,adaptive_research_candidate
9,0.12,0.0,0.059875000000000005,0.0025,0.0025,0.17,True,0.8652122099430367,independent_direct_policy_rollout,12,adaptive_research_candidate
9,0.13,0.0,0.059875000000000005,0.0025,0.0025,0.17,True,0.8652122099430367,independent_direct_policy_rollout,13,adaptive_research_candidate
9,0.14,0.0,0.059875000000000005,0.0025,0.0025,0.17,True,0.8652122099430367,independent_direct_policy_rollout,14,adaptive_research_candidate
9,0.15000000000000002,0.0,0.059875000000000005,0.0025,0.0025,0.17,True,0.8652122099430367,independent_direct_policy_rollout,15,adaptive_research_candidate
9,0.16,0.0,0.059875000000000005,0.0025,0.0025,0.17,True,0.8652122099430367,independent_direct_policy_rollout,16,adaptive_research_candidate
9,0.17,0.3333333333333333,0.059875000000000005,0.0025,0.0025,0.17,True,0.8652122099430367,independent_direct_policy_rollout,17,adaptive_research_candidate
9,0.18000000000000002,0.0,0.059875000000000005,0.0025,0.0025,0.17,True,0.8652122099430367,independent_direct_policy_rollout,18,adaptive_research_candidate
9,0.19,0.0,0.059875000000000005,0.0025,0.0025,0.17,True,0.8652122099430367,independent_direct_policy_rollout,19,adaptive_research_candidate
9,0.2,0.0,0.059875000000000005,0.0025,0.0025,0.17,True,0.8652122099430367,independent_direct_policy_rollout,20,adaptive_research_candidate
10,0.0025,0.7761904761904762,0.042345238095238096,0.0025,0.0025,0.2,True,0.842135769567062,independent_direct_policy_rollout,0,adaptive_research_candidate
10,0.01,0.007142857142857143,0.042345238095238096,0.0025,0.0025,0.2,True,0.842135769567062,independent_direct_policy_rollout,1,adaptive_research_candidate
10,0.02,0.0,0.042345238095238096,0.0025,0.0025,0.2,True,0.842135769567062,independent_direct_policy_rollout,2,adaptive_research_candidate
10,0.03,0.0,0.042345238095238096,0.0025,0.0025,0.2,True,0.842135769567062,independent_direct_policy_rollout,3,adaptive_research_candidate
10,0.04,0.002380952380952381,0.042345238095238096,0.0025,0.0025,0.2,True,0.842135769567062,independent_direct_policy_rollout,4,adaptive_research_candidate
10,0.05,0.007142857142857143,0.042345238095238096,0.0025,0.0025,0.2,True,0.842135769567062,independent_direct_policy_rollout,5,adaptive_research_candidate
10,0.060000000000000005,0.0,0.042345238095238096,0.0025,0.0025,0.2,True,0.842135769567062,independent_direct_policy_rollout,6,adaptive_research_candidate
10,0.06999999999999999,0.0,0.042345238095238096,0.0025,0.0025,0.2,True,0.842135769567062,independent_direct_policy_rollout,7,adaptive_research_candidate
10,0.08,0.0,0.042345238095238096,0.0025,0.0025,0.2,True,0.842135769567062,independent_direct_policy_rollout,8,adaptive_research_candidate
10,0.09,0.0,0.042345238095238096,0.0025,0.0025,0.2,True,0.842135769567062,independent_direct_policy_rollout,9,adaptive_research_candidate
10,0.09999999999999999,0.002380952380952381,0.042345238095238096,0.0025,0.0025,0.2,True,0.842135769567062,independent_direct_policy_rollout,10,adaptive_research_candidate
10,0.11,0.0,0.042345238095238096,0.0025,0.0025,0.2,True,0.842135769567062,independent_direct_policy_rollout,11,adaptive_research_candidate
10,0.12,0.0,0.042345238095238096,0.0025,0.0025,0.2,True,0.842135769567062,independent_direct_policy_rollout,12,adaptive_research_candidate
10,0.13,0.002380952380952381,0.042345238095238096,0.0025,0.0025,0.2,True,0.842135769567062,independent_direct_policy_rollout,13,adaptive_research_candidate
10,0.14,0.01904761904761905,0.042345238095238096,0.0025,0.0025,0.2,True,0.842135769567062,independent_direct_policy_rollout,14,adaptive_research_candidate
10,0.15000000000000002,0.0,0.042345238095238096,0.0025,0.0025,0.2,True,0.842135769567062,independent_direct_policy_rollout,15,adaptive_research_candidate
10,0.16,0.0,0.042345238095238096,0.0025,0.0025,0.2,True,0.842135769567062,independent_direct_policy_rollout,16,adaptive_research_candidate
10,0.17,0.0,0.042345238095238096,0.0025,0.0025,0.2,True,0.842135769567062,independent_direct_policy_rollout,17,adaptive_research_candidate
10,0.18000000000000002,0.0,0.042345238095238096,0.0025,0.0025,0.2,True,0.842135769567062,independent_direct_policy_rollout,18,adaptive_research_candidate
10,0.19,0.0,0.042345238095238096,0.0025,0.0025,0.2,True,0.842135769567062,independent_direct_policy_rollout,19,adaptive_research_candidate
10,0.2,0.18333333333333332,0.042345238095238096,0.0025,0.0025,0.2,True,0.842135769567062,independent_direct_policy_rollout,20,adaptive_research_candidate
11,0.0025,0.8666666666666667,0.011333333333333332,0.0025,0.0025,0.01,True,0.8219621159220989,independent_direct_policy_rollout,0,adaptive_research_candidate
11,0.01,0.03571428571428571,0.011333333333333332,0.0025,0.0025,0.01,True,0.8219621159220989,independent_direct_policy_rollout,1,adaptive_research_candidate
11,0.02,0.0,0.011333333333333332,0.0025,0.0025,0.01,True,0.8219621159220989,independent_direct_policy_rollout,2,adaptive_research_candidate
11,0.03,0.0,0.011333333333333332,0.0025,0.0025,0.01,True,0.8219621159220989,independent_direct_policy_rollout,3,adaptive_research_candidate
11,0.04,0.0,0.011333333333333332,0.0025,0.0025,0.01,True,0.8219621159220989,independent_direct_policy_rollout,4,adaptive_research_candidate
11,0.05,0.01904761904761905,0.011333333333333332,0.0025,0.0025,0.01,True,0.8219621159220989,independent_direct_policy_rollout,5,adaptive_research_candidate
11,0.060000000000000005,0.0,0.011333333333333332,0.0025,0.0025,0.01,True,0.8219621159220989,independent_direct_policy_rollout,6,adaptive_research_candidate
11,0.06999999999999999,0.0,0.011333333333333332,0.0025,0.0025,0.01,True,0.8219621159220989,independent_direct_policy_rollout,7,adaptive_research_candidate
11,0.08,0.0,0.011333333333333332,0.0025,0.0025,0.01,True,0.8219621159220989,independent_direct_policy_rollout,8,adaptive_research_candidate
11,0.09,0.0,0.011333333333333332,0.0025,0.0025,0.01,True,0.8219621159220989,independent_direct_policy_rollout,9,adaptive_research_candidate
11,0.09999999999999999,0.07857142857142857,0.011333333333333332,0.0025,0.0025,0.01,True,0.8219621159220989,independent_direct_policy_rollout,10,adaptive_research_candidate
11,0.11,0.0,0.011333333333333332,0.0025,0.0025,0.01,True,0.8219621159220989,independent_direct_policy_rollout,11,adaptive_research_candidate
11,0.12,0.0,0.011333333333333332,0.0025,0.0025,0.01,True,0.8219621159220989,independent_direct_policy_rollout,12,adaptive_research_candidate
11,0.13,0.0,0.011333333333333332,0.0025,0.0025,0.01,True,0.8219621159220989,independent_direct_policy_rollout,13,adaptive_research_candidate
11,0.14,0.0,0.011333333333333332,0.0025,0.0025,0.01,True,0.8219621159220989,independent_direct_policy_rollout,14,adaptive_research_candidate
11,0.15000000000000002,0.0,0.011333333333333332,0.0025,0.0025,0.01,True,0.8219621159220989,independent_direct_policy_rollout,15,adaptive_research_candidate
11,0.16,0.0,0.011333333333333332,0.0025,0.0025,0.01,True,0.8219621159220989,independent_direct_policy_rollout,16,adaptive_research_candidate
11,0.17,0.0,0.011333333333333332,0.0025,0.0025,0.01,True,0.8219621159220989,independent_direct_policy_rollout,17,adaptive_research_candidate
11,0.18000000000000002,0.0,0.011333333333333332,0.0025,0.0025,0.01,True,0.8219621159220989,independent_direct_policy_rollout,18,adaptive_research_candidate
11,0.19,0.0,0.011333333333333332,0.0025,0.0025,0.01,True,0.8219621159220989,independent_direct_policy_rollout,19,adaptive_research_candidate
11,0.2,0.0,0.011333333333333332,0.0025,0.0025,0.01,True,0.8219621159220989,independent_direct_policy_rollout,20,adaptive_research_candidate
12,0.0025,0.5547619047619048,0.049625,0.0025,0.0025,0.17,True,0.8019859025014481,independent_direct_policy_rollout,0,adaptive_research_candidate
12,0.01,0.06666666666666667,0.049625,0.0025,0.0025,0.17,True,0.8019859025014481,independent_direct_policy_rollout,1,adaptive_research_candidate
12,0.02,0.0,0.049625,0.0025,0.0025,0.17,True,0.8019859025014481,independent_direct_policy_rollout,2,adaptive_research_candidate
12,0.03,0.0,0.049625,0.0025,0.0025,0.17,True,0.8019859025014481,independent_direct_policy_rollout,3,adaptive_research_candidate
12,0.04,0.0,0.049625,0.0025,0.0025,0.17,True,0.8019859025014481,independent_direct_policy_rollout,4,adaptive_research_candidate
12,0.05,0.0,0.049625,0.0025,0.0025,0.17,True,0.8019859025014481,independent_direct_policy_rollout,5,adaptive_research_candidate
12,0.060000000000000005,0.0,0.049625,0.0025,0.0025,0.17,True,0.8019859025014481,independent_direct_policy_rollout,6,adaptive_research_candidate
12,0.06999999999999999,0.16666666666666666,0.049625,0.0025,0.0025,0.17,True,0.8019859025014481,independent_direct_policy_rollout,7,adaptive_research_candidate
12,0.08,0.0,0.049625,0.0025,0.0025,0.17,True,0.8019859025014481,independent_direct_policy_rollout,8,adaptive_research_candidate
12,0.09,0.0,0.049625,0.0025,0.0025,0.17,True,0.8019859025014481,independent_direct_policy_rollout,9,adaptive_research_candidate
12,0.09999999999999999,0.0,0.049625,0.0025,0.0025,0.17,True,0.8019859025014481,independent_direct_policy_rollout,10,adaptive_research_candidate
12,0.11,0.0,0.049625,0.0025,0.0025,0.17,True,0.8019859025014481,independent_direct_policy_rollout,11,adaptive_research_candidate
12,0.12,0.002380952380952381,0.049625,0.0025,0.0025,0.17,True,0.8019859025014481,independent_direct_policy_rollout,12,adaptive_research_candidate
12,0.13,0.0,0.049625,0.0025,0.0025,0.17,True,0.8019859025014481,independent_direct_policy_rollout,13,adaptive_research_candidate
12,0.14,0.0,0.049625,0.0025,0.0025,0.17,True,0.8019859025014481,independent_direct_policy_rollout,14,adaptive_research_candidate
12,0.15000000000000002,0.0,0.049625,0.0025,0.0025,0.17,True,0.8019859025014481,independent_direct_policy_rollout,15,adaptive_research_candidate
12,0.16,0.0,0.049625,0.0025,0.0025,0.17,True,0.8019859025014481,independent_direct_policy_rollout,16,adaptive_research_candidate
12,0.17,0.20952380952380953,0.049625,0.0025,0.0025,0.17,True,0.8019859025014481,independent_direct_policy_rollout,17,adaptive_research_candidate
12,0.18000000000000002,0.0,0.049625,0.0025,0.0025,0.17,True,0.8019859025014481,independent_direct_policy_rollout,18,adaptive_research_candidate
12,0.19,0.0,0.049625,0.0025,0.0025,0.17,True,0.8019859025014481,independent_direct_policy_rollout,19,adaptive_research_candidate
12,0.2,0.0,0.049625,0.0025,0.0025,0.17,True,0.8019859025014481,independent_direct_policy_rollout,20,adaptive_research_candidate
13,0.0025,0.3952380952380952,0.03696428571428571,0.0025,0.04,0.06999999999999999,True,0.7795026844761787,independent_direct_policy_rollout,0,adaptive_research_candidate
13,0.01,0.04523809523809524,0.03696428571428571,0.0025,0.04,0.06999999999999999,True,0.7795026844761787,independent_direct_policy_rollout,1,adaptive_research_candidate
13,0.02,0.0,0.03696428571428571,0.0025,0.04,0.06999999999999999,True,0.7795026844761787,independent_direct_policy_rollout,2,adaptive_research_candidate
13,0.03,0.0,0.03696428571428571,0.0025,0.04,0.06999999999999999,True,0.7795026844761787,independent_direct_policy_rollout,3,adaptive_research_candidate
13,0.04,0.1738095238095238,0.03696428571428571,0.0025,0.04,0.06999999999999999,True,0.7795026844761787,independent_direct_policy_rollout,4,adaptive_research_candidate
13,0.05,0.0,0.03696428571428571,0.0025,0.04,0.06999999999999999,True,0.7795026844761787,independent_direct_policy_rollout,5,adaptive_research_candidate
13,0.060000000000000005,0.03571428571428571,0.03696428571428571,0.0025,0.04,0.06999999999999999,True,0.7795026844761787,independent_direct_policy_rollout,6,adaptive_research_candidate
13,0.06999999999999999,0.33095238095238094,0.03696428571428571,0.0025,0.04,0.06999999999999999,True,0.7795026844761787,independent_direct_policy_rollout,7,adaptive_research_candidate
13,0.08,0.0,0.03696428571428571,0.0025,0.04,0.06999999999999999,True,0.7795026844761787,independent_direct_policy_rollout,8,adaptive_research_candidate
13,0.09,0.0,0.03696428571428571,0.0025,0.04,0.06999999999999999,True,0.7795026844761787,independent_direct_policy_rollout,9,adaptive_research_candidate
13,0.09999999999999999,0.0,0.03696428571428571,0.0025,0.04,0.06999999999999999,True,0.7795026844761787,independent_direct_policy_rollout,10,adaptive_research_candidate
13,0.11,0.0,0.03696428571428571,0.0025,0.04,0.06999999999999999,True,0.7795026844761787,independent_direct_policy_rollout,11,adaptive_research_candidate
13,0.12,0.0,0.03696428571428571,0.0025,0.04,0.06999999999999999,True,0.7795026844761787,independent_direct_policy_rollout,12,adaptive_research_candidate
13,0.13,0.004761904761904762,0.03696428571428571,0.0025,0.04,0.06999999999999999,True,0.7795026844761787,independent_direct_policy_rollout,13,adaptive_research_candidate
13,0.14,0.002380952380952381,0.03696428571428571,0.0025,0.04,0.06999999999999999,True,0.7795026844761787,independent_direct_policy_rollout,14,adaptive_research_candidate
13,0.15000000000000002,0.0,0.03696428571428571,0.0025,0.04,0.06999999999999999,True,0.7795026844761787,independent_direct_policy_rollout,15,adaptive_research_candidate
13,0.16,0.0,0.03696428571428571,0.0025,0.04,0.06999999999999999,True,0.7795026844761787,independent_direct_policy_rollout,16,adaptive_research_candidate
13,0.17,0.0,0.03696428571428571,0.0025,0.04,0.06999999999999999,True,0.7795026844761787,independent_direct_policy_rollout,17,adaptive_research_candidate
13,0.18000000000000002,0.0,0.03696428571428571,0.0025,0.04,0.06999999999999999,True,0.7795026844761787,independent_direct_policy_rollout,18,adaptive_research_candidate
13,0.19,0.007142857142857143,0.03696428571428571,0.0025,0.04,0.06999999999999999,True,0.7795026844761787,independent_direct_policy_rollout,19,adaptive_research_candidate
13,0.2,0.004761904761904762,0.03696428571428571,0.0025,0.04,0.06999999999999999,True,0.7795026844761787,independent_direct_policy_rollout,20,adaptive_research_candidate
14,0.0025,0.36666666666666664,0.05882142857142857,0.0025,0.060000000000000005,0.16,True,0.7615630796922358,independent_direct_policy_rollout,0,adaptive_research_candidate
14,0.01,0.009523809523809525,0.05882142857142857,0.0025,0.060000000000000005,0.16,True,0.7615630796922358,independent_direct_policy_rollout,1,adaptive_research_candidate
14,0.02,0.0,0.05882142857142857,0.0025,0.060000000000000005,0.16,True,0.7615630796922358,independent_direct_policy_rollout,2,adaptive_research_candidate
14,0.03,0.007142857142857143,0.05882142857142857,0.0025,0.060000000000000005,0.16,True,0.7615630796922358,independent_direct_policy_rollout,3,adaptive_research_candidate
14,0.04,0.08571428571428572,0.05882142857142857,0.0025,0.060000000000000005,0.16,True,0.7615630796922358,independent_direct_policy_rollout,4,adaptive_research_candidate
14,0.05,0.0,0.05882142857142857,0.0025,0.060000000000000005,0.16,True,0.7615630796922358,independent_direct_policy_rollout,5,adaptive_research_candidate
14,0.060000000000000005,0.2833333333333333,0.05882142857142857,0.0025,0.060000000000000005,0.16,True,0.7615630796922358,independent_direct_policy_rollout,6,adaptive_research_candidate
14,0.06999999999999999,0.0,0.05882142857142857,0.0025,0.060000000000000005,0.16,True,0.7615630796922358,independent_direct_policy_rollout,7,adaptive_research_candidate
14,0.08,0.0,0.05882142857142857,0.0025,0.060000000000000005,0.16,True,0.7615630796922358,independent_direct_policy_rollout,8,adaptive_research_candidate
14,0.09,0.01904761904761905,0.05882142857142857,0.0025,0.060000000000000005,0.16,True,0.7615630796922358,independent_direct_policy_rollout,9,adaptive_research_candidate
14,0.09999999999999999,0.007142857142857143,0.05882142857142857,0.0025,0.060000000000000005,0.16,True,0.7615630796922358,independent_direct_policy_rollout,10,adaptive_research_candidate
14,0.11,0.0,0.05882142857142857,0.0025,0.060000000000000005,0.16,True,0.7615630796922358,independent_direct_policy_rollout,11,adaptive_research_candidate
14,0.12,0.002380952380952381,0.05882142857142857,0.0025,0.060000000000000005,0.16,True,0.7615630796922358,independent_direct_policy_rollout,12,adaptive_research_candidate
14,0.13,0.0,0.05882142857142857,0.0025,0.060000000000000005,0.16,True,0.7615630796922358,independent_direct_policy_rollout,13,adaptive_research_candidate
14,0.14,0.02857142857142857,0.05882142857142857,0.0025,0.060000000000000005,0.16,True,0.7615630796922358,independent_direct_policy_rollout,14,adaptive_research_candidate
14,0.15000000000000002,0.002380952380952381,0.05882142857142857,0.0025,0.060000000000000005,0.16,True,0.7615630796922358,independent_direct_policy_rollout,15,adaptive_research_candidate
14,0.16,0.1880952380952381,0.05882142857142857,0.0025,0.060000000000000005,0.16,True,0.7615630796922358,independent_direct_policy_rollout,16,adaptive_research_candidate
14,0.17,0.0,0.05882142857142857,0.0025,0.060000000000000005,0.16,True,0.7615630796922358,independent_direct_policy_rollout,17,adaptive_research_candidate
14,0.18000000000000002,0.0,0.05882142857142857,0.0025,0.060000000000000005,0.16,True,0.7615630796922358,independent_direct_policy_rollout,18,adaptive_research_candidate
14,0.19,0.0,0.05882142857142857,0.0025,0.060000000000000005,0.16,True,0.7615630796922358,independent_direct_policy_rollout,19,adaptive_research_candidate
14,0.2,0.0,0.05882142857142857,0.0025,0.060000000000000005,0.16,True,0.7615630796922358,independent_direct_policy_rollout,20,adaptive_research_candidate
15,0.0025,0.44761904761904764,0.07011904761904762,0.0025,0.060000000000000005,0.15000000000000002,True,0.7401228095503863,independent_direct_policy_rollout,0,adaptive_research_candidate
15,0.01,0.009523809523809525,0.07011904761904762,0.0025,0.060000000000000005,0.15000000000000002,True,0.7401228095503863,independent_direct_policy_rollout,1,adaptive_research_candidate
15,0.02,0.0,0.07011904761904762,0.0025,0.060000000000000005,0.15000000000000002,True,0.7401228095503863,independent_direct_policy_rollout,2,adaptive_research_candidate
15,0.03,0.0,0.07011904761904762,0.0025,0.060000000000000005,0.15000000000000002,True,0.7401228095503863,independent_direct_policy_rollout,3,adaptive_research_candidate
15,0.04,0.0,0.07011904761904762,0.0025,0.060000000000000005,0.15000000000000002,True,0.7401228095503863,independent_direct_policy_rollout,4,adaptive_research_candidate
15,0.05,0.0,0.07011904761904762,0.0025,0.060000000000000005,0.15000000000000002,True,0.7401228095503863,independent_direct_policy_rollout,5,adaptive_research_candidate
15,0.060000000000000005,0.11190476190476191,0.07011904761904762,0.0025,0.060000000000000005,0.15000000000000002,True,0.7401228095503863,independent_direct_policy_rollout,6,adaptive_research_candidate
15,0.06999999999999999,0.004761904761904762,0.07011904761904762,0.0025,0.060000000000000005,0.15000000000000002,True,0.7401228095503863,independent_direct_policy_rollout,7,adaptive_research_candidate
15,0.08,0.0,0.07011904761904762,0.0025,0.060000000000000005,0.15000000000000002,True,0.7401228095503863,independent_direct_policy_rollout,8,adaptive_research_candidate
15,0.09,0.0,0.07011904761904762,0.0025,0.060000000000000005,0.15000000000000002,True,0.7401228095503863,independent_direct_policy_rollout,9,adaptive_research_candidate
15,0.09999999999999999,0.0380952380952381,0.07011904761904762,0.0025,0.060000000000000005,0.15000000000000002,True,0.7401228095503863,independent_direct_policy_rollout,10,adaptive_research_candidate
15,0.11,0.0,0.07011904761904762,0.0025,0.060000000000000005,0.15000000000000002,True,0.7401228095503863,independent_direct_policy_rollout,11,adaptive_research_candidate
15,0.12,0.0,0.07011904761904762,0.0025,0.060000000000000005,0.15000000000000002,True,0.7401228095503863,independent_direct_policy_rollout,12,adaptive_research_candidate
15,0.13,0.0,0.07011904761904762,0.0025,0.060000000000000005,0.15000000000000002,True,0.7401228095503863,independent_direct_policy_rollout,13,adaptive_research_candidate
15,0.14,0.016666666666666666,0.07011904761904762,0.0025,0.060000000000000005,0.15000000000000002,True,0.7401228095503863,independent_direct_policy_rollout,14,adaptive_research_candidate
15,0.15000000000000002,0.37142857142857144,0.07011904761904762,0.0025,0.060000000000000005,0.15000000000000002,True,0.7401228095503863,independent_direct_policy_rollout,15,adaptive_research_candidate
15,0.16,0.0,0.07011904761904762,0.0025,0.060000000000000005,0.15000000000000002,True,0.7401228095503863,independent_direct_policy_rollout,16,adaptive_research_candidate
15,0.17,0.0,0.07011904761904762,0.0025,0.060000000000000005,0.15000000000000002,True,0.7401228095503863,independent_direct_policy_rollout,17,adaptive_research_candidate
15,0.18000000000000002,0.0,0.07011904761904762,0.0025,0.060000000000000005,0.15000000000000002,True,0.7401228095503863,independent_direct_policy_rollout,18,adaptive_research_candidate
15,0.19,0.0,0.07011904761904762,0.0025,0.060000000000000005,0.15000000000000002,True,0.7401228095503863,independent_direct_policy_rollout,19,adaptive_research_candidate
15,0.2,0.0,0.07011904761904762,0.0025,0.060000000000000005,0.15000000000000002,True,0.7401228095503863,independent_direct_policy_rollout,20,adaptive_research_candidate
16,0.0025,0.1976190476190476,0.06851785714285713,0.0025,0.08,0.08,True,0.7230405659484813,independent_direct_policy_rollout,0,adaptive_research_candidate
16,0.01,0.0,0.06851785714285713,0.0025,0.08,0.08,True,0.7230405659484813,independent_direct_policy_rollout,1,adaptive_research_candidate
16,0.02,0.0,0.06851785714285713,0.0025,0.08,0.08,True,0.7230405659484813,independent_direct_policy_rollout,2,adaptive_research_candidate
16,0.03,0.0,0.06851785714285713,0.0025,0.08,0.08,True,0.7230405659484813,independent_direct_policy_rollout,3,adaptive_research_candidate
16,0.04,0.0,0.06851785714285713,0.0025,0.08,0.08,True,0.7230405659484813,independent_direct_policy_rollout,4,adaptive_research_candidate
16,0.05,0.0,0.06851785714285713,0.0025,0.08,0.08,True,0.7230405659484813,independent_direct_policy_rollout,5,adaptive_research_candidate
16,0.060000000000000005,0.009523809523809525,0.06851785714285713,0.0025,0.08,0.08,True,0.7230405659484813,independent_direct_policy_rollout,6,adaptive_research_candidate
16,0.06999999999999999,0.19047619047619047,0.06851785714285713,0.0025,0.08,0.08,True,0.7230405659484813,independent_direct_policy_rollout,7,adaptive_research_candidate
16,0.08,0.5119047619047619,0.06851785714285713,0.0025,0.08,0.08,True,0.7230405659484813,independent_direct_policy_rollout,8,adaptive_research_candidate
16,0.09,0.0,0.06851785714285713,0.0025,0.08,0.08,True,0.7230405659484813,independent_direct_policy_rollout,9,adaptive_research_candidate
16,0.09999999999999999,0.0,0.06851785714285713,0.0025,0.08,0.08,True,0.7230405659484813,independent_direct_policy_rollout,10,adaptive_research_candidate
16,0.11,0.04285714285714286,0.06851785714285713,0.0025,0.08,0.08,True,0.7230405659484813,independent_direct_policy_rollout,11,adaptive_research_candidate
16,0.12,0.0,0.06851785714285713,0.0025,0.08,0.08,True,0.7230405659484813,independent_direct_policy_rollout,12,adaptive_research_candidate
16,0.13,0.002380952380952381,0.06851785714285713,0.0025,0.08,0.08,True,0.7230405659484813,independent_direct_policy_rollout,13,adaptive_research_candidate
16,0.14,0.0,0.06851785714285713,0.0025,0.08,0.08,True,0.7230405659484813,independent_direct_policy_rollout,14,adaptive_research_candidate
16,0.15000000000000002,0.0,0.06851785714285713,0.0025,0.08,0.08,True,0.7230405659484813,independent_direct_policy_rollout,15,adaptive_research_candidate
16,0.16,0.0,0.06851785714285713,0.0025,0.08,0.08,True,0.7230405659484813,independent_direct_policy_rollout,16,adaptive_research_candidate
16,0.17,0.0,0.06851785714285713,0.0025,0.08,0.08,True,0.7230405659484813,independent_direct_policy_rollout,17,adaptive_research_candidate
16,0.18000000000000002,0.04523809523809524,0.06851785714285713,0.0025,0.08,0.08,True,0.7230405659484813,independent_direct_policy_rollout,18,adaptive_research_candidate
16,0.19,0.0,0.06851785714285713,0.0025,0.08,0.08,True,0.7230405659484813,independent_direct_policy_rollout,19,adaptive_research_candidate
16,0.2,0.0,0.06851785714285713,0.0025,0.08,0.08,True,0.7230405659484813,independent_direct_policy_rollout,20,adaptive_research_candidate
17,0.0025,0.05238095238095238,0.0711547619047619,0.03,0.09,0.09,True,0.7040269397722309,independent_direct_policy_rollout,0,adaptive_research_candidate
17,0.01,0.007142857142857143,0.0711547619047619,0.03,0.09,0.09,True,0.7040269397722309,independent_direct_policy_rollout,1,adaptive_research_candidate
17,0.02,0.0,0.0711547619047619,0.03,0.09,0.09,True,0.7040269397722309,independent_direct_policy_rollout,2,adaptive_research_candidate
17,0.03,0.05714285714285714,0.0711547619047619,0.03,0.09,0.09,True,0.7040269397722309,independent_direct_policy_rollout,3,adaptive_research_candidate
17,0.04,0.007142857142857143,0.0711547619047619,0.03,0.09,0.09,True,0.7040269397722309,independent_direct_policy_rollout,4,adaptive_research_candidate
17,0.05,0.29523809523809524,0.0711547619047619,0.03,0.09,0.09,True,0.7040269397722309,independent_direct_policy_rollout,5,adaptive_research_candidate
17,0.060000000000000005,0.0,0.0711547619047619,0.03,0.09,0.09,True,0.7040269397722309,independent_direct_policy_rollout,6,adaptive_research_candidate
17,0.06999999999999999,0.01904761904761905,0.0711547619047619,0.03,0.09,0.09,True,0.7040269397722309,independent_direct_policy_rollout,7,adaptive_research_candidate
17,0.08,0.0,0.0711547619047619,0.03,0.09,0.09,True,0.7040269397722309,independent_direct_policy_rollout,8,adaptive_research_candidate
17,0.09,0.5047619047619047,0.0711547619047619,0.03,0.09,0.09,True,0.7040269397722309,independent_direct_policy_rollout,9,adaptive_research_candidate
17,0.09999999999999999,0.0,0.0711547619047619,0.03,0.09,0.09,True,0.7040269397722309,independent_direct_policy_rollout,10,adaptive_research_candidate
17,0.11,0.0380952380952381,0.0711547619047619,0.03,0.09,0.09,True,0.7040269397722309,independent_direct_policy_rollout,11,adaptive_research_candidate
17,0.12,0.0,0.0711547619047619,0.03,0.09,0.09,True,0.7040269397722309,independent_direct_policy_rollout,12,adaptive_research_candidate
17,0.13,0.0,0.0711547619047619,0.03,0.09,0.09,True,0.7040269397722309,independent_direct_policy_rollout,13,adaptive_research_candidate
17,0.14,0.0,0.0711547619047619,0.03,0.09,0.09,True,0.7040269397722309,independent_direct_policy_rollout,14,adaptive_research_candidate
17,0.15000000000000002,0.009523809523809525,0.0711547619047619,0.03,0.09,0.09,True,0.7040269397722309,independent_direct_policy_rollout,15,adaptive_research_candidate
17,0.16,0.0,0.0711547619047619,0.03,0.09,0.09,True,0.7040269397722309,independent_direct_policy_rollout,16,adaptive_research_candidate
17,0.17,0.0,0.0711547619047619,0.03,0.09,0.09,True,0.7040269397722309,independent_direct_policy_rollout,17,adaptive_research_candidate
17,0.18000000000000002,0.0,0.0711547619047619,0.03,0.09,0.09,True,0.7040269397722309,independent_direct_policy_rollout,18,adaptive_research_candidate
17,0.19,0.009523809523809525,0.0711547619047619,0.03,0.09,0.09,True,0.7040269397722309,independent_direct_policy_rollout,19,adaptive_research_candidate
17,0.2,0.0,0.0711547619047619,0.03,0.09,0.09,True,0.7040269397722309,independent_direct_policy_rollout,20,adaptive_research_candidate
18,0.0025,0.06428571428571428,0.12635119047619048,0.08,0.11,0.19,True,0.6777583593289337,independent_direct_policy_rollout,0,adaptive_research_candidate
18,0.01,0.009523809523809525,0.12635119047619048,0.08,0.11,0.19,True,0.6777583593289337,independent_direct_policy_rollout,1,adaptive_research_candidate
18,0.02,0.0,0.12635119047619048,0.08,0.11,0.19,True,0.6777583593289337,independent_direct_policy_rollout,2,adaptive_research_candidate
18,0.03,0.0,0.12635119047619048,0.08,0.11,0.19,True,0.6777583593289337,independent_direct_policy_rollout,3,adaptive_research_candidate
18,0.04,0.0,0.12635119047619048,0.08,0.11,0.19,True,0.6777583593289337,independent_direct_policy_rollout,4,adaptive_research_candidate
18,0.05,0.0,0.12635119047619048,0.08,0.11,0.19,True,0.6777583593289337,independent_direct_policy_rollout,5,adaptive_research_candidate
18,0.060000000000000005,0.0,0.12635119047619048,0.08,0.11,0.19,True,0.6777583593289337,independent_direct_policy_rollout,6,adaptive_research_candidate
18,0.06999999999999999,0.0,0.12635119047619048,0.08,0.11,0.19,True,0.6777583593289337,independent_direct_policy_rollout,7,adaptive_research_candidate
18,0.08,0.29523809523809524,0.12635119047619048,0.08,0.11,0.19,True,0.6777583593289337,independent_direct_policy_rollout,8,adaptive_research_candidate
18,0.09,0.0,0.12635119047619048,0.08,0.11,0.19,True,0.6777583593289337,independent_direct_policy_rollout,9,adaptive_research_candidate
18,0.09999999999999999,0.0,0.12635119047619048,0.08,0.11,0.19,True,0.6777583593289337,independent_direct_policy_rollout,10,adaptive_research_candidate
18,0.11,0.2119047619047619,0.12635119047619048,0.08,0.11,0.19,True,0.6777583593289337,independent_direct_policy_rollout,11,adaptive_research_candidate
18,0.12,0.0,0.12635119047619048,0.08,0.11,0.19,True,0.6777583593289337,independent_direct_policy_rollout,12,adaptive_research_candidate
18,0.13,0.0,0.12635119047619048,0.08,0.11,0.19,True,0.6777583593289337,independent_direct_policy_rollout,13,adaptive_research_candidate
18,0.14,0.0,0.12635119047619048,0.08,0.11,0.19,True,0.6777583593289337,independent_direct_policy_rollout,14,adaptive_research_candidate
18,0.15000000000000002,0.0,0.12635119047619048,0.08,0.11,0.19,True,0.6777583593289337,independent_direct_policy_rollout,15,adaptive_research_candidate
18,0.16,0.016666666666666666,0.12635119047619048,0.08,0.11,0.19,True,0.6777583593289337,independent_direct_policy_rollout,16,adaptive_research_candidate
18,0.17,0.0,0.12635119047619048,0.08,0.11,0.19,True,0.6777583593289337,independent_direct_policy_rollout,17,adaptive_research_candidate
18,0.18000000000000002,0.0,0.12635119047619048,0.08,0.11,0.19,True,0.6777583593289337,independent_direct_policy_rollout,18,adaptive_research_candidate
18,0.19,0.3976190476190476,0.12635119047619048,0.08,0.11,0.19,True,0.6777583593289337,independent_direct_policy_rollout,19,adaptive_research_candidate
18,0.2,0.004761904761904762,0.12635119047619048,0.08,0.11,0.19,True,0.6777583593289337,independent_direct_policy_rollout,20,adaptive_research_candidate
19,0.0025,0.1380952380952381,0.11636904761904762,0.0025,0.13,0.18000000000000002,True,0.6584679948561061,independent_direct_policy_rollout,0,adaptive_research_candidate
19,0.01,0.023809523809523808,0.11636904761904762,0.0025,0.13,0.18000000000000002,True,0.6584679948561061,independent_direct_policy_rollout,1,adaptive_research_candidate
19,0.02,0.0,0.11636904761904762,0.0025,0.13,0.18000000000000002,True,0.6584679948561061,independent_direct_policy_rollout,2,adaptive_research_candidate
19,0.03,0.002380952380952381,0.11636904761904762,0.0025,0.13,0.18000000000000002,True,0.6584679948561061,independent_direct_policy_rollout,3,adaptive_research_candidate
19,0.04,0.0,0.11636904761904762,0.0025,0.13,0.18000000000000002,True,0.6584679948561061,independent_direct_policy_rollout,4,adaptive_research_candidate
19,0.05,0.0,0.11636904761904762,0.0025,0.13,0.18000000000000002,True,0.6584679948561061,independent_direct_policy_rollout,5,adaptive_research_candidate
19,0.060000000000000005,0.0,0.11636904761904762,0.0025,0.13,0.18000000000000002,True,0.6584679948561061,independent_direct_policy_rollout,6,adaptive_research_candidate
19,0.06999999999999999,0.0,0.11636904761904762,0.0025,0.13,0.18000000000000002,True,0.6584679948561061,independent_direct_policy_rollout,7,adaptive_research_candidate
19,0.08,0.0,0.11636904761904762,0.0025,0.13,0.18000000000000002,True,0.6584679948561061,independent_direct_policy_rollout,8,adaptive_research_candidate
19,0.09,0.0,0.11636904761904762,0.0025,0.13,0.18000000000000002,True,0.6584679948561061,independent_direct_policy_rollout,9,adaptive_research_candidate
19,0.09999999999999999,0.0,0.11636904761904762,0.0025,0.13,0.18000000000000002,True,0.6584679948561061,independent_direct_policy_rollout,10,adaptive_research_candidate
19,0.11,0.08571428571428572,0.11636904761904762,0.0025,0.13,0.18000000000000002,True,0.6584679948561061,independent_direct_policy_rollout,11,adaptive_research_candidate
19,0.12,0.09761904761904762,0.11636904761904762,0.0025,0.13,0.18000000000000002,True,0.6584679948561061,independent_direct_policy_rollout,12,adaptive_research_candidate
19,0.13,0.4595238095238095,0.11636904761904762,0.0025,0.13,0.18000000000000002,True,0.6584679948561061,independent_direct_policy_rollout,13,adaptive_research_candidate
19,0.14,0.007142857142857143,0.11636904761904762,0.0025,0.13,0.18000000000000002,True,0.6584679948561061,independent_direct_policy_rollout,14,adaptive_research_candidate
19,0.15000000000000002,0.0,0.11636904761904762,0.0025,0.13,0.18000000000000002,True,0.6584679948561061,independent_direct_policy_rollout,15,adaptive_research_candidate
19,0.16,0.002380952380952381,0.11636904761904762,0.0025,0.13,0.18000000000000002,True,0.6584679948561061,independent_direct_policy_rollout,16,adaptive_research_candidate
19,0.17,0.0,0.11636904761904762,0.0025,0.13,0.18000000000000002,True,0.6584679948561061,independent_direct_policy_rollout,17,adaptive_research_candidate
19,0.18000000000000002,0.1380952380952381,0.11636904761904762,0.0025,0.13,0.18000000000000002,True,0.6584679948561061,independent_direct_policy_rollout,18,adaptive_research_candidate
19,0.19,0.04523809523809524,0.11636904761904762,0.0025,0.13,0.18000000000000002,True,0.6584679948561061,independent_direct_policy_rollout,19,adaptive_research_candidate
19,0.2,0.0,0.11636904761904762,0.0025,0.13,0.18000000000000002,True,0.6584679948561061,independent_direct_policy_rollout,20,adaptive_research_candidate
20,0.0025,0.14761904761904762,0.11941666666666667,0.0025,0.11,0.18000000000000002,True,0.6407866120267846,independent_direct_policy_rollout,0,adaptive_research_candidate
20,0.01,0.002380952380952381,0.11941666666666667,0.0025,0.11,0.18000000000000002,True,0.6407866120267846,independent_direct_policy_rollout,1,adaptive_research_candidate
20,0.02,0.0,0.11941666666666667,0.0025,0.11,0.18000000000000002,True,0.6407866120267846,independent_direct_policy_rollout,2,adaptive_research_candidate
20,0.03,0.0,0.11941666666666667,0.0025,0.11,0.18000000000000002,True,0.6407866120267846,independent_direct_policy_rollout,3,adaptive_research_candidate
20,0.04,0.007142857142857143,0.11941666666666667,0.0025,0.11,0.18000000000000002,True,0.6407866120267846,independent_direct_policy_rollout,4,adaptive_research_candidate
20,0.05,0.0,0.11941666666666667,0.0025,0.11,0.18000000000000002,True,0.6407866120267846,independent_direct_policy_rollout,5,adaptive_research_candidate
20,0.060000000000000005,0.0,0.11941666666666667,0.0025,0.11,0.18000000000000002,True,0.6407866120267846,independent_direct_policy_rollout,6,adaptive_research_candidate
20,0.06999999999999999,0.0,0.11941666666666667,0.0025,0.11,0.18000000000000002,True,0.6407866120267846,independent_direct_policy_rollout,7,adaptive_research_candidate
20,0.08,0.0,0.11941666666666667,0.0025,0.11,0.18000000000000002,True,0.6407866120267846,independent_direct_policy_rollout,8,adaptive_research_candidate
20,0.09,0.007142857142857143,0.11941666666666667,0.0025,0.11,0.18000000000000002,True,0.6407866120267846,independent_direct_policy_rollout,9,adaptive_research_candidate
20,0.09999999999999999,0.0,0.11941666666666667,0.0025,0.11,0.18000000000000002,True,0.6407866120267846,independent_direct_policy_rollout,10,adaptive_research_candidate
20,0.11,0.45476190476190476,0.11941666666666667,0.0025,0.11,0.18000000000000002,True,0.6407866120267846,independent_direct_policy_rollout,11,adaptive_research_candidate
20,0.12,0.0,0.11941666666666667,0.0025,0.11,0.18000000000000002,True,0.6407866120267846,independent_direct_policy_rollout,12,adaptive_research_candidate
20,0.13,0.0,0.11941666666666667,0.0025,0.11,0.18000000000000002,True,0.6407866120267846,independent_direct_policy_rollout,13,adaptive_research_candidate
20,0.14,0.0,0.11941666666666667,0.0025,0.11,0.18000000000000002,True,0.6407866120267846,independent_direct_policy_rollout,14,adaptive_research_candidate
20,0.15000000000000002,0.0,0.11941666666666667,0.0025,0.11,0.18000000000000002,True,0.6407866120267846,independent_direct_policy_rollout,15,adaptive_research_candidate
20,0.16,0.0,0.11941666666666667,0.0025,0.11,0.18000000000000002,True,0.6407866120267846,independent_direct_policy_rollout,16,adaptive_research_candidate
20,0.17,0.05238095238095238,0.11941666666666667,0.0025,0.11,0.18000000000000002,True,0.6407866120267846,independent_direct_policy_rollout,17,adaptive_research_candidate
20,0.18000000000000002,0.3261904761904762,0.11941666666666667,0.0025,0.11,0.18000000000000002,True,0.6407866120267846,independent_direct_policy_rollout,18,adaptive_research_candidate
20,0.19,0.002380952380952381,0.11941666666666667,0.0025,0.11,0.18000000000000002,True,0.6407866120267846,independent_direct_policy_rollout,19,adaptive_research_candidate
20,0.2,0.0,0.11941666666666667,0.0025,0.11,0.18000000000000002,True,0.6407866120267846,independent_direct_policy_rollout,20,adaptive_research_candidate
21,0.0025,0.6238095238095238,0.04120238095238095,0.0025,0.0025,0.18000000000000002,True,0.6220489927768675,independent_direct_policy_rollout,0,adaptive_research_candidate
21,0.01,0.0,0.04120238095238095,0.0025,0.0025,0.18000000000000002,True,0.6220489927768675,independent_direct_policy_rollout,1,adaptive_research_candidate
21,0.02,0.11666666666666667,0.04120238095238095,0.0025,0.0025,0.18000000000000002,True,0.6220489927768675,independent_direct_policy_rollout,2,adaptive_research_candidate
21,0.03,0.0,0.04120238095238095,0.0025,0.0025,0.18000000000000002,True,0.6220489927768675,independent_direct_policy_rollout,3,adaptive_research_candidate
21,0.04,0.002380952380952381,0.04120238095238095,0.0025,0.0025,0.18000000000000002,True,0.6220489927768675,independent_direct_policy_rollout,4,adaptive_research_candidate
21,0.05,0.0,0.04120238095238095,0.0025,0.0025,0.18000000000000002,True,0.6220489927768675,independent_direct_policy_rollout,5,adaptive_research_candidate
21,0.060000000000000005,0.0,0.04120238095238095,0.0025,0.0025,0.18000000000000002,True,0.6220489927768675,independent_direct_policy_rollout,6,adaptive_research_candidate
21,0.06999999999999999,0.0,0.04120238095238095,0.0025,0.0025,0.18000000000000002,True,0.6220489927768675,independent_direct_policy_rollout,7,adaptive_research_candidate
21,0.08,0.0,0.04120238095238095,0.0025,0.0025,0.18000000000000002,True,0.6220489927768675,independent_direct_policy_rollout,8,adaptive_research_candidate
21,0.09,0.016666666666666666,0.04120238095238095,0.0025,0.0025,0.18000000000000002,True,0.6220489927768675,independent_direct_policy_rollout,9,adaptive_research_candidate
21,0.09999999999999999,0.0,0.04120238095238095,0.0025,0.0025,0.18000000000000002,True,0.6220489927768675,independent_direct_policy_rollout,10,adaptive_research_candidate
21,0.11,0.06904761904761905,0.04120238095238095,0.0025,0.0025,0.18000000000000002,True,0.6220489927768675,independent_direct_policy_rollout,11,adaptive_research_candidate
21,0.12,0.047619047619047616,0.04120238095238095,0.0025,0.0025,0.18000000000000002,True,0.6220489927768675,independent_direct_policy_rollout,12,adaptive_research_candidate
21,0.13,0.0,0.04120238095238095,0.0025,0.0025,0.18000000000000002,True,0.6220489927768675,independent_direct_policy_rollout,13,adaptive_research_candidate
21,0.14,0.0,0.04120238095238095,0.0025,0.0025,0.18000000000000002,True,0.6220489927768675,independent_direct_policy_rollout,14,adaptive_research_candidate
21,0.15000000000000002,0.0,0.04120238095238095,0.0025,0.0025,0.18000000000000002,True,0.6220489927768675,independent_direct_policy_rollout,15,adaptive_research_candidate
21,0.16,0.0,0.04120238095238095,0.0025,0.0025,0.18000000000000002,True,0.6220489927768675,independent_direct_policy_rollout,16,adaptive_research_candidate
21,0.17,0.007142857142857143,0.04120238095238095,0.0025,0.0025,0.18000000000000002,True,0.6220489927768675,independent_direct_policy_rollout,17,adaptive_research_candidate
21,0.18000000000000002,0.10714285714285714,0.04120238095238095,0.0025,0.0025,0.18000000000000002,True,0.6220489927768675,independent_direct_policy_rollout,18,adaptive_research_candidate
21,0.19,0.0,0.04120238095238095,0.0025,0.0025,0.18000000000000002,True,0.6220489927768675,independent_direct_policy_rollout,19,adaptive_research_candidate
21,0.2,0.009523809523809525,0.04120238095238095,0.0025,0.0025,0.18000000000000002,True,0.6220489927768675,independent_direct_policy_rollout,20,adaptive_research_candidate
22,0.0025,0.819047619047619,0.014857142857142857,0.0025,0.0025,0.02,True,0.5982066182887941,independent_direct_policy_rollout,0,adaptive_research_candidate
22,0.01,0.03571428571428571,0.014857142857142857,0.0025,0.0025,0.02,True,0.5982066182887941,independent_direct_policy_rollout,1,adaptive_research_candidate
22,0.02,0.07142857142857142,0.014857142857142857,0.0025,0.0025,0.02,True,0.5982066182887941,independent_direct_policy_rollout,2,adaptive_research_candidate
22,0.03,0.0,0.014857142857142857,0.0025,0.0025,0.02,True,0.5982066182887941,independent_direct_policy_rollout,3,adaptive_research_candidate
22,0.04,0.0,0.014857142857142857,0.0025,0.0025,0.02,True,0.5982066182887941,independent_direct_policy_rollout,4,adaptive_research_candidate
22,0.05,0.0,0.014857142857142857,0.0025,0.0025,0.02,True,0.5982066182887941,independent_direct_policy_rollout,5,adaptive_research_candidate
22,0.060000000000000005,0.0,0.014857142857142857,0.0025,0.0025,0.02,True,0.5982066182887941,independent_direct_policy_rollout,6,adaptive_research_candidate
22,0.06999999999999999,0.002380952380952381,0.014857142857142857,0.0025,0.0025,0.02,True,0.5982066182887941,independent_direct_policy_rollout,7,adaptive_research_candidate
22,0.08,0.0,0.014857142857142857,0.0025,0.0025,0.02,True,0.5982066182887941,independent_direct_policy_rollout,8,adaptive_research_candidate
22,0.09,0.0,0.014857142857142857,0.0025,0.0025,0.02,True,0.5982066182887941,independent_direct_policy_rollout,9,adaptive_research_candidate
22,0.09999999999999999,0.007142857142857143,0.014857142857142857,0.0025,0.0025,0.02,True,0.5982066182887941,independent_direct_policy_rollout,10,adaptive_research_candidate
22,0.11,0.0,0.014857142857142857,0.0025,0.0025,0.02,True,0.5982066182887941,independent_direct_policy_rollout,11,adaptive_research_candidate
22,0.12,0.0,0.014857142857142857,0.0025,0.0025,0.02,True,0.5982066182887941,independent_direct_policy_rollout,12,adaptive_research_candidate
22,0.13,0.02857142857142857,0.014857142857142857,0.0025,0.0025,0.02,True,0.5982066182887941,independent_direct_policy_rollout,13,adaptive_research_candidate
22,0.14,0.007142857142857143,0.014857142857142857,0.0025,0.0025,0.02,True,0.5982066182887941,independent_direct_policy_rollout,14,adaptive_research_candidate
22,0.15000000000000002,0.0,0.014857142857142857,0.0025,0.0025,0.02,True,0.5982066182887941,independent_direct_policy_rollout,15,adaptive_research_candidate
22,0.16,0.0,0.014857142857142857,0.0025,0.0025,0.02,True,0.5982066182887941,independent_direct_policy_rollout,16,adaptive_research_candidate
22,0.17,0.0,0.014857142857142857,0.0025,0.0025,0.02,True,0.5982066182887941,independent_direct_policy_rollout,17,adaptive_research_candidate
22,0.18000000000000002,0.0,0.014857142857142857,0.0025,0.0025,0.02,True,0.5982066182887941,independent_direct_policy_rollout,18,adaptive_research_candidate
22,0.19,0.02857142857142857,0.014857142857142857,0.0025,0.0025,0.02,True,0.5982066182887941,independent_direct_policy_rollout,19,adaptive_research_candidate
22,0.2,0.0,0.014857142857142857,0.0025,0.0025,0.02,True,0.5982066182887941,independent_direct_policy_rollout,20,adaptive_research_candidate
23,0.0025,0.8952380952380953,0.014619047619047618,0.0025,0.0025,0.02,True,0.5725655700232024,independent_direct_policy_rollout,0,adaptive_research_candidate
23,0.01,0.0,0.014619047619047618,0.0025,0.0025,0.02,True,0.5725655700232024,independent_direct_policy_rollout,1,adaptive_research_candidate
23,0.02,0.023809523809523808,0.014619047619047618,0.0025,0.0025,0.02,True,0.5725655700232024,independent_direct_policy_rollout,2,adaptive_research_candidate
23,0.03,0.0,0.014619047619047618,0.0025,0.0025,0.02,True,0.5725655700232024,independent_direct_policy_rollout,3,adaptive_research_candidate
23,0.04,0.011904761904761904,0.014619047619047618,0.0025,0.0025,0.02,True,0.5725655700232024,independent_direct_policy_rollout,4,adaptive_research_candidate
23,0.05,0.0,0.014619047619047618,0.0025,0.0025,0.02,True,0.5725655700232024,independent_direct_policy_rollout,5,adaptive_research_candidate
23,0.060000000000000005,0.002380952380952381,0.014619047619047618,0.0025,0.0025,0.02,True,0.5725655700232024,independent_direct_policy_rollout,6,adaptive_research_candidate
23,0.06999999999999999,0.0,0.014619047619047618,0.0025,0.0025,0.02,True,0.5725655700232024,independent_direct_policy_rollout,7,adaptive_research_candidate
23,0.08,0.002380952380952381,0.014619047619047618,0.0025,0.0025,0.02,True,0.5725655700232024,independent_direct_policy_rollout,8,adaptive_research_candidate
23,0.09,0.0,0.014619047619047618,0.0025,0.0025,0.02,True,0.5725655700232024,independent_direct_policy_rollout,9,adaptive_research_candidate
23,0.09999999999999999,0.0,0.014619047619047618,0.0025,0.0025,0.02,True,0.5725655700232024,independent_direct_policy_rollout,10,adaptive_research_candidate
23,0.11,0.004761904761904762,0.014619047619047618,0.0025,0.0025,0.02,True,0.5725655700232024,independent_direct_policy_rollout,11,adaptive_research_candidate
23,0.12,0.0,0.014619047619047618,0.0025,0.0025,0.02,True,0.5725655700232024,independent_direct_policy_rollout,12,adaptive_research_candidate
23,0.13,0.0,0.014619047619047618,0.0025,0.0025,0.02,True,0.5725655700232024,independent_direct_policy_rollout,13,adaptive_research_candidate
23,0.14,0.004761904761904762,0.014619047619047618,0.0025,0.0025,0.02,True,0.5725655700232024,independent_direct_policy_rollout,14,adaptive_research_candidate
23,0.15000000000000002,0.0,0.014619047619047618,0.0025,0.0025,0.02,True,0.5725655700232024,independent_direct_policy_rollout,15,adaptive_research_candidate
23,0.16,0.0,0.014619047619047618,0.0025,0.0025,0.02,True,0.5725655700232024,independent_direct_policy_rollout,16,adaptive_research_candidate
23,0.17,0.0,0.014619047619047618,0.0025,0.0025,0.02,True,0.5725655700232024,independent_direct_policy_rollout,17,adaptive_research_candidate
23,0.18000000000000002,0.05238095238095238,0.014619047619047618,0.0025,0.0025,0.02,True,0.5725655700232024,independent_direct_policy_rollout,18,adaptive_research_candidate
23,0.19,0.0,0.014619047619047618,0.0025,0.0025,0.02,True,0.5725655700232024,independent_direct_policy_rollout,19,adaptive_research_candidate
23,0.2,0.002380952380952381,0.014619047619047618,0.0025,0.0025,0.02,True,0.5725655700232024,independent_direct_policy_rollout,20,adaptive_research_candidate
24,0.0025,0.7928571428571428,0.007815476190476192,0.0025,0.0025,0.02,True,0.5517460246495464,independent_direct_policy_rollout,0,adaptive_research_candidate
24,0.01,0.1,0.007815476190476192,0.0025,0.0025,0.02,True,0.5517460246495464,independent_direct_policy_rollout,1,adaptive_research_candidate
24,0.02,0.0880952380952381,0.007815476190476192,0.0025,0.0025,0.02,True,0.5517460246495464,independent_direct_policy_rollout,2,adaptive_research_candidate
24,0.03,0.0,0.007815476190476192,0.0025,0.0025,0.02,True,0.5517460246495464,independent_direct_policy_rollout,3,adaptive_research_candidate
24,0.04,0.0,0.007815476190476192,0.0025,0.0025,0.02,True,0.5517460246495464,independent_direct_policy_rollout,4,adaptive_research_candidate
24,0.05,0.0,0.007815476190476192,0.0025,0.0025,0.02,True,0.5517460246495464,independent_direct_policy_rollout,5,adaptive_research_candidate
24,0.060000000000000005,0.004761904761904762,0.007815476190476192,0.0025,0.0025,0.02,True,0.5517460246495464,independent_direct_policy_rollout,6,adaptive_research_candidate
24,0.06999999999999999,0.0,0.007815476190476192,0.0025,0.0025,0.02,True,0.5517460246495464,independent_direct_policy_rollout,7,adaptive_research_candidate
24,0.08,0.0,0.007815476190476192,0.0025,0.0025,0.02,True,0.5517460246495464,independent_direct_policy_rollout,8,adaptive_research_candidate
24,0.09,0.0,0.007815476190476192,0.0025,0.0025,0.02,True,0.5517460246495464,independent_direct_policy_rollout,9,adaptive_research_candidate
24,0.09999999999999999,0.0,0.007815476190476192,0.0025,0.0025,0.02,True,0.5517460246495464,independent_direct_policy_rollout,10,adaptive_research_candidate
24,0.11,0.0,0.007815476190476192,0.0025,0.0025,0.02,True,0.5517460246495464,independent_direct_policy_rollout,11,adaptive_research_candidate
24,0.12,0.0,0.007815476190476192,0.0025,0.0025,0.02,True,0.5517460246495464,independent_direct_policy_rollout,12,adaptive_research_candidate
24,0.13,0.0,0.007815476190476192,0.0025,0.0025,0.02,True,0.5517460246495464,independent_direct_policy_rollout,13,adaptive_research_candidate
24,0.14,0.0,0.007815476190476192,0.0025,0.0025,0.02,True,0.5517460246495464,independent_direct_policy_rollout,14,adaptive_research_candidate
24,0.15000000000000002,0.0,0.007815476190476192,0.0025,0.0025,0.02,True,0.5517460246495464,independent_direct_policy_rollout,15,adaptive_research_candidate
24,0.16,0.0,0.007815476190476192,0.0025,0.0025,0.02,True,0.5517460246495464,independent_direct_policy_rollout,16,adaptive_research_candidate
24,0.17,0.0,0.007815476190476192,0.0025,0.0025,0.02,True,0.5517460246495464,independent_direct_policy_rollout,17,adaptive_research_candidate
24,0.18000000000000002,0.0,0.007815476190476192,0.0025,0.0025,0.02,True,0.5517460246495464,independent_direct_policy_rollout,18,adaptive_research_candidate
24,0.19,0.007142857142857143,0.007815476190476192,0.0025,0.0025,0.02,True,0.5517460246495464,independent_direct_policy_rollout,19,adaptive_research_candidate
24,0.2,0.007142857142857143,0.007815476190476192,0.0025,0.0025,0.02,True,0.5517460246495464,independent_direct_policy_rollout,20,adaptive_research_candidate
25,0.0025,0.6523809523809524,0.04036904761904762,0.0025,0.0025,0.19,True,0.5246644139226943,independent_direct_policy_rollout,0,adaptive_research_candidate
25,0.01,0.11428571428571428,0.04036904761904762,0.0025,0.0025,0.19,True,0.5246644139226943,independent_direct_policy_rollout,1,adaptive_research_candidate
25,0.02,0.014285714285714285,0.04036904761904762,0.0025,0.0025,0.19,True,0.5246644139226943,independent_direct_policy_rollout,2,adaptive_research_candidate
25,0.03,0.0,0.04036904761904762,0.0025,0.0025,0.19,True,0.5246644139226943,independent_direct_policy_rollout,3,adaptive_research_candidate
25,0.04,0.007142857142857143,0.04036904761904762,0.0025,0.0025,0.19,True,0.5246644139226943,independent_direct_policy_rollout,4,adaptive_research_candidate
25,0.05,0.011904761904761904,0.04036904761904762,0.0025,0.0025,0.19,True,0.5246644139226943,independent_direct_policy_rollout,5,adaptive_research_candidate
25,0.060000000000000005,0.004761904761904762,0.04036904761904762,0.0025,0.0025,0.19,True,0.5246644139226943,independent_direct_policy_rollout,6,adaptive_research_candidate
25,0.06999999999999999,0.002380952380952381,0.04036904761904762,0.0025,0.0025,0.19,True,0.5246644139226943,independent_direct_policy_rollout,7,adaptive_research_candidate
25,0.08,0.0,0.04036904761904762,0.0025,0.0025,0.19,True,0.5246644139226943,independent_direct_policy_rollout,8,adaptive_research_candidate
25,0.09,0.0,0.04036904761904762,0.0025,0.0025,0.19,True,0.5246644139226943,independent_direct_policy_rollout,9,adaptive_research_candidate
25,0.09999999999999999,0.0,0.04036904761904762,0.0025,0.0025,0.19,True,0.5246644139226943,independent_direct_policy_rollout,10,adaptive_research_candidate
25,0.11,0.0,0.04036904761904762,0.0025,0.0025,0.19,True,0.5246644139226943,independent_direct_policy_rollout,11,adaptive_research_candidate
25,0.12,0.0,0.04036904761904762,0.0025,0.0025,0.19,True,0.5246644139226943,independent_direct_policy_rollout,12,adaptive_research_candidate
25,0.13,0.0,0.04036904761904762,0.0025,0.0025,0.19,True,0.5246644139226943,independent_direct_policy_rollout,13,adaptive_research_candidate
25,0.14,0.0,0.04036904761904762,0.0025,0.0025,0.19,True,0.5246644139226943,independent_direct_policy_rollout,14,adaptive_research_candidate
25,0.15000000000000002,0.016666666666666666,0.04036904761904762,0.0025,0.0025,0.19,True,0.5246644139226943,independent_direct_policy_rollout,15,adaptive_research_candidate
25,0.16,0.0,0.04036904761904762,0.0025,0.0025,0.19,True,0.5246644139226943,independent_direct_policy_rollout,16,adaptive_research_candidate
25,0.17,0.0,0.04036904761904762,0.0025,0.0025,0.19,True,0.5246644139226943,independent_direct_policy_rollout,17,adaptive_research_candidate
25,0.18000000000000002,0.0,0.04036904761904762,0.0025,0.0025,0.19,True,0.5246644139226943,independent_direct_policy_rollout,18,adaptive_research_candidate
25,0.19,0.1761904761904762,0.04036904761904762,0.0025,0.0025,0.19,True,0.5246644139226943,independent_direct_policy_rollout,19,adaptive_research_candidate
25,0.2,0.0,0.04036904761904762,0.0025,0.0025,0.19,True,0.5246644139226943,independent_direct_policy_rollout,20,adaptive_research_candidate
26,0.0025,0.930952380952381,0.007327380952380952,0.0025,0.0025,0.0025,True,0.4995044888512612,independent_direct_policy_rollout,0,adaptive_research_candidate
26,0.01,0.02619047619047619,0.007327380952380952,0.0025,0.0025,0.0025,True,0.4995044888512612,independent_direct_policy_rollout,1,adaptive_research_candidate
26,0.02,0.0,0.007327380952380952,0.0025,0.0025,0.0025,True,0.4995044888512612,independent_direct_policy_rollout,2,adaptive_research_candidate
26,0.03,0.009523809523809525,0.007327380952380952,0.0025,0.0025,0.0025,True,0.4995044888512612,independent_direct_policy_rollout,3,adaptive_research_candidate
26,0.04,0.0,0.007327380952380952,0.0025,0.0025,0.0025,True,0.4995044888512612,independent_direct_policy_rollout,4,adaptive_research_candidate
26,0.05,0.0,0.007327380952380952,0.0025,0.0025,0.0025,True,0.4995044888512612,independent_direct_policy_rollout,5,adaptive_research_candidate
26,0.060000000000000005,0.0,0.007327380952380952,0.0025,0.0025,0.0025,True,0.4995044888512612,independent_direct_policy_rollout,6,adaptive_research_candidate
26,0.06999999999999999,0.0,0.007327380952380952,0.0025,0.0025,0.0025,True,0.4995044888512612,independent_direct_policy_rollout,7,adaptive_research_candidate
26,0.08,0.0,0.007327380952380952,0.0025,0.0025,0.0025,True,0.4995044888512612,independent_direct_policy_rollout,8,adaptive_research_candidate
26,0.09,0.01904761904761905,0.007327380952380952,0.0025,0.0025,0.0025,True,0.4995044888512612,independent_direct_policy_rollout,9,adaptive_research_candidate
26,0.09999999999999999,0.0,0.007327380952380952,0.0025,0.0025,0.0025,True,0.4995044888512612,independent_direct_policy_rollout,10,adaptive_research_candidate
26,0.11,0.0,0.007327380952380952,0.0025,0.0025,0.0025,True,0.4995044888512612,independent_direct_policy_rollout,11,adaptive_research_candidate
26,0.12,0.0,0.007327380952380952,0.0025,0.0025,0.0025,True,0.4995044888512612,independent_direct_policy_rollout,12,adaptive_research_candidate
26,0.13,0.0,0.007327380952380952,0.0025,0.0025,0.0025,True,0.4995044888512612,independent_direct_policy_rollout,13,adaptive_research_candidate
26,0.14,0.0,0.007327380952380952,0.0025,0.0025,0.0025,True,0.4995044888512612,independent_direct_policy_rollout,14,adaptive_research_candidate
26,0.15000000000000002,0.0,0.007327380952380952,0.0025,0.0025,0.0025,True,0.4995044888512612,independent_direct_policy_rollout,15,adaptive_research_candidate
26,0.16,0.0,0.007327380952380952,0.0025,0.0025,0.0025,True,0.4995044888512612,independent_direct_policy_rollout,16,adaptive_research_candidate
26,0.17,0.0,0.007327380952380952,0.0025,0.0025,0.0025,True,0.4995044888512612,independent_direct_policy_rollout,17,adaptive_research_candidate
26,0.18000000000000002,0.0,0.007327380952380952,0.0025,0.0025,0.0025,True,0.4995044888512612,independent_direct_policy_rollout,18,adaptive_research_candidate
26,0.19,0.011904761904761904,0.007327380952380952,0.0025,0.0025,0.0025,True,0.4995044888512612,independent_direct_policy_rollout,19,adaptive_research_candidate
26,0.2,0.002380952380952381,0.007327380952380952,0.0025,0.0025,0.0025,True,0.4995044888512612,independent_direct_policy_rollout,20,adaptive_research_candidate
27,0.0025,0.8,0.014666666666666666,0.0025,0.0025,0.02,True,0.47135438980067224,independent_direct_policy_rollout,0,adaptive_research_candidate
27,0.01,0.0,0.014666666666666666,0.0025,0.0025,0.02,True,0.47135438980067224,independent_direct_policy_rollout,1,adaptive_research_candidate
27,0.02,0.1261904761904762,0.014666666666666666,0.0025,0.0025,0.02,True,0.47135438980067224,independent_direct_policy_rollout,2,adaptive_research_candidate
27,0.03,0.0,0.014666666666666666,0.0025,0.0025,0.02,True,0.47135438980067224,independent_direct_policy_rollout,3,adaptive_research_candidate
27,0.04,0.004761904761904762,0.014666666666666666,0.0025,0.0025,0.02,True,0.47135438980067224,independent_direct_policy_rollout,4,adaptive_research_candidate
27,0.05,0.0,0.014666666666666666,0.0025,0.0025,0.02,True,0.47135438980067224,independent_direct_policy_rollout,5,adaptive_research_candidate
27,0.060000000000000005,0.007142857142857143,0.014666666666666666,0.0025,0.0025,0.02,True,0.47135438980067224,independent_direct_policy_rollout,6,adaptive_research_candidate
27,0.06999999999999999,0.016666666666666666,0.014666666666666666,0.0025,0.0025,0.02,True,0.47135438980067224,independent_direct_policy_rollout,7,adaptive_research_candidate
27,0.08,0.0,0.014666666666666666,0.0025,0.0025,0.02,True,0.47135438980067224,independent_direct_policy_rollout,8,adaptive_research_candidate
27,0.09,0.0,0.014666666666666666,0.0025,0.0025,0.02,True,0.47135438980067224,independent_direct_policy_rollout,9,adaptive_research_candidate
27,0.09999999999999999,0.0,0.014666666666666666,0.0025,0.0025,0.02,True,0.47135438980067224,independent_direct_policy_rollout,10,adaptive_research_candidate
27,0.11,0.0,0.014666666666666666,0.0025,0.0025,0.02,True,0.47135438980067224,independent_direct_policy_rollout,11,adaptive_research_candidate
27,0.12,0.0,0.014666666666666666,0.0025,0.0025,0.02,True,0.47135438980067224,independent_direct_policy_rollout,12,adaptive_research_candidate
27,0.13,0.0,0.014666666666666666,0.0025,0.0025,0.02,True,0.47135438980067224,independent_direct_policy_rollout,13,adaptive_research_candidate
27,0.14,0.0,0.014666666666666666,0.0025,0.0025,0.02,True,0.47135438980067224,independent_direct_policy_rollout,14,adaptive_research_candidate
27,0.15000000000000002,0.0,0.014666666666666666,0.0025,0.0025,0.02,True,0.47135438980067224,independent_direct_policy_rollout,15,adaptive_research_candidate
27,0.16,0.0,0.014666666666666666,0.0025,0.0025,0.02,True,0.47135438980067224,independent_direct_policy_rollout,16,adaptive_research_candidate
27,0.17,0.011904761904761904,0.014666666666666666,0.0025,0.0025,0.02,True,0.47135438980067224,independent_direct_policy_rollout,17,adaptive_research_candidate
27,0.18000000000000002,0.0,0.014666666666666666,0.0025,0.0025,0.02,True,0.47135438980067224,independent_direct_policy_rollout,18,adaptive_research_candidate
27,0.19,0.03333333333333333,0.014666666666666666,0.0025,0.0025,0.02,True,0.47135438980067224,independent_direct_policy_rollout,19,adaptive_research_candidate
27,0.2,0.0,0.014666666666666666,0.0025,0.0025,0.02,True,0.47135438980067224,independent_direct_policy_rollout,20,adaptive_research_candidate
28,0.0025,0.8404761904761905,0.02255357142857143,0.0025,0.0025,0.06999999999999999,True,0.44094958009080526,independent_direct_policy_rollout,0,adaptive_research_candidate
28,0.01,0.002380952380952381,0.02255357142857143,0.0025,0.0025,0.06999999999999999,True,0.44094958009080526,independent_direct_policy_rollout,1,adaptive_research_candidate
28,0.02,0.0,0.02255357142857143,0.0025,0.0025,0.06999999999999999,True,0.44094958009080526,independent_direct_policy_rollout,2,adaptive_research_candidate
28,0.03,0.0,0.02255357142857143,0.0025,0.0025,0.06999999999999999,True,0.44094958009080526,independent_direct_policy_rollout,3,adaptive_research_candidate
28,0.04,0.047619047619047616,0.02255357142857143,0.0025,0.0025,0.06999999999999999,True,0.44094958009080526,independent_direct_policy_rollout,4,adaptive_research_candidate
28,0.05,0.0,0.02255357142857143,0.0025,0.0025,0.06999999999999999,True,0.44094958009080526,independent_direct_policy_rollout,5,adaptive_research_candidate
28,0.060000000000000005,0.0,0.02255357142857143,0.0025,0.0025,0.06999999999999999,True,0.44094958009080526,independent_direct_policy_rollout,6,adaptive_research_candidate
28,0.06999999999999999,0.014285714285714285,0.02255357142857143,0.0025,0.0025,0.06999999999999999,True,0.44094958009080526,independent_direct_policy_rollout,7,adaptive_research_candidate
28,0.08,0.0,0.02255357142857143,0.0025,0.0025,0.06999999999999999,True,0.44094958009080526,independent_direct_policy_rollout,8,adaptive_research_candidate
28,0.09,0.0,0.02255357142857143,0.0025,0.0025,0.06999999999999999,True,0.44094958009080526,independent_direct_policy_rollout,9,adaptive_research_candidate
28,0.09999999999999999,0.0,0.02255357142857143,0.0025,0.0025,0.06999999999999999,True,0.44094958009080526,independent_direct_policy_rollout,10,adaptive_research_candidate
28,0.11,0.002380952380952381,0.02255357142857143,0.0025,0.0025,0.06999999999999999,True,0.44094958009080526,independent_direct_policy_rollout,11,adaptive_research_candidate
28,0.12,0.002380952380952381,0.02255357142857143,0.0025,0.0025,0.06999999999999999,True,0.44094958009080526,independent_direct_policy_rollout,12,adaptive_research_candidate
28,0.13,0.0,0.02255357142857143,0.0025,0.0025,0.06999999999999999,True,0.44094958009080526,independent_direct_policy_rollout,13,adaptive_research_candidate
28,0.14,0.0,0.02255357142857143,0.0025,0.0025,0.06999999999999999,True,0.44094958009080526,independent_direct_policy_rollout,14,adaptive_research_candidate
28,0.15000000000000002,0.0,0.02255357142857143,0.0025,0.0025,0.06999999999999999,True,0.44094958009080526,independent_direct_policy_rollout,15,adaptive_research_candidate
28,0.16,0.0,0.02255357142857143,0.0025,0.0025,0.06999999999999999,True,0.44094958009080526,independent_direct_policy_rollout,16,adaptive_research_candidate
28,0.17,0.011904761904761904,0.02255357142857143,0.0025,0.0025,0.06999999999999999,True,0.44094958009080526,independent_direct_policy_rollout,17,adaptive_research_candidate
28,0.18000000000000002,0.0,0.02255357142857143,0.0025,0.0025,0.06999999999999999,True,0.44094958009080526,independent_direct_policy_rollout,18,adaptive_research_candidate
28,0.19,0.0761904761904762,0.02255357142857143,0.0025,0.0025,0.06999999999999999,True,0.44094958009080526,independent_direct_policy_rollout,19,adaptive_research_candidate
28,0.2,0.002380952380952381,0.02255357142857143,0.0025,0.0025,0.06999999999999999,True,0.44094958009080526,independent_direct_policy_rollout,20,adaptive_research_candidate
29,0.0025,0.7642857142857142,0.021172619047619048,0.0025,0.0025,0.060000000000000005,True,0.41038525020953576,independent_direct_policy_rollout,0,adaptive_research_candidate
29,0.01,0.0,0.021172619047619048,0.0025,0.0025,0.060000000000000005,True,0.41038525020953576,independent_direct_policy_rollout,1,adaptive_research_candidate
29,0.02,0.011904761904761904,0.021172619047619048,0.0025,0.0025,0.060000000000000005,True,0.41038525020953576,independent_direct_policy_rollout,2,adaptive_research_candidate
29,0.03,0.047619047619047616,0.021172619047619048,0.0025,0.0025,0.060000000000000005,True,0.41038525020953576,independent_direct_policy_rollout,3,adaptive_research_candidate
29,0.04,0.0,0.021172619047619048,0.0025,0.0025,0.060000000000000005,True,0.41038525020953576,independent_direct_policy_rollout,4,adaptive_research_candidate
29,0.05,0.047619047619047616,0.021172619047619048,0.0025,0.0025,0.060000000000000005,True,0.41038525020953576,independent_direct_policy_rollout,5,adaptive_research_candidate
29,0.060000000000000005,0.030952380952380953,0.021172619047619048,0.0025,0.0025,0.060000000000000005,True,0.41038525020953576,independent_direct_policy_rollout,6,adaptive_research_candidate
29,0.06999999999999999,0.0,0.021172619047619048,0.0025,0.0025,0.060000000000000005,True,0.41038525020953576,independent_direct_policy_rollout,7,adaptive_research_candidate
29,0.08,0.0,0.021172619047619048,0.0025,0.0025,0.060000000000000005,True,0.41038525020953576,independent_direct_policy_rollout,8,adaptive_research_candidate
29,0.09,0.0,0.021172619047619048,0.0025,0.0025,0.060000000000000005,True,0.41038525020953576,independent_direct_policy_rollout,9,adaptive_research_candidate
29,0.09999999999999999,0.0,0.021172619047619048,0.0025,0.0025,0.060000000000000005,True,0.41038525020953576,independent_direct_policy_rollout,10,adaptive_research_candidate
29,0.11,0.002380952380952381,0.021172619047619048,0.0025,0.0025,0.060000000000000005,True,0.41038525020953576,independent_direct_policy_rollout,11,adaptive_research_candidate
29,0.12,0.0,0.021172619047619048,0.0025,0.0025,0.060000000000000005,True,0.41038525020953576,independent_direct_policy_rollout,12,adaptive_research_candidate
29,0.13,0.08333333333333333,0.021172619047619048,0.0025,0.0025,0.060000000000000005,True,0.41038525020953576,independent_direct_policy_rollout,13,adaptive_research_candidate
29,0.14,0.0,0.021172619047619048,0.0025,0.0025,0.060000000000000005,True,0.41038525020953576,independent_direct_policy_rollout,14,adaptive_research_candidate
29,0.15000000000000002,0.0,0.021172619047619048,0.0025,0.0025,0.060000000000000005,True,0.41038525020953576,independent_direct_policy_rollout,15,adaptive_research_candidate
29,0.16,0.0,0.021172619047619048,0.0025,0.0025,0.060000000000000005,True,0.41038525020953576,independent_direct_policy_rollout,16,adaptive_research_candidate
29,0.17,0.0,0.021172619047619048,0.0025,0.0025,0.060000000000000005,True,0.41038525020953576,independent_direct_policy_rollout,17,adaptive_research_candidate
29,0.18000000000000002,0.0,0.021172619047619048,0.0025,0.0025,0.060000000000000005,True,0.41038525020953576,independent_direct_policy_rollout,18,adaptive_research_candidate
29,0.19,0.011904761904761904,0.021172619047619048,0.0025,0.0025,0.060000000000000005,True,0.41038525020953576,independent_direct_policy_rollout,19,adaptive_research_candidate
29,0.2,0.0,0.021172619047619048,0.0025,0.0025,0.060000000000000005,True,0.41038525020953576,independent_direct_policy_rollout,20,adaptive_research_candidate
30,0.0025,0.9261904761904762,0.006458333333333334,0.0025,0.0025,0.0025,True,0.38381414385148666,independent_direct_policy_rollout,0,adaptive_research_candidate
30,0.01,0.01904761904761905,0.006458333333333334,0.0025,0.0025,0.0025,True,0.38381414385148666,independent_direct_policy_rollout,1,adaptive_research_candidate
30,0.02,0.011904761904761904,0.006458333333333334,0.0025,0.0025,0.0025,True,0.38381414385148666,independent_direct_policy_rollout,2,adaptive_research_candidate
30,0.03,0.0,0.006458333333333334,0.0025,0.0025,0.0025,True,0.38381414385148666,independent_direct_policy_rollout,3,adaptive_research_candidate
30,0.04,0.0,0.006458333333333334,0.0025,0.0025,0.0025,True,0.38381414385148666,independent_direct_policy_rollout,4,adaptive_research_candidate
30,0.05,0.007142857142857143,0.006458333333333334,0.0025,0.0025,0.0025,True,0.38381414385148666,independent_direct_policy_rollout,5,adaptive_research_candidate
30,0.060000000000000005,0.002380952380952381,0.006458333333333334,0.0025,0.0025,0.0025,True,0.38381414385148666,independent_direct_policy_rollout,6,adaptive_research_candidate
30,0.06999999999999999,0.0,0.006458333333333334,0.0025,0.0025,0.0025,True,0.38381414385148666,independent_direct_policy_rollout,7,adaptive_research_candidate
30,0.08,0.002380952380952381,0.006458333333333334,0.0025,0.0025,0.0025,True,0.38381414385148666,independent_direct_policy_rollout,8,adaptive_research_candidate
30,0.09,0.02857142857142857,0.006458333333333334,0.0025,0.0025,0.0025,True,0.38381414385148666,independent_direct_policy_rollout,9,adaptive_research_candidate
30,0.09999999999999999,0.0,0.006458333333333334,0.0025,0.0025,0.0025,True,0.38381414385148666,independent_direct_policy_rollout,10,adaptive_research_candidate
30,0.11,0.0,0.006458333333333334,0.0025,0.0025,0.0025,True,0.38381414385148666,independent_direct_policy_rollout,11,adaptive_research_candidate
30,0.12,0.0,0.006458333333333334,0.0025,0.0025,0.0025,True,0.38381414385148666,independent_direct_policy_rollout,12,adaptive_research_candidate
30,0.13,0.0,0.006458333333333334,0.0025,0.0025,0.0025,True,0.38381414385148666,independent_direct_policy_rollout,13,adaptive_research_candidate
30,0.14,0.0,0.006458333333333334,0.0025,0.0025,0.0025,True,0.38381414385148666,independent_direct_policy_rollout,14,adaptive_research_candidate
30,0.15000000000000002,0.0,0.006458333333333334,0.0025,0.0025,0.0025,True,0.38381414385148666,independent_direct_policy_rollout,15,adaptive_research_candidate
30,0.16,0.0,0.006458333333333334,0.0025,0.0025,0.0025,True,0.38381414385148666,independent_direct_policy_rollout,16,adaptive_research_candidate
30,0.17,0.0,0.006458333333333334,0.0025,0.0025,0.0025,True,0.38381414385148666,independent_direct_policy_rollout,17,adaptive_research_candidate
30,0.18000000000000002,0.0,0.006458333333333334,0.0025,0.0025,0.0025,True,0.38381414385148666,independent_direct_policy_rollout,18,adaptive_research_candidate
30,0.19,0.002380952380952381,0.006458333333333334,0.0025,0.0025,0.0025,True,0.38381414385148666,independent_direct_policy_rollout,19,adaptive_research_candidate
30,0.2,0.0,0.006458333333333334,0.0025,0.0025,0.0025,True,0.38381414385148666,independent_direct_policy_rollout,20,adaptive_research_candidate
31,0.0025,0.7357142857142858,0.017505952380952382,0.0025,0.0025,0.03,True,0.35328671970695297,independent_direct_policy_rollout,0,adaptive_research_candidate
31,0.01,0.1357142857142857,0.017505952380952382,0.0025,0.0025,0.03,True,0.35328671970695297,independent_direct_policy_rollout,1,adaptive_research_candidate
31,0.02,0.016666666666666666,0.017505952380952382,0.0025,0.0025,0.03,True,0.35328671970695297,independent_direct_policy_rollout,2,adaptive_research_candidate
31,0.03,0.014285714285714285,0.017505952380952382,0.0025,0.0025,0.03,True,0.35328671970695297,independent_direct_policy_rollout,3,adaptive_research_candidate
31,0.04,0.0,0.017505952380952382,0.0025,0.0025,0.03,True,0.35328671970695297,independent_direct_policy_rollout,4,adaptive_research_candidate
31,0.05,0.01904761904761905,0.017505952380952382,0.0025,0.0025,0.03,True,0.35328671970695297,independent_direct_policy_rollout,5,adaptive_research_candidate
31,0.060000000000000005,0.0,0.017505952380952382,0.0025,0.0025,0.03,True,0.35328671970695297,independent_direct_policy_rollout,6,adaptive_research_candidate
31,0.06999999999999999,0.01904761904761905,0.017505952380952382,0.0025,0.0025,0.03,True,0.35328671970695297,independent_direct_policy_rollout,7,adaptive_research_candidate
31,0.08,0.0,0.017505952380952382,0.0025,0.0025,0.03,True,0.35328671970695297,independent_direct_policy_rollout,8,adaptive_research_candidate
31,0.09,0.0,0.017505952380952382,0.0025,0.0025,0.03,True,0.35328671970695297,independent_direct_policy_rollout,9,adaptive_research_candidate
31,0.09999999999999999,0.0,0.017505952380952382,0.0025,0.0025,0.03,True,0.35328671970695297,independent_direct_policy_rollout,10,adaptive_research_candidate
31,0.11,0.0,0.017505952380952382,0.0025,0.0025,0.03,True,0.35328671970695297,independent_direct_policy_rollout,11,adaptive_research_candidate
31,0.12,0.0,0.017505952380952382,0.0025,0.0025,0.03,True,0.35328671970695297,independent_direct_policy_rollout,12,adaptive_research_candidate
31,0.13,0.0,0.017505952380952382,0.0025,0.0025,0.03,True,0.35328671970695297,independent_direct_policy_rollout,13,adaptive_research_candidate
31,0.14,0.0,0.017505952380952382,0.0025,0.0025,0.03,True,0.35328671970695297,independent_direct_policy_rollout,14,adaptive_research_candidate
31,0.15000000000000002,0.0,0.017505952380952382,0.0025,0.0025,0.03,True,0.35328671970695297,independent_direct_policy_rollout,15,adaptive_research_candidate
31,0.16,0.0,0.017505952380952382,0.0025,0.0025,0.03,True,0.35328671970695297,independent_direct_policy_rollout,16,adaptive_research_candidate
31,0.17,0.002380952380952381,0.017505952380952382,0.0025,0.0025,0.03,True,0.35328671970695297,independent_direct_policy_rollout,17,adaptive_research_candidate
31,0.18000000000000002,0.0,0.017505952380952382,0.0025,0.0025,0.03,True,0.35328671970695297,independent_direct_policy_rollout,18,adaptive_research_candidate
31,0.19,0.05714285714285714,0.017505952380952382,0.0025,0.0025,0.03,True,0.35328671970695297,independent_direct_policy_rollout,19,adaptive_research_candidate
31,0.2,0.0,0.017505952380952382,0.0025,0.0025,0.03,True,0.35328671970695297,independent_direct_policy_rollout,20,adaptive_research_candidate
32,0.0025,0.5071428571428571,0.033553571428571426,0.0025,0.0025,0.19,True,0.3306214773832357,independent_direct_policy_rollout,0,adaptive_research_candidate
32,0.01,0.1380952380952381,0.033553571428571426,0.0025,0.0025,0.19,True,0.3306214773832357,independent_direct_policy_rollout,1,adaptive_research_candidate
32,0.02,0.01904761904761905,0.033553571428571426,0.0025,0.0025,0.19,True,0.3306214773832357,independent_direct_policy_rollout,2,adaptive_research_candidate
32,0.03,0.10952380952380952,0.033553571428571426,0.0025,0.0025,0.19,True,0.3306214773832357,independent_direct_policy_rollout,3,adaptive_research_candidate
32,0.04,0.08095238095238096,0.033553571428571426,0.0025,0.0025,0.19,True,0.3306214773832357,independent_direct_policy_rollout,4,adaptive_research_candidate
32,0.05,0.0,0.033553571428571426,0.0025,0.0025,0.19,True,0.3306214773832357,independent_direct_policy_rollout,5,adaptive_research_candidate
32,0.060000000000000005,0.02619047619047619,0.033553571428571426,0.0025,0.0025,0.19,True,0.3306214773832357,independent_direct_policy_rollout,6,adaptive_research_candidate
32,0.06999999999999999,0.0,0.033553571428571426,0.0025,0.0025,0.19,True,0.3306214773832357,independent_direct_policy_rollout,7,adaptive_research_candidate
32,0.08,0.0,0.033553571428571426,0.0025,0.0025,0.19,True,0.3306214773832357,independent_direct_policy_rollout,8,adaptive_research_candidate
32,0.09,0.0,0.033553571428571426,0.0025,0.0025,0.19,True,0.3306214773832357,independent_direct_policy_rollout,9,adaptive_research_candidate
32,0.09999999999999999,0.0,0.033553571428571426,0.0025,0.0025,0.19,True,0.3306214773832357,independent_direct_policy_rollout,10,adaptive_research_candidate
32,0.11,0.0,0.033553571428571426,0.0025,0.0025,0.19,True,0.3306214773832357,independent_direct_policy_rollout,11,adaptive_research_candidate
32,0.12,0.0,0.033553571428571426,0.0025,0.0025,0.19,True,0.3306214773832357,independent_direct_policy_rollout,12,adaptive_research_candidate
32,0.13,0.0,0.033553571428571426,0.0025,0.0025,0.19,True,0.3306214773832357,independent_direct_policy_rollout,13,adaptive_research_candidate
32,0.14,0.0,0.033553571428571426,0.0025,0.0025,0.19,True,0.3306214773832357,independent_direct_policy_rollout,14,adaptive_research_candidate
32,0.15000000000000002,0.0,0.033553571428571426,0.0025,0.0025,0.19,True,0.3306214773832357,independent_direct_policy_rollout,15,adaptive_research_candidate
32,0.16,0.0,0.033553571428571426,0.0025,0.0025,0.19,True,0.3306214773832357,independent_direct_policy_rollout,16,adaptive_research_candidate
32,0.17,0.014285714285714285,0.033553571428571426,0.0025,0.0025,0.19,True,0.3306214773832357,independent_direct_policy_rollout,17,adaptive_research_candidate
32,0.18000000000000002,0.0,0.033553571428571426,0.0025,0.0025,0.19,True,0.3306214773832357,independent_direct_policy_rollout,18,adaptive_research_candidate
32,0.19,0.09523809523809523,0.033553571428571426,0.0025,0.0025,0.19,True,0.3306214773832357,independent_direct_policy_rollout,19,adaptive_research_candidate
32,0.2,0.009523809523809525,0.033553571428571426,0.0025,0.0025,0.19,True,0.3306214773832357,independent_direct_policy_rollout,20,adaptive_research_candidate
33,0.0025,0.8238095238095238,0.023345238095238096,0.0025,0.0025,0.09999999999999999,True,0.30443485306501,independent_direct_policy_rollout,0,adaptive_research_candidate
33,0.01,0.014285714285714285,0.023345238095238096,0.0025,0.0025,0.09999999999999999,True,0.30443485306501,independent_direct_policy_rollout,1,adaptive_research_candidate
33,0.02,0.02619047619047619,0.023345238095238096,0.0025,0.0025,0.09999999999999999,True,0.30443485306501,independent_direct_policy_rollout,2,adaptive_research_candidate
33,0.03,0.0,0.023345238095238096,0.0025,0.0025,0.09999999999999999,True,0.30443485306501,independent_direct_policy_rollout,3,adaptive_research_candidate
33,0.04,0.0,0.023345238095238096,0.0025,0.0025,0.09999999999999999,True,0.30443485306501,independent_direct_policy_rollout,4,adaptive_research_candidate
33,0.05,0.0,0.023345238095238096,0.0025,0.0025,0.09999999999999999,True,0.30443485306501,independent_direct_policy_rollout,5,adaptive_research_candidate
33,0.060000000000000005,0.002380952380952381,0.023345238095238096,0.0025,0.0025,0.09999999999999999,True,0.30443485306501,independent_direct_policy_rollout,6,adaptive_research_candidate
33,0.06999999999999999,0.0,0.023345238095238096,0.0025,0.0025,0.09999999999999999,True,0.30443485306501,independent_direct_policy_rollout,7,adaptive_research_candidate
33,0.08,0.0,0.023345238095238096,0.0025,0.0025,0.09999999999999999,True,0.30443485306501,independent_direct_policy_rollout,8,adaptive_research_candidate
33,0.09,0.0,0.023345238095238096,0.0025,0.0025,0.09999999999999999,True,0.30443485306501,independent_direct_policy_rollout,9,adaptive_research_candidate
33,0.09999999999999999,0.04523809523809524,0.023345238095238096,0.0025,0.0025,0.09999999999999999,True,0.30443485306501,independent_direct_policy_rollout,10,adaptive_research_candidate
33,0.11,0.0,0.023345238095238096,0.0025,0.0025,0.09999999999999999,True,0.30443485306501,independent_direct_policy_rollout,11,adaptive_research_candidate
33,0.12,0.007142857142857143,0.023345238095238096,0.0025,0.0025,0.09999999999999999,True,0.30443485306501,independent_direct_policy_rollout,12,adaptive_research_candidate
33,0.13,0.0,0.023345238095238096,0.0025,0.0025,0.09999999999999999,True,0.30443485306501,independent_direct_policy_rollout,13,adaptive_research_candidate
33,0.14,0.0,0.023345238095238096,0.0025,0.0025,0.09999999999999999,True,0.30443485306501,independent_direct_policy_rollout,14,adaptive_research_candidate
33,0.15000000000000002,0.0,0.023345238095238096,0.0025,0.0025,0.09999999999999999,True,0.30443485306501,independent_direct_policy_rollout,15,adaptive_research_candidate
33,0.16,0.0,0.023345238095238096,0.0025,0.0025,0.09999999999999999,True,0.30443485306501,independent_direct_policy_rollout,16,adaptive_research_candidate
33,0.17,0.0,0.023345238095238096,0.0025,0.0025,0.09999999999999999,True,0.30443485306501,independent_direct_policy_rollout,17,adaptive_research_candidate
33,0.18000000000000002,0.05238095238095238,0.023345238095238096,0.0025,0.0025,0.09999999999999999,True,0.30443485306501,independent_direct_policy_rollout,18,adaptive_research_candidate
33,0.19,0.004761904761904762,0.023345238095238096,0.0025,0.0025,0.09999999999999999,True,0.30443485306501,independent_direct_policy_rollout,19,adaptive_research_candidate
33,0.2,0.023809523809523808,0.023345238095238096,0.0025,0.0025,0.09999999999999999,True,0.30443485306501,independent_direct_policy_rollout,20,adaptive_research_candidate
34,0.0025,0.9214285714285714,0.007232142857142856,0.0025,0.0025,0.0025,True,0.2767304840587967,independent_direct_policy_rollout,0,adaptive_research_candidate
34,0.01,0.0,0.007232142857142856,0.0025,0.0025,0.0025,True,0.2767304840587967,independent_direct_policy_rollout,1,adaptive_research_candidate
34,0.02,0.0,0.007232142857142856,0.0025,0.0025,0.0025,True,0.2767304840587967,independent_direct_policy_rollout,2,adaptive_research_candidate
34,0.03,0.004761904761904762,0.007232142857142856,0.0025,0.0025,0.0025,True,0.2767304840587967,independent_direct_policy_rollout,3,adaptive_research_candidate
34,0.04,0.04047619047619048,0.007232142857142856,0.0025,0.0025,0.0025,True,0.2767304840587967,independent_direct_policy_rollout,4,adaptive_research_candidate
34,0.05,0.0,0.007232142857142856,0.0025,0.0025,0.0025,True,0.2767304840587967,independent_direct_policy_rollout,5,adaptive_research_candidate
34,0.060000000000000005,0.0,0.007232142857142856,0.0025,0.0025,0.0025,True,0.2767304840587967,independent_direct_policy_rollout,6,adaptive_research_candidate
34,0.06999999999999999,0.002380952380952381,0.007232142857142856,0.0025,0.0025,0.0025,True,0.2767304840587967,independent_direct_policy_rollout,7,adaptive_research_candidate
34,0.08,0.0,0.007232142857142856,0.0025,0.0025,0.0025,True,0.2767304840587967,independent_direct_policy_rollout,8,adaptive_research_candidate
34,0.09,0.023809523809523808,0.007232142857142856,0.0025,0.0025,0.0025,True,0.2767304840587967,independent_direct_policy_rollout,9,adaptive_research_candidate
34,0.09999999999999999,0.004761904761904762,0.007232142857142856,0.0025,0.0025,0.0025,True,0.2767304840587967,independent_direct_policy_rollout,10,adaptive_research_candidate
34,0.11,0.0,0.007232142857142856,0.0025,0.0025,0.0025,True,0.2767304840587967,independent_direct_policy_rollout,11,adaptive_research_candidate
34,0.12,0.0,0.007232142857142856,0.0025,0.0025,0.0025,True,0.2767304840587967,independent_direct_policy_rollout,12,adaptive_research_candidate
34,0.13,0.0,0.007232142857142856,0.0025,0.0025,0.0025,True,0.2767304840587967,independent_direct_policy_rollout,13,adaptive_research_candidate
34,0.14,0.0,0.007232142857142856,0.0025,0.0025,0.0025,True,0.2767304840587967,independent_direct_policy_rollout,14,adaptive_research_candidate
34,0.15000000000000002,0.0,0.007232142857142856,0.0025,0.0025,0.0025,True,0.2767304840587967,independent_direct_policy_rollout,15,adaptive_research_candidate
34,0.16,0.002380952380952381,0.007232142857142856,0.0025,0.0025,0.0025,True,0.2767304840587967,independent_direct_policy_rollout,16,adaptive_research_candidate
34,0.17,0.0,0.007232142857142856,0.0025,0.0025,0.0025,True,0.2767304840587967,independent_direct_policy_rollout,17,adaptive_research_candidate
34,0.18000000000000002,0.0,0.007232142857142856,0.0025,0.0025,0.0025,True,0.2767304840587967,independent_direct_policy_rollout,18,adaptive_research_candidate
34,0.19,0.0,0.007232142857142856,0.0025,0.0025,0.0025,True,0.2767304840587967,independent_direct_policy_rollout,19,adaptive_research_candidate
34,0.2,0.0,0.007232142857142856,0.0025,0.0025,0.0025,True,0.2767304840587967,independent_direct_policy_rollout,20,adaptive_research_candidate
35,0.0025,0.8071428571428572,0.013636904761904763,0.0025,0.0025,0.02,True,0.2510633306902583,independent_direct_policy_rollout,0,adaptive_research_candidate
35,0.01,0.05952380952380952,0.013636904761904763,0.0025,0.0025,0.02,True,0.2510633306902583,independent_direct_policy_rollout,1,adaptive_research_candidate
35,0.02,0.05714285714285714,0.013636904761904763,0.0025,0.0025,0.02,True,0.2510633306902583,independent_direct_policy_rollout,2,adaptive_research_candidate
35,0.03,0.0,0.013636904761904763,0.0025,0.0025,0.02,True,0.2510633306902583,independent_direct_policy_rollout,3,adaptive_research_candidate
35,0.04,0.0,0.013636904761904763,0.0025,0.0025,0.02,True,0.2510633306902583,independent_direct_policy_rollout,4,adaptive_research_candidate
35,0.05,0.023809523809523808,0.013636904761904763,0.0025,0.0025,0.02,True,0.2510633306902583,independent_direct_policy_rollout,5,adaptive_research_candidate
35,0.060000000000000005,0.0,0.013636904761904763,0.0025,0.0025,0.02,True,0.2510633306902583,independent_direct_policy_rollout,6,adaptive_research_candidate
35,0.06999999999999999,0.011904761904761904,0.013636904761904763,0.0025,0.0025,0.02,True,0.2510633306902583,independent_direct_policy_rollout,7,adaptive_research_candidate
35,0.08,0.0,0.013636904761904763,0.0025,0.0025,0.02,True,0.2510633306902583,independent_direct_policy_rollout,8,adaptive_research_candidate
35,0.09,0.0,0.013636904761904763,0.0025,0.0025,0.02,True,0.2510633306902583,independent_direct_policy_rollout,9,adaptive_research_candidate
35,0.09999999999999999,0.002380952380952381,0.013636904761904763,0.0025,0.0025,0.02,True,0.2510633306902583,independent_direct_policy_rollout,10,adaptive_research_candidate
35,0.11,0.0,0.013636904761904763,0.0025,0.0025,0.02,True,0.2510633306902583,independent_direct_policy_rollout,11,adaptive_research_candidate
35,0.12,0.0,0.013636904761904763,0.0025,0.0025,0.02,True,0.2510633306902583,independent_direct_policy_rollout,12,adaptive_research_candidate
35,0.13,0.0,0.013636904761904763,0.0025,0.0025,0.02,True,0.2510633306902583,independent_direct_policy_rollout,13,adaptive_research_candidate
35,0.14,0.0,0.013636904761904763,0.0025,0.0025,0.02,True,0.2510633306902583,independent_direct_policy_rollout,14,adaptive_research_candidate
35,0.15000000000000002,0.0,0.013636904761904763,0.0025,0.0025,0.02,True,0.2510633306902583,independent_direct_policy_rollout,15,adaptive_research_candidate
35,0.16,0.0,0.013636904761904763,0.0025,0.0025,0.02,True,0.2510633306902583,independent_direct_policy_rollout,16,adaptive_research_candidate
35,0.17,0.0,0.013636904761904763,0.0025,0.0025,0.02,True,0.2510633306902583,independent_direct_policy_rollout,17,adaptive_research_candidate
35,0.18000000000000002,0.0,0.013636904761904763,0.0025,0.0025,0.02,True,0.2510633306902583,independent_direct_policy_rollout,18,adaptive_research_candidate
35,0.19,0.0,0.013636904761904763,0.0025,0.0025,0.02,True,0.2510633306902583,independent_direct_policy_rollout,19,adaptive_research_candidate
35,0.2,0.0380952380952381,0.013636904761904763,0.0025,0.0025,0.02,True,0.2510633306902583,independent_direct_policy_rollout,20,adaptive_research_candidate
36,0.0025,0.8333333333333334,0.010130952380952383,0.0025,0.0025,0.04,True,0.21314168880354614,independent_direct_policy_rollout,0,adaptive_research_candidate
36,0.01,0.0,0.010130952380952383,0.0025,0.0025,0.04,True,0.21314168880354614,independent_direct_policy_rollout,1,adaptive_research_candidate
36,0.02,0.04523809523809524,0.010130952380952383,0.0025,0.0025,0.04,True,0.21314168880354614,independent_direct_policy_rollout,2,adaptive_research_candidate
36,0.03,0.014285714285714285,0.010130952380952383,0.0025,0.0025,0.04,True,0.21314168880354614,independent_direct_policy_rollout,3,adaptive_research_candidate
36,0.04,0.07380952380952381,0.010130952380952383,0.0025,0.0025,0.04,True,0.21314168880354614,independent_direct_policy_rollout,4,adaptive_research_candidate
36,0.05,0.0,0.010130952380952383,0.0025,0.0025,0.04,True,0.21314168880354614,independent_direct_policy_rollout,5,adaptive_research_candidate
36,0.060000000000000005,0.0,0.010130952380952383,0.0025,0.0025,0.04,True,0.21314168880354614,independent_direct_policy_rollout,6,adaptive_research_candidate
36,0.06999999999999999,0.0,0.010130952380952383,0.0025,0.0025,0.04,True,0.21314168880354614,independent_direct_policy_rollout,7,adaptive_research_candidate
36,0.08,0.01904761904761905,0.010130952380952383,0.0025,0.0025,0.04,True,0.21314168880354614,independent_direct_policy_rollout,8,adaptive_research_candidate
36,0.09,0.004761904761904762,0.010130952380952383,0.0025,0.0025,0.04,True,0.21314168880354614,independent_direct_policy_rollout,9,adaptive_research_candidate
36,0.09999999999999999,0.0,0.010130952380952383,0.0025,0.0025,0.04,True,0.21314168880354614,independent_direct_policy_rollout,10,adaptive_research_candidate
36,0.11,0.0,0.010130952380952383,0.0025,0.0025,0.04,True,0.21314168880354614,independent_direct_policy_rollout,11,adaptive_research_candidate
36,0.12,0.0,0.010130952380952383,0.0025,0.0025,0.04,True,0.21314168880354614,independent_direct_policy_rollout,12,adaptive_research_candidate
36,0.13,0.0,0.010130952380952383,0.0025,0.0025,0.04,True,0.21314168880354614,independent_direct_policy_rollout,13,adaptive_research_candidate
36,0.14,0.0,0.010130952380952383,0.0025,0.0025,0.04,True,0.21314168880354614,independent_direct_policy_rollout,14,adaptive_research_candidate
36,0.15000000000000002,0.0,0.010130952380952383,0.0025,0.0025,0.04,True,0.21314168880354614,independent_direct_policy_rollout,15,adaptive_research_candidate
36,0.16,0.0,0.010130952380952383,0.0025,0.0025,0.04,True,0.21314168880354614,independent_direct_policy_rollout,16,adaptive_research_candidate
36,0.17,0.0,0.010130952380952383,0.0025,0.0025,0.04,True,0.21314168880354614,independent_direct_policy_rollout,17,adaptive_research_candidate
36,0.18000000000000002,0.0,0.010130952380952383,0.0025,0.0025,0.04,True,0.21314168880354614,independent_direct_policy_rollout,18,adaptive_research_candidate
36,0.19,0.009523809523809525,0.010130952380952383,0.0025,0.0025,0.04,True,0.21314168880354614,independent_direct_policy_rollout,19,adaptive_research_candidate
36,0.2,0.0,0.010130952380952383,0.0025,0.0025,0.04,True,0.21314168880354614,independent_direct_policy_rollout,20,adaptive_research_candidate
37,0.0025,0.7571428571428571,0.015273809523809525,0.0025,0.0025,0.04100000000000023,True,0.18274490506714186,independent_direct_policy_rollout,0,adaptive_research_candidate
37,0.01,0.05714285714285714,0.015273809523809525,0.0025,0.0025,0.04100000000000023,True,0.18274490506714186,independent_direct_policy_rollout,1,adaptive_research_candidate
37,0.02,0.0,0.015273809523809525,0.0025,0.0025,0.04100000000000023,True,0.18274490506714186,independent_direct_policy_rollout,2,adaptive_research_candidate
37,0.03,0.0,0.015273809523809525,0.0025,0.0025,0.04100000000000023,True,0.18274490506714186,independent_direct_policy_rollout,3,adaptive_research_candidate
37,0.04,0.08571428571428572,0.015273809523809525,0.0025,0.0025,0.04100000000000023,True,0.18274490506714186,independent_direct_policy_rollout,4,adaptive_research_candidate
37,0.05,0.05714285714285714,0.015273809523809525,0.0025,0.0025,0.04100000000000023,True,0.18274490506714186,independent_direct_policy_rollout,5,adaptive_research_candidate
37,0.060000000000000005,0.0,0.015273809523809525,0.0025,0.0025,0.04100000000000023,True,0.18274490506714186,independent_direct_policy_rollout,6,adaptive_research_candidate
37,0.06999999999999999,0.014285714285714285,0.015273809523809525,0.0025,0.0025,0.04100000000000023,True,0.18274490506714186,independent_direct_policy_rollout,7,adaptive_research_candidate
37,0.08,0.0,0.015273809523809525,0.0025,0.0025,0.04100000000000023,True,0.18274490506714186,independent_direct_policy_rollout,8,adaptive_research_candidate
37,0.09,0.0,0.015273809523809525,0.0025,0.0025,0.04100000000000023,True,0.18274490506714186,independent_direct_policy_rollout,9,adaptive_research_candidate
37,0.09999999999999999,0.0,0.015273809523809525,0.0025,0.0025,0.04100000000000023,True,0.18274490506714186,independent_direct_policy_rollout,10,adaptive_research_candidate
37,0.11,0.0,0.015273809523809525,0.0025,0.0025,0.04100000000000023,True,0.18274490506714186,independent_direct_policy_rollout,11,adaptive_research_candidate
37,0.12,0.0,0.015273809523809525,0.0025,0.0025,0.04100000000000023,True,0.18274490506714186,independent_direct_policy_rollout,12,adaptive_research_candidate
37,0.13,0.0,0.015273809523809525,0.0025,0.0025,0.04100000000000023,True,0.18274490506714186,independent_direct_policy_rollout,13,adaptive_research_candidate
37,0.14,0.0,0.015273809523809525,0.0025,0.0025,0.04100000000000023,True,0.18274490506714186,independent_direct_policy_rollout,14,adaptive_research_candidate
37,0.15000000000000002,0.0,0.015273809523809525,0.0025,0.0025,0.04100000000000023,True,0.18274490506714186,independent_direct_policy_rollout,15,adaptive_research_candidate
37,0.16,0.0,0.015273809523809525,0.0025,0.0025,0.04100000000000023,True,0.18274490506714186,independent_direct_policy_rollout,16,adaptive_research_candidate
37,0.17,0.0,0.015273809523809525,0.0025,0.0025,0.04100000000000023,True,0.18274490506714186,independent_direct_policy_rollout,17,adaptive_research_candidate
37,0.18000000000000002,0.0,0.015273809523809525,0.0025,0.0025,0.04100000000000023,True,0.18274490506714186,independent_direct_policy_rollout,18,adaptive_research_candidate
37,0.19,0.01904761904761905,0.015273809523809525,0.0025,0.0025,0.04100000000000023,True,0.18274490506714186,independent_direct_policy_rollout,19,adaptive_research_candidate
37,0.2,0.009523809523809525,0.015273809523809525,0.0025,0.0025,0.04100000000000023,True,0.18274490506714186,independent_direct_policy_rollout,20,adaptive_research_candidate
38,0.0025,0.7761904761904762,0.01755952380952381,0.0025,0.0025,0.04,True,0.15454783106422182,independent_direct_policy_rollout,0,adaptive_research_candidate
38,0.01,0.0,0.01755952380952381,0.0025,0.0025,0.04,True,0.15454783106422182,independent_direct_policy_rollout,1,adaptive_research_candidate
38,0.02,0.08333333333333333,0.01755952380952381,0.0025,0.0025,0.04,True,0.15454783106422182,independent_direct_policy_rollout,2,adaptive_research_candidate
38,0.03,0.0,0.01755952380952381,0.0025,0.0025,0.04,True,0.15454783106422182,independent_direct_policy_rollout,3,adaptive_research_candidate
38,0.04,0.06904761904761905,0.01755952380952381,0.0025,0.0025,0.04,True,0.15454783106422182,independent_direct_policy_rollout,4,adaptive_research_candidate
38,0.05,0.0,0.01755952380952381,0.0025,0.0025,0.04,True,0.15454783106422182,independent_direct_policy_rollout,5,adaptive_research_candidate
38,0.060000000000000005,0.0,0.01755952380952381,0.0025,0.0025,0.04,True,0.15454783106422182,independent_direct_policy_rollout,6,adaptive_research_candidate
38,0.06999999999999999,0.011904761904761904,0.01755952380952381,0.0025,0.0025,0.04,True,0.15454783106422182,independent_direct_policy_rollout,7,adaptive_research_candidate
38,0.08,0.0,0.01755952380952381,0.0025,0.0025,0.04,True,0.15454783106422182,independent_direct_policy_rollout,8,adaptive_research_candidate
38,0.09,0.011904761904761904,0.01755952380952381,0.0025,0.0025,0.04,True,0.15454783106422182,independent_direct_policy_rollout,9,adaptive_research_candidate
38,0.09999999999999999,0.0,0.01755952380952381,0.0025,0.0025,0.04,True,0.15454783106422182,independent_direct_policy_rollout,10,adaptive_research_candidate
38,0.11,0.0,0.01755952380952381,0.0025,0.0025,0.04,True,0.15454783106422182,independent_direct_policy_rollout,11,adaptive_research_candidate
38,0.12,0.0,0.01755952380952381,0.0025,0.0025,0.04,True,0.15454783106422182,independent_direct_policy_rollout,12,adaptive_research_candidate
38,0.13,0.0,0.01755952380952381,0.0025,0.0025,0.04,True,0.15454783106422182,independent_direct_policy_rollout,13,adaptive_research_candidate
38,0.14,0.0,0.01755952380952381,0.0025,0.0025,0.04,True,0.15454783106422182,independent_direct_policy_rollout,14,adaptive_research_candidate
38,0.15000000000000002,0.0,0.01755952380952381,0.0025,0.0025,0.04,True,0.15454783106422182,independent_direct_policy_rollout,15,adaptive_research_candidate
38,0.16,0.0,0.01755952380952381,0.0025,0.0025,0.04,True,0.15454783106422182,independent_direct_policy_rollout,16,adaptive_research_candidate
38,0.17,0.004761904761904762,0.01755952380952381,0.0025,0.0025,0.04,True,0.15454783106422182,independent_direct_policy_rollout,17,adaptive_research_candidate
38,0.18000000000000002,0.0,0.01755952380952381,0.0025,0.0025,0.04,True,0.15454783106422182,independent_direct_policy_rollout,18,adaptive_research_candidate
38,0.19,0.009523809523809525,0.01755952380952381,0.0025,0.0025,0.04,True,0.15454783106422182,independent_direct_policy_rollout,19,adaptive_research_candidate
38,0.2,0.03333333333333333,0.01755952380952381,0.0025,0.0025,0.04,True,0.15454783106422182,independent_direct_policy_rollout,20,adaptive_research_candidate
39,0.0025,0.6476190476190476,0.027642857142857146,0.0025,0.0025,0.09,True,0.1278721489660482,independent_direct_policy_rollout,0,adaptive_research_candidate
39,0.01,0.02142857142857143,0.027642857142857146,0.0025,0.0025,0.09,True,0.1278721489660482,independent_direct_policy_rollout,1,adaptive_research_candidate
39,0.02,0.05714285714285714,0.027642857142857146,0.0025,0.0025,0.09,True,0.1278721489660482,independent_direct_policy_rollout,2,adaptive_research_candidate
39,0.03,0.0,0.027642857142857146,0.0025,0.0025,0.09,True,0.1278721489660482,independent_direct_policy_rollout,3,adaptive_research_candidate
39,0.04,0.14047619047619048,0.027642857142857146,0.0025,0.0025,0.09,True,0.1278721489660482,independent_direct_policy_rollout,4,adaptive_research_candidate
39,0.05,0.009523809523809525,0.027642857142857146,0.0025,0.0025,0.09,True,0.1278721489660482,independent_direct_policy_rollout,5,adaptive_research_candidate
39,0.060000000000000005,0.0,0.027642857142857146,0.0025,0.0025,0.09,True,0.1278721489660482,independent_direct_policy_rollout,6,adaptive_research_candidate
39,0.06999999999999999,0.0,0.027642857142857146,0.0025,0.0025,0.09,True,0.1278721489660482,independent_direct_policy_rollout,7,adaptive_research_candidate
39,0.08,0.0,0.027642857142857146,0.0025,0.0025,0.09,True,0.1278721489660482,independent_direct_policy_rollout,8,adaptive_research_candidate
39,0.09,0.04047619047619048,0.027642857142857146,0.0025,0.0025,0.09,True,0.1278721489660482,independent_direct_policy_rollout,9,adaptive_research_candidate
39,0.09999999999999999,0.0,0.027642857142857146,0.0025,0.0025,0.09,True,0.1278721489660482,independent_direct_policy_rollout,10,adaptive_research_candidate
39,0.11,0.0,0.027642857142857146,0.0025,0.0025,0.09,True,0.1278721489660482,independent_direct_policy_rollout,11,adaptive_research_candidate
39,0.12,0.007142857142857143,0.027642857142857146,0.0025,0.0025,0.09,True,0.1278721489660482,independent_direct_policy_rollout,12,adaptive_research_candidate
39,0.13,0.0,0.027642857142857146,0.0025,0.0025,0.09,True,0.1278721489660482,independent_direct_policy_rollout,13,adaptive_research_candidate
39,0.14,0.002380952380952381,0.027642857142857146,0.0025,0.0025,0.09,True,0.1278721489660482,independent_direct_policy_rollout,14,adaptive_research_candidate
39,0.15000000000000002,0.0,0.027642857142857146,0.0025,0.0025,0.09,True,0.1278721489660482,independent_direct_policy_rollout,15,adaptive_research_candidate
39,0.16,0.0,0.027642857142857146,0.0025,0.0025,0.09,True,0.1278721489660482,independent_direct_policy_rollout,16,adaptive_research_candidate
39,0.17,0.002380952380952381,0.027642857142857146,0.0025,0.0025,0.09,True,0.1278721489660482,independent_direct_policy_rollout,17,adaptive_research_candidate
39,0.18000000000000002,0.023809523809523808,0.027642857142857146,0.0025,0.0025,0.09,True,0.1278721489660482,independent_direct_policy_rollout,18,adaptive_research_candidate
39,0.19,0.047619047619047616,0.027642857142857146,0.0025,0.0025,0.09,True,0.1278721489660482,independent_direct_policy_rollout,19,adaptive_research_candidate
39,0.2,0.0,0.027642857142857146,0.0025,0.0025,0.09,True,0.1278721489660482,independent_direct_policy_rollout,20,adaptive_research_candidate
40,0.0025,0.7309523809523809,0.029898809523809525,0.0025,0.0025,0.15000000000000002,True,0.10657679502271619,independent_direct_policy_rollout,0,adaptive_research_candidate
40,0.01,0.02619047619047619,0.029898809523809525,0.0025,0.0025,0.15000000000000002,True,0.10657679502271619,independent_direct_policy_rollout,1,adaptive_research_candidate
40,0.02,0.016666666666666666,0.029898809523809525,0.0025,0.0025,0.15000000000000002,True,0.10657679502271619,independent_direct_policy_rollout,2,adaptive_research_candidate
40,0.03,0.0,0.029898809523809525,0.0025,0.0025,0.15000000000000002,True,0.10657679502271619,independent_direct_policy_rollout,3,adaptive_research_candidate
40,0.04,0.03571428571428571,0.029898809523809525,0.0025,0.0025,0.15000000000000002,True,0.10657679502271619,independent_direct_policy_rollout,4,adaptive_research_candidate
40,0.05,0.0,0.029898809523809525,0.0025,0.0025,0.15000000000000002,True,0.10657679502271619,independent_direct_policy_rollout,5,adaptive_research_candidate
40,0.060000000000000005,0.009523809523809525,0.029898809523809525,0.0025,0.0025,0.15000000000000002,True,0.10657679502271619,independent_direct_policy_rollout,6,adaptive_research_candidate
40,0.06999999999999999,0.0,0.029898809523809525,0.0025,0.0025,0.15000000000000002,True,0.10657679502271619,independent_direct_policy_rollout,7,adaptive_research_candidate
40,0.08,0.004761904761904762,0.029898809523809525,0.0025,0.0025,0.15000000000000002,True,0.10657679502271619,independent_direct_policy_rollout,8,adaptive_research_candidate
40,0.09,0.0,0.029898809523809525,0.0025,0.0025,0.15000000000000002,True,0.10657679502271619,independent_direct_policy_rollout,9,adaptive_research_candidate
40,0.09999999999999999,0.05238095238095238,0.029898809523809525,0.0025,0.0025,0.15000000000000002,True,0.10657679502271619,independent_direct_policy_rollout,10,adaptive_research_candidate
40,0.11,0.02142857142857143,0.029898809523809525,0.0025,0.0025,0.15000000000000002,True,0.10657679502271619,independent_direct_policy_rollout,11,adaptive_research_candidate
40,0.12,0.0,0.029898809523809525,0.0025,0.0025,0.15000000000000002,True,0.10657679502271619,independent_direct_policy_rollout,12,adaptive_research_candidate
40,0.13,0.0,0.029898809523809525,0.0025,0.0025,0.15000000000000002,True,0.10657679502271619,independent_direct_policy_rollout,13,adaptive_research_candidate
40,0.14,0.0,0.029898809523809525,0.0025,0.0025,0.15000000000000002,True,0.10657679502271619,independent_direct_policy_rollout,14,adaptive_research_candidate
40,0.15000000000000002,0.02142857142857143,0.029898809523809525,0.0025,0.0025,0.15000000000000002,True,0.10657679502271619,independent_direct_policy_rollout,15,adaptive_research_candidate
40,0.16,0.014285714285714285,0.029898809523809525,0.0025,0.0025,0.15000000000000002,True,0.10657679502271619,independent_direct_policy_rollout,16,adaptive_research_candidate
40,0.17,0.0,0.029898809523809525,0.0025,0.0025,0.15000000000000002,True,0.10657679502271619,independent_direct_policy_rollout,17,adaptive_research_candidate
40,0.18000000000000002,0.06666666666666667,0.029898809523809525,0.0025,0.0025,0.15000000000000002,True,0.10657679502271619,independent_direct_policy_rollout,18,adaptive_research_candidate
40,0.19,0.0,0.029898809523809525,0.0025,0.0025,0.15000000000000002,True,0.10657679502271619,independent_direct_policy_rollout,19,adaptive_research_candidate
40,0.2,0.0,0.029898809523809525,0.0025,0.0025,0.15000000000000002,True,0.10657679502271619,independent_direct_policy_rollout,20,adaptive_research_candidate
41,0.0025,0.8904761904761904,0.01444047619047619,0.0025,0.0025,0.02,True,0.08426230081633394,independent_direct_policy_rollout,0,adaptive_research_candidate
41,0.01,0.004761904761904762,0.01444047619047619,0.0025,0.0025,0.02,True,0.08426230081633394,independent_direct_policy_rollout,1,adaptive_research_candidate
41,0.02,0.009523809523809525,0.01444047619047619,0.0025,0.0025,0.02,True,0.08426230081633394,independent_direct_policy_rollout,2,adaptive_research_candidate
41,0.03,0.0,0.01444047619047619,0.0025,0.0025,0.02,True,0.08426230081633394,independent_direct_policy_rollout,3,adaptive_research_candidate
41,0.04,0.0,0.01444047619047619,0.0025,0.0025,0.02,True,0.08426230081633394,independent_direct_policy_rollout,4,adaptive_research_candidate
41,0.05,0.01904761904761905,0.01444047619047619,0.0025,0.0025,0.02,True,0.08426230081633394,independent_direct_policy_rollout,5,adaptive_research_candidate
41,0.060000000000000005,0.0,0.01444047619047619,0.0025,0.0025,0.02,True,0.08426230081633394,independent_direct_policy_rollout,6,adaptive_research_candidate
41,0.06999999999999999,0.0,0.01444047619047619,0.0025,0.0025,0.02,True,0.08426230081633394,independent_direct_policy_rollout,7,adaptive_research_candidate
41,0.08,0.0,0.01444047619047619,0.0025,0.0025,0.02,True,0.08426230081633394,independent_direct_policy_rollout,8,adaptive_research_candidate
41,0.09,0.0,0.01444047619047619,0.0025,0.0025,0.02,True,0.08426230081633394,independent_direct_policy_rollout,9,adaptive_research_candidate
41,0.09999999999999999,0.02857142857142857,0.01444047619047619,0.0025,0.0025,0.02,True,0.08426230081633394,independent_direct_policy_rollout,10,adaptive_research_candidate
41,0.11,0.0,0.01444047619047619,0.0025,0.0025,0.02,True,0.08426230081633394,independent_direct_policy_rollout,11,adaptive_research_candidate
41,0.12,0.0,0.01444047619047619,0.0025,0.0025,0.02,True,0.08426230081633394,independent_direct_policy_rollout,12,adaptive_research_candidate
41,0.13,0.0,0.01444047619047619,0.0025,0.0025,0.02,True,0.08426230081633394,independent_direct_policy_rollout,13,adaptive_research_candidate
41,0.14,0.0,0.01444047619047619,0.0025,0.0025,0.02,True,0.08426230081633394,independent_direct_policy_rollout,14,adaptive_research_candidate
41,0.15000000000000002,0.02142857142857143,0.01444047619047619,0.0025,0.0025,0.02,True,0.08426230081633394,independent_direct_policy_rollout,15,adaptive_research_candidate
41,0.16,0.0,0.01444047619047619,0.0025,0.0025,0.02,True,0.08426230081633394,independent_direct_policy_rollout,16,adaptive_research_candidate
41,0.17,0.0,0.01444047619047619,0.0025,0.0025,0.02,True,0.08426230081633394,independent_direct_policy_rollout,17,adaptive_research_candidate
41,0.18000000000000002,0.002380952380952381,0.01444047619047619,0.0025,0.0025,0.02,True,0.08426230081633394,independent_direct_policy_rollout,18,adaptive_research_candidate
41,0.19,0.023809523809523808,0.01444047619047619,0.0025,0.0025,0.02,True,0.08426230081633394,independent_direct_policy_rollout,19,adaptive_research_candidate
41,0.2,0.0,0.01444047619047619,0.0025,0.0025,0.02,True,0.08426230081633394,independent_direct_policy_rollout,20,adaptive_research_candidate
42,0.0025,0.7642857142857142,0.02945833333333333,0.0025,0.0025,0.09999999999999999,True,0.06538630964223772,independent_direct_policy_rollout,0,adaptive_research_candidate
42,0.01,0.002380952380952381,0.02945833333333333,0.0025,0.0025,0.09999999999999999,True,0.06538630964223772,independent_direct_policy_rollout,1,adaptive_research_candidate
42,0.02,0.0,0.02945833333333333,0.0025,0.0025,0.09999999999999999,True,0.06538630964223772,independent_direct_policy_rollout,2,adaptive_research_candidate
42,0.03,0.004761904761904762,0.02945833333333333,0.0025,0.0025,0.09999999999999999,True,0.06538630964223772,independent_direct_policy_rollout,3,adaptive_research_candidate
42,0.04,0.0,0.02945833333333333,0.0025,0.0025,0.09999999999999999,True,0.06538630964223772,independent_direct_policy_rollout,4,adaptive_research_candidate
42,0.05,0.0,0.02945833333333333,0.0025,0.0025,0.09999999999999999,True,0.06538630964223772,independent_direct_policy_rollout,5,adaptive_research_candidate
42,0.060000000000000005,0.0,0.02945833333333333,0.0025,0.0025,0.09999999999999999,True,0.06538630964223772,independent_direct_policy_rollout,6,adaptive_research_candidate
42,0.06999999999999999,0.009523809523809525,0.02945833333333333,0.0025,0.0025,0.09999999999999999,True,0.06538630964223772,independent_direct_policy_rollout,7,adaptive_research_candidate
42,0.08,0.01904761904761905,0.02945833333333333,0.0025,0.0025,0.09999999999999999,True,0.06538630964223772,independent_direct_policy_rollout,8,adaptive_research_candidate
42,0.09,0.0,0.02945833333333333,0.0025,0.0025,0.09999999999999999,True,0.06538630964223772,independent_direct_policy_rollout,9,adaptive_research_candidate
42,0.09999999999999999,0.11666666666666667,0.02945833333333333,0.0025,0.0025,0.09999999999999999,True,0.06538630964223772,independent_direct_policy_rollout,10,adaptive_research_candidate
42,0.11,0.0,0.02945833333333333,0.0025,0.0025,0.09999999999999999,True,0.06538630964223772,independent_direct_policy_rollout,11,adaptive_research_candidate
42,0.12,0.0,0.02945833333333333,0.0025,0.0025,0.09999999999999999,True,0.06538630964223772,independent_direct_policy_rollout,12,adaptive_research_candidate
42,0.13,0.023809523809523808,0.02945833333333333,0.0025,0.0025,0.09999999999999999,True,0.06538630964223772,independent_direct_policy_rollout,13,adaptive_research_candidate
42,0.14,0.0,0.02945833333333333,0.0025,0.0025,0.09999999999999999,True,0.06538630964223772,independent_direct_policy_rollout,14,adaptive_research_candidate
42,0.15000000000000002,0.009523809523809525,0.02945833333333333,0.0025,0.0025,0.09999999999999999,True,0.06538630964223772,independent_direct_policy_rollout,15,adaptive_research_candidate
42,0.16,0.0,0.02945833333333333,0.0025,0.0025,0.09999999999999999,True,0.06538630964223772,independent_direct_policy_rollout,16,adaptive_research_candidate
42,0.17,0.0,0.02945833333333333,0.0025,0.0025,0.09999999999999999,True,0.06538630964223772,independent_direct_policy_rollout,17,adaptive_research_candidate
42,0.18000000000000002,0.05,0.02945833333333333,0.0025,0.0025,0.09999999999999999,True,0.06538630964223772,independent_direct_policy_rollout,18,adaptive_research_candidate
42,0.19,0.0,0.02945833333333333,0.0025,0.0025,0.09999999999999999,True,0.06538630964223772,independent_direct_policy_rollout,19,adaptive_research_candidate
42,0.2,0.0,0.02945833333333333,0.0025,0.0025,0.09999999999999999,True,0.06538630964223772,independent_direct_policy_rollout,20,adaptive_research_candidate
43,0.0025,0.5714285714285714,0.04538095238095238,0.0025,0.0025,0.19,True,0.0483672519521833,independent_direct_policy_rollout,0,adaptive_research_candidate
43,0.01,0.1,0.04538095238095238,0.0025,0.0025,0.19,True,0.0483672519521833,independent_direct_policy_rollout,1,adaptive_research_candidate
43,0.02,0.002380952380952381,0.04538095238095238,0.0025,0.0025,0.19,True,0.0483672519521833,independent_direct_policy_rollout,2,adaptive_research_candidate
43,0.03,0.0,0.04538095238095238,0.0025,0.0025,0.19,True,0.0483672519521833,independent_direct_policy_rollout,3,adaptive_research_candidate
43,0.04,0.0880952380952381,0.04538095238095238,0.0025,0.0025,0.19,True,0.0483672519521833,independent_direct_policy_rollout,4,adaptive_research_candidate
43,0.05,0.007142857142857143,0.04538095238095238,0.0025,0.0025,0.19,True,0.0483672519521833,independent_direct_policy_rollout,5,adaptive_research_candidate
43,0.060000000000000005,0.02142857142857143,0.04538095238095238,0.0025,0.0025,0.19,True,0.0483672519521833,independent_direct_policy_rollout,6,adaptive_research_candidate
43,0.06999999999999999,0.0,0.04538095238095238,0.0025,0.0025,0.19,True,0.0483672519521833,independent_direct_policy_rollout,7,adaptive_research_candidate
43,0.08,0.0,0.04538095238095238,0.0025,0.0025,0.19,True,0.0483672519521833,independent_direct_policy_rollout,8,adaptive_research_candidate
43,0.09,0.0,0.04538095238095238,0.0025,0.0025,0.19,True,0.0483672519521833,independent_direct_policy_rollout,9,adaptive_research_candidate
43,0.09999999999999999,0.0,0.04538095238095238,0.0025,0.0025,0.19,True,0.0483672519521833,independent_direct_policy_rollout,10,adaptive_research_candidate
43,0.11,0.0,0.04538095238095238,0.0025,0.0025,0.19,True,0.0483672519521833,independent_direct_policy_rollout,11,adaptive_research_candidate
43,0.12,0.0,0.04538095238095238,0.0025,0.0025,0.19,True,0.0483672519521833,independent_direct_policy_rollout,12,adaptive_research_candidate
43,0.13,0.002380952380952381,0.04538095238095238,0.0025,0.0025,0.19,True,0.0483672519521833,independent_direct_policy_rollout,13,adaptive_research_candidate
43,0.14,0.0,0.04538095238095238,0.0025,0.0025,0.19,True,0.0483672519521833,independent_direct_policy_rollout,14,adaptive_research_candidate
43,0.15000000000000002,0.0,0.04538095238095238,0.0025,0.0025,0.19,True,0.0483672519521833,independent_direct_policy_rollout,15,adaptive_research_candidate
43,0.16,0.002380952380952381,0.04538095238095238,0.0025,0.0025,0.19,True,0.0483672519521833,independent_direct_policy_rollout,16,adaptive_research_candidate
43,0.17,0.09285714285714286,0.04538095238095238,0.0025,0.0025,0.19,True,0.0483672519521833,independent_direct_policy_rollout,17,adaptive_research_candidate
43,0.18000000000000002,0.0,0.04538095238095238,0.0025,0.0025,0.19,True,0.0483672519521833,independent_direct_policy_rollout,18,adaptive_research_candidate
43,0.19,0.11190476190476191,0.04538095238095238,0.0025,0.0025,0.19,True,0.0483672519521833,independent_direct_policy_rollout,19,adaptive_research_candidate
43,0.2,0.0,0.04538095238095238,0.0025,0.0025,0.19,True,0.0483672519521833,independent_direct_policy_rollout,20,adaptive_research_candidate
44,0.0025,0.6619047619047619,0.021869047619047614,0.0025,0.0025,0.04,True,0.035118401596886936,independent_direct_policy_rollout,0,adaptive_research_candidate
44,0.01,0.02619047619047619,0.021869047619047614,0.0025,0.0025,0.04,True,0.035118401596886936,independent_direct_policy_rollout,1,adaptive_research_candidate
44,0.02,0.0,0.021869047619047614,0.0025,0.0025,0.04,True,0.035118401596886936,independent_direct_policy_rollout,2,adaptive_research_candidate
44,0.03,0.023809523809523808,0.021869047619047614,0.0025,0.0025,0.04,True,0.035118401596886936,independent_direct_policy_rollout,3,adaptive_research_candidate
44,0.04,0.19285714285714287,0.021869047619047614,0.0025,0.0025,0.04,True,0.035118401596886936,independent_direct_policy_rollout,4,adaptive_research_candidate
44,0.05,0.0,0.021869047619047614,0.0025,0.0025,0.04,True,0.035118401596886936,independent_direct_policy_rollout,5,adaptive_research_candidate
44,0.060000000000000005,0.0,0.021869047619047614,0.0025,0.0025,0.04,True,0.035118401596886936,independent_direct_policy_rollout,6,adaptive_research_candidate
44,0.06999999999999999,0.0,0.021869047619047614,0.0025,0.0025,0.04,True,0.035118401596886936,independent_direct_policy_rollout,7,adaptive_research_candidate
44,0.08,0.0,0.021869047619047614,0.0025,0.0025,0.04,True,0.035118401596886936,independent_direct_policy_rollout,8,adaptive_research_candidate
44,0.09,0.0,0.021869047619047614,0.0025,0.0025,0.04,True,0.035118401596886936,independent_direct_policy_rollout,9,adaptive_research_candidate
44,0.09999999999999999,0.05238095238095238,0.021869047619047614,0.0025,0.0025,0.04,True,0.035118401596886936,independent_direct_policy_rollout,10,adaptive_research_candidate
44,0.11,0.0,0.021869047619047614,0.0025,0.0025,0.04,True,0.035118401596886936,independent_direct_policy_rollout,11,adaptive_research_candidate
44,0.12,0.0,0.021869047619047614,0.0025,0.0025,0.04,True,0.035118401596886936,independent_direct_policy_rollout,12,adaptive_research_candidate
44,0.13,0.01904761904761905,0.021869047619047614,0.0025,0.0025,0.04,True,0.035118401596886936,independent_direct_policy_rollout,13,adaptive_research_candidate
44,0.14,0.0,0.021869047619047614,0.0025,0.0025,0.04,True,0.035118401596886936,independent_direct_policy_rollout,14,adaptive_research_candidate
44,0.15000000000000002,0.0,0.021869047619047614,0.0025,0.0025,0.04,True,0.035118401596886936,independent_direct_policy_rollout,15,adaptive_research_candidate
44,0.16,0.023809523809523808,0.021869047619047614,0.0025,0.0025,0.04,True,0.035118401596886936,independent_direct_policy_rollout,16,adaptive_research_candidate
44,0.17,0.0,0.021869047619047614,0.0025,0.0025,0.04,True,0.035118401596886936,independent_direct_policy_rollout,17,adaptive_research_candidate
44,0.18000000000000002,0.0,0.021869047619047614,0.0025,0.0025,0.04,True,0.035118401596886936,independent_direct_policy_rollout,18,adaptive_research_candidate
44,0.19,0.0,0.021869047619047614,0.0025,0.0025,0.04,True,0.035118401596886936,independent_direct_policy_rollout,19,adaptive_research_candidate
44,0.2,0.0,0.021869047619047614,0.0025,0.0025,0.04,True,0.035118401596886936,independent_direct_policy_rollout,20,adaptive_research_candidate
45,0.0025,0.8476190476190476,0.007547619047619049,0.0025,0.0025,0.01,True,0.025569063310771935,independent_direct_policy_rollout,0,adaptive_research_candidate
45,0.01,0.08571428571428572,0.007547619047619049,0.0025,0.0025,0.01,True,0.025569063310771935,independent_direct_policy_rollout,1,adaptive_research_candidate
45,0.02,0.0,0.007547619047619049,0.0025,0.0025,0.01,True,0.025569063310771935,independent_direct_policy_rollout,2,adaptive_research_candidate
45,0.03,0.011904761904761904,0.007547619047619049,0.0025,0.0025,0.01,True,0.025569063310771935,independent_direct_policy_rollout,3,adaptive_research_candidate
45,0.04,0.0,0.007547619047619049,0.0025,0.0025,0.01,True,0.025569063310771935,independent_direct_policy_rollout,4,adaptive_research_candidate
45,0.05,0.007142857142857143,0.007547619047619049,0.0025,0.0025,0.01,True,0.025569063310771935,independent_direct_policy_rollout,5,adaptive_research_candidate
45,0.060000000000000005,0.03333333333333333,0.007547619047619049,0.0025,0.0025,0.01,True,0.025569063310771935,independent_direct_policy_rollout,6,adaptive_research_candidate
45,0.06999999999999999,0.002380952380952381,0.007547619047619049,0.0025,0.0025,0.01,True,0.025569063310771935,independent_direct_policy_rollout,7,adaptive_research_candidate
45,0.08,0.0,0.007547619047619049,0.0025,0.0025,0.01,True,0.025569063310771935,independent_direct_policy_rollout,8,adaptive_research_candidate
45,0.09,0.002380952380952381,0.007547619047619049,0.0025,0.0025,0.01,True,0.025569063310771935,independent_direct_policy_rollout,9,adaptive_research_candidate
45,0.09999999999999999,0.0,0.007547619047619049,0.0025,0.0025,0.01,True,0.025569063310771935,independent_direct_policy_rollout,10,adaptive_research_candidate
45,0.11,0.0,0.007547619047619049,0.0025,0.0025,0.01,True,0.025569063310771935,independent_direct_policy_rollout,11,adaptive_research_candidate
45,0.12,0.004761904761904762,0.007547619047619049,0.0025,0.0025,0.01,True,0.025569063310771935,independent_direct_policy_rollout,12,adaptive_research_candidate
45,0.13,0.0,0.007547619047619049,0.0025,0.0025,0.01,True,0.025569063310771935,independent_direct_policy_rollout,13,adaptive_research_candidate
45,0.14,0.0,0.007547619047619049,0.0025,0.0025,0.01,True,0.025569063310771935,independent_direct_policy_rollout,14,adaptive_research_candidate
45,0.15000000000000002,0.0,0.007547619047619049,0.0025,0.0025,0.01,True,0.025569063310771935,independent_direct_policy_rollout,15,adaptive_research_candidate
45,0.16,0.0,0.007547619047619049,0.0025,0.0025,0.01,True,0.025569063310771935,independent_direct_policy_rollout,16,adaptive_research_candidate
45,0.17,0.0,0.007547619047619049,0.0025,0.0025,0.01,True,0.025569063310771935,independent_direct_policy_rollout,17,adaptive_research_candidate
45,0.18000000000000002,0.0,0.007547619047619049,0.0025,0.0025,0.01,True,0.025569063310771935,independent_direct_policy_rollout,18,adaptive_research_candidate
45,0.19,0.004761904761904762,0.007547619047619049,0.0025,0.0025,0.01,True,0.025569063310771935,independent_direct_policy_rollout,19,adaptive_research_candidate
45,0.2,0.0,0.007547619047619049,0.0025,0.0025,0.01,True,0.025569063310771935,independent_direct_policy_rollout,20,adaptive_research_candidate
46,0.0025,0.85,0.016005952380952378,0.0025,0.0025,0.11,True,0.018302268607012173,independent_direct_policy_rollout,0,adaptive_research_candidate
46,0.01,0.004761904761904762,0.016005952380952378,0.0025,0.0025,0.11,True,0.018302268607012173,independent_direct_policy_rollout,1,adaptive_research_candidate
46,0.02,0.023809523809523808,0.016005952380952378,0.0025,0.0025,0.11,True,0.018302268607012173,independent_direct_policy_rollout,2,adaptive_research_candidate
46,0.03,0.004761904761904762,0.016005952380952378,0.0025,0.0025,0.11,True,0.018302268607012173,independent_direct_policy_rollout,3,adaptive_research_candidate
46,0.04,0.0,0.016005952380952378,0.0025,0.0025,0.11,True,0.018302268607012173,independent_direct_policy_rollout,4,adaptive_research_candidate
46,0.05,0.0,0.016005952380952378,0.0025,0.0025,0.11,True,0.018302268607012173,independent_direct_policy_rollout,5,adaptive_research_candidate
46,0.060000000000000005,0.0,0.016005952380952378,0.0025,0.0025,0.11,True,0.018302268607012173,independent_direct_policy_rollout,6,adaptive_research_candidate
46,0.06999999999999999,0.0,0.016005952380952378,0.0025,0.0025,0.11,True,0.018302268607012173,independent_direct_policy_rollout,7,adaptive_research_candidate
46,0.08,0.0,0.016005952380952378,0.0025,0.0025,0.11,True,0.018302268607012173,independent_direct_policy_rollout,8,adaptive_research_candidate
46,0.09,0.0,0.016005952380952378,0.0025,0.0025,0.11,True,0.018302268607012173,independent_direct_policy_rollout,9,adaptive_research_candidate
46,0.09999999999999999,0.0,0.016005952380952378,0.0025,0.0025,0.11,True,0.018302268607012173,independent_direct_policy_rollout,10,adaptive_research_candidate
46,0.11,0.11190476190476191,0.016005952380952378,0.0025,0.0025,0.11,True,0.018302268607012173,independent_direct_policy_rollout,11,adaptive_research_candidate
46,0.12,0.0,0.016005952380952378,0.0025,0.0025,0.11,True,0.018302268607012173,independent_direct_policy_rollout,12,adaptive_research_candidate
46,0.13,0.0,0.016005952380952378,0.0025,0.0025,0.11,True,0.018302268607012173,independent_direct_policy_rollout,13,adaptive_research_candidate
46,0.14,0.0,0.016005952380952378,0.0025,0.0025,0.11,True,0.018302268607012173,independent_direct_policy_rollout,14,adaptive_research_candidate
46,0.15000000000000002,0.0,0.016005952380952378,0.0025,0.0025,0.11,True,0.018302268607012173,independent_direct_policy_rollout,15,adaptive_research_candidate
46,0.16,0.0,0.016005952380952378,0.0025,0.0025,0.11,True,0.018302268607012173,independent_direct_policy_rollout,16,adaptive_research_candidate
46,0.17,0.0,0.016005952380952378,0.0025,0.0025,0.11,True,0.018302268607012173,independent_direct_policy_rollout,17,adaptive_research_candidate
46,0.18000000000000002,0.0,0.016005952380952378,0.0025,0.0025,0.11,True,0.018302268607012173,independent_direct_policy_rollout,18,adaptive_research_candidate
46,0.19,0.004761904761904762,0.016005952380952378,0.0025,0.0025,0.11,True,0.018302268607012173,independent_direct_policy_rollout,19,adaptive_research_candidate
46,0.2,0.0,0.016005952380952378,0.0025,0.0025,0.11,True,0.018302268607012173,independent_direct_policy_rollout,20,adaptive_research_candidate
47,0.0025,0.9261904761904762,0.007077380952380953,0.0025,0.0025,0.0025,True,0.011718896269678536,independent_direct_policy_rollout,0,adaptive_research_candidate
47,0.01,0.004761904761904762,0.007077380952380953,0.0025,0.0025,0.0025,True,0.011718896269678536,independent_direct_policy_rollout,1,adaptive_research_candidate
47,0.02,0.0,0.007077380952380953,0.0025,0.0025,0.0025,True,0.011718896269678536,independent_direct_policy_rollout,2,adaptive_research_candidate
47,0.03,0.0,0.007077380952380953,0.0025,0.0025,0.0025,True,0.011718896269678536,independent_direct_policy_rollout,3,adaptive_research_candidate
47,0.04,0.0,0.007077380952380953,0.0025,0.0025,0.0025,True,0.011718896269678536,independent_direct_policy_rollout,4,adaptive_research_candidate
47,0.05,0.04047619047619048,0.007077380952380953,0.0025,0.0025,0.0025,True,0.011718896269678536,independent_direct_policy_rollout,5,adaptive_research_candidate
47,0.060000000000000005,0.0,0.007077380952380953,0.0025,0.0025,0.0025,True,0.011718896269678536,independent_direct_policy_rollout,6,adaptive_research_candidate
47,0.06999999999999999,0.0,0.007077380952380953,0.0025,0.0025,0.0025,True,0.011718896269678536,independent_direct_policy_rollout,7,adaptive_research_candidate
47,0.08,0.016666666666666666,0.007077380952380953,0.0025,0.0025,0.0025,True,0.011718896269678536,independent_direct_policy_rollout,8,adaptive_research_candidate
47,0.09,0.0,0.007077380952380953,0.0025,0.0025,0.0025,True,0.011718896269678536,independent_direct_policy_rollout,9,adaptive_research_candidate
47,0.09999999999999999,0.009523809523809525,0.007077380952380953,0.0025,0.0025,0.0025,True,0.011718896269678536,independent_direct_policy_rollout,10,adaptive_research_candidate
47,0.11,0.0,0.007077380952380953,0.0025,0.0025,0.0025,True,0.011718896269678536,independent_direct_policy_rollout,11,adaptive_research_candidate
47,0.12,0.0,0.007077380952380953,0.0025,0.0025,0.0025,True,0.011718896269678536,independent_direct_policy_rollout,12,adaptive_research_candidate
47,0.13,0.0,0.007077380952380953,0.0025,0.0025,0.0025,True,0.011718896269678536,independent_direct_policy_rollout,13,adaptive_research_candidate
47,0.14,0.0,0.007077380952380953,0.0025,0.0025,0.0025,True,0.011718896269678536,independent_direct_policy_rollout,14,adaptive_research_candidate
47,0.15000000000000002,0.0,0.007077380952380953,0.0025,0.0025,0.0025,True,0.011718896269678536,independent_direct_policy_rollout,15,adaptive_research_candidate
47,0.16,0.0,0.007077380952380953,0.0025,0.0025,0.0025,True,0.011718896269678536,independent_direct_policy_rollout,16,adaptive_research_candidate
47,0.17,0.002380952380952381,0.007077380952380953,0.0025,0.0025,0.0025,True,0.011718896269678536,independent_direct_policy_rollout,17,adaptive_research_candidate
47,0.18000000000000002,0.0,0.007077380952380953,0.0025,0.0025,0.0025,True,0.011718896269678536,independent_direct_policy_rollout,18,adaptive_research_candidate
47,0.19,0.0,0.007077380952380953,0.0025,0.0025,0.0025,True,0.011718896269678536,independent_direct_policy_rollout,19,adaptive_research_candidate
47,0.2,0.0,0.007077380952380953,0.0025,0.0025,0.0025,True,0.011718896269678536,independent_direct_policy_rollout,20,adaptive_research_candidate
48,0.0025,0.8023809523809524,0.010386904761904764,0.0025,0.0025,0.04,True,0.006332834447993044,independent_direct_policy_rollout,0,adaptive_research_candidate
48,0.01,0.002380952380952381,0.010386904761904764,0.0025,0.0025,0.04,True,0.006332834447993044,independent_direct_policy_rollout,1,adaptive_research_candidate
48,0.02,0.0,0.010386904761904764,0.0025,0.0025,0.04,True,0.006332834447993044,independent_direct_policy_rollout,2,adaptive_research_candidate
48,0.03,0.0,0.010386904761904764,0.0025,0.0025,0.04,True,0.006332834447993044,independent_direct_policy_rollout,3,adaptive_research_candidate
48,0.04,0.14047619047619048,0.010386904761904764,0.0025,0.0025,0.04,True,0.006332834447993044,independent_direct_policy_rollout,4,adaptive_research_candidate
48,0.05,0.05476190476190476,0.010386904761904764,0.0025,0.0025,0.04,True,0.006332834447993044,independent_direct_policy_rollout,5,adaptive_research_candidate
48,0.060000000000000005,0.0,0.010386904761904764,0.0025,0.0025,0.04,True,0.006332834447993044,independent_direct_policy_rollout,6,adaptive_research_candidate
48,0.06999999999999999,0.0,0.010386904761904764,0.0025,0.0025,0.04,True,0.006332834447993044,independent_direct_policy_rollout,7,adaptive_research_candidate
48,0.08,0.0,0.010386904761904764,0.0025,0.0025,0.04,True,0.006332834447993044,independent_direct_policy_rollout,8,adaptive_research_candidate
48,0.09,0.0,0.010386904761904764,0.0025,0.0025,0.04,True,0.006332834447993044,independent_direct_policy_rollout,9,adaptive_research_candidate
48,0.09999999999999999,0.0,0.010386904761904764,0.0025,0.0025,0.04,True,0.006332834447993044,independent_direct_policy_rollout,10,adaptive_research_candidate
48,0.11,0.0,0.010386904761904764,0.0025,0.0025,0.04,True,0.006332834447993044,independent_direct_policy_rollout,11,adaptive_research_candidate
48,0.12,0.0,0.010386904761904764,0.0025,0.0025,0.04,True,0.006332834447993044,independent_direct_policy_rollout,12,adaptive_research_candidate
48,0.13,0.0,0.010386904761904764,0.0025,0.0025,0.04,True,0.006332834447993044,independent_direct_policy_rollout,13,adaptive_research_candidate
48,0.14,0.0,0.010386904761904764,0.0025,0.0025,0.04,True,0.006332834447993044,independent_direct_policy_rollout,14,adaptive_research_candidate
48,0.15000000000000002,0.0,0.010386904761904764,0.0025,0.0025,0.04,True,0.006332834447993044,independent_direct_policy_rollout,15,adaptive_research_candidate
48,0.16,0.0,0.010386904761904764,0.0025,0.0025,0.04,True,0.006332834447993044,independent_direct_policy_rollout,16,adaptive_research_candidate
48,0.17,0.0,0.010386904761904764,0.0025,0.0025,0.04,True,0.006332834447993044,independent_direct_policy_rollout,17,adaptive_research_candidate
48,0.18000000000000002,0.0,0.010386904761904764,0.0025,0.0025,0.04,True,0.006332834447993044,independent_direct_policy_rollout,18,adaptive_research_candidate
48,0.19,0.0,0.010386904761904764,0.0025,0.0025,0.04,True,0.006332834447993044,independent_direct_policy_rollout,19,adaptive_research_candidate
48,0.2,0.0,0.010386904761904764,0.0025,0.0025,0.04,True,0.006332834447993044,independent_direct_policy_rollout,20,adaptive_research_candidate
49,0.0025,0.9166666666666666,0.006767857142857143,0.0025,0.0025,0.0025,True,0.003714325471211911,independent_direct_policy_rollout,0,adaptive_research_candidate
49,0.01,0.0,0.006767857142857143,0.0025,0.0025,0.0025,True,0.003714325471211911,independent_direct_policy_rollout,1,adaptive_research_candidate
49,0.02,0.004761904761904762,0.006767857142857143,0.0025,0.0025,0.0025,True,0.003714325471211911,independent_direct_policy_rollout,2,adaptive_research_candidate
49,0.03,0.023809523809523808,0.006767857142857143,0.0025,0.0025,0.0025,True,0.003714325471211911,independent_direct_policy_rollout,3,adaptive_research_candidate
49,0.04,0.004761904761904762,0.006767857142857143,0.0025,0.0025,0.0025,True,0.003714325471211911,independent_direct_policy_rollout,4,adaptive_research_candidate
49,0.05,0.0,0.006767857142857143,0.0025,0.0025,0.0025,True,0.003714325471211911,independent_direct_policy_rollout,5,adaptive_research_candidate
49,0.060000000000000005,0.0380952380952381,0.006767857142857143,0.0025,0.0025,0.0025,True,0.003714325471211911,independent_direct_policy_rollout,6,adaptive_research_candidate
49,0.06999999999999999,0.0,0.006767857142857143,0.0025,0.0025,0.0025,True,0.003714325471211911,independent_direct_policy_rollout,7,adaptive_research_candidate
49,0.08,0.0,0.006767857142857143,0.0025,0.0025,0.0025,True,0.003714325471211911,independent_direct_policy_rollout,8,adaptive_research_candidate
49,0.09,0.0,0.006767857142857143,0.0025,0.0025,0.0025,True,0.003714325471211911,independent_direct_policy_rollout,9,adaptive_research_candidate
49,0.09999999999999999,0.011904761904761904,0.006767857142857143,0.0025,0.0025,0.0025,True,0.003714325471211911,independent_direct_policy_rollout,10,adaptive_research_candidate
49,0.11,0.0,0.006767857142857143,0.0025,0.0025,0.0025,True,0.003714325471211911,independent_direct_policy_rollout,11,adaptive_research_candidate
49,0.12,0.0,0.006767857142857143,0.0025,0.0025,0.0025,True,0.003714325471211911,independent_direct_policy_rollout,12,adaptive_research_candidate
49,0.13,0.0,0.006767857142857143,0.0025,0.0025,0.0025,True,0.003714325471211911,independent_direct_policy_rollout,13,adaptive_research_candidate
49,0.14,0.0,0.006767857142857143,0.0025,0.0025,0.0025,True,0.003714325471211911,independent_direct_policy_rollout,14,adaptive_research_candidate
49,0.15000000000000002,0.0,0.006767857142857143,0.0025,0.0025,0.0025,True,0.003714325471211911,independent_direct_policy_rollout,15,adaptive_research_candidate
49,0.16,0.0,0.006767857142857143,0.0025,0.0025,0.0025,True,0.003714325471211911,independent_direct_policy_rollout,16,adaptive_research_candidate
49,0.17,0.0,0.006767857142857143,0.0025,0.0025,0.0025,True,0.003714325471211911,independent_direct_policy_rollout,17,adaptive_research_candidate
49,0.18000000000000002,0.0,0.006767857142857143,0.0025,0.0025,0.0025,True,0.003714325471211911,independent_direct_policy_rollout,18,adaptive_research_candidate
49,0.19,0.0,0.006767857142857143,0.0025,0.0025,0.0025,True,0.003714325471211911,independent_direct_policy_rollout,19,adaptive_research_candidate
49,0.2,0.0,0.006767857142857143,0.0025,0.0025,0.0025,True,0.003714325471211911,independent_direct_policy_rollout,20,adaptive_research_candidate
50,0.0025,0.7380952380952381,0.01441666666666667,0.0025,0.0025,0.05,True,0.0020063138793775903,independent_direct_policy_rollout,0,adaptive_research_candidate
50,0.01,0.0,0.01441666666666667,0.0025,0.0025,0.05,True,0.0020063138793775903,independent_direct_policy_rollout,1,adaptive_research_candidate
50,0.02,0.0,0.01441666666666667,0.0025,0.0025,0.05,True,0.0020063138793775903,independent_direct_policy_rollout,2,adaptive_research_candidate
50,0.03,0.0,0.01441666666666667,0.0025,0.0025,0.05,True,0.0020063138793775903,independent_direct_policy_rollout,3,adaptive_research_candidate
50,0.04,0.13095238095238096,0.01441666666666667,0.0025,0.0025,0.05,True,0.0020063138793775903,independent_direct_policy_rollout,4,adaptive_research_candidate
50,0.05,0.05238095238095238,0.01441666666666667,0.0025,0.0025,0.05,True,0.0020063138793775903,independent_direct_policy_rollout,5,adaptive_research_candidate
50,0.060000000000000005,0.07857142857142857,0.01441666666666667,0.0025,0.0025,0.05,True,0.0020063138793775903,independent_direct_policy_rollout,6,adaptive_research_candidate
50,0.06999999999999999,0.0,0.01441666666666667,0.0025,0.0025,0.05,True,0.0020063138793775903,independent_direct_policy_rollout,7,adaptive_research_candidate
50,0.08,0.0,0.01441666666666667,0.0025,0.0025,0.05,True,0.0020063138793775903,independent_direct_policy_rollout,8,adaptive_research_candidate
50,0.09,0.0,0.01441666666666667,0.0025,0.0025,0.05,True,0.0020063138793775903,independent_direct_policy_rollout,9,adaptive_research_candidate
50,0.09999999999999999,0.0,0.01441666666666667,0.0025,0.0025,0.05,True,0.0020063138793775903,independent_direct_policy_rollout,10,adaptive_research_candidate
50,0.11,0.0,0.01441666666666667,0.0025,0.0025,0.05,True,0.0020063138793775903,independent_direct_policy_rollout,11,adaptive_research_candidate
50,0.12,0.0,0.01441666666666667,0.0025,0.0025,0.05,True,0.0020063138793775903,independent_direct_policy_rollout,12,adaptive_research_candidate
50,0.13,0.0,0.01441666666666667,0.0025,0.0025,0.05,True,0.0020063138793775903,independent_direct_policy_rollout,13,adaptive_research_candidate
50,0.14,0.0,0.01441666666666667,0.0025,0.0025,0.05,True,0.0020063138793775903,independent_direct_policy_rollout,14,adaptive_research_candidate
50,0.15000000000000002,0.0,0.01441666666666667,0.0025,0.0025,0.05,True,0.0020063138793775903,independent_direct_policy_rollout,15,adaptive_research_candidate
50,0.16,0.0,0.01441666666666667,0.0025,0.0025,0.05,True,0.0020063138793775903,independent_direct_policy_rollout,16,adaptive_research_candidate
50,0.17,0.0,0.01441666666666667,0.0025,0.0025,0.05,True,0.0020063138793775903,independent_direct_policy_rollout,17,adaptive_research_candidate
50,0.18000000000000002,0.0,0.01441666666666667,0.0025,0.0025,0.05,True,0.0020063138793775903,independent_direct_policy_rollout,18,adaptive_research_candidate
50,0.19,0.0,0.01441666666666667,0.0025,0.0025,0.05,True,0.0020063138793775903,independent_direct_policy_rollout,19,adaptive_research_candidate
50,0.2,0.0,0.01441666666666667,0.0025,0.0025,0.05,True,0.0020063138793775903,independent_direct_policy_rollout,20,adaptive_research_candidate
51,0.0025,0.7857142857142857,0.01117857142857143,0.0025,0.0025,0.04,True,0.0010152523682677116,independent_direct_policy_rollout,0,adaptive_research_candidate
51,0.01,0.01904761904761905,0.01117857142857143,0.0025,0.0025,0.04,True,0.0010152523682677116,independent_direct_policy_rollout,1,adaptive_research_candidate
51,0.02,0.0,0.01117857142857143,0.0025,0.0025,0.04,True,0.0010152523682677116,independent_direct_policy_rollout,2,adaptive_research_candidate
51,0.03,0.016666666666666666,0.01117857142857143,0.0025,0.0025,0.04,True,0.0010152523682677116,independent_direct_policy_rollout,3,adaptive_research_candidate
51,0.04,0.14285714285714285,0.01117857142857143,0.0025,0.0025,0.04,True,0.0010152523682677116,independent_direct_policy_rollout,4,adaptive_research_candidate
51,0.05,0.0,0.01117857142857143,0.0025,0.0025,0.04,True,0.0010152523682677116,independent_direct_policy_rollout,5,adaptive_research_candidate
51,0.060000000000000005,0.023809523809523808,0.01117857142857143,0.0025,0.0025,0.04,True,0.0010152523682677116,independent_direct_policy_rollout,6,adaptive_research_candidate
51,0.06999999999999999,0.0,0.01117857142857143,0.0025,0.0025,0.04,True,0.0010152523682677116,independent_direct_policy_rollout,7,adaptive_research_candidate
51,0.08,0.0,0.01117857142857143,0.0025,0.0025,0.04,True,0.0010152523682677116,independent_direct_policy_rollout,8,adaptive_research_candidate
51,0.09,0.0,0.01117857142857143,0.0025,0.0025,0.04,True,0.0010152523682677116,independent_direct_policy_rollout,9,adaptive_research_candidate
51,0.09999999999999999,0.009523809523809525,0.01117857142857143,0.0025,0.0025,0.04,True,0.0010152523682677116,independent_direct_policy_rollout,10,adaptive_research_candidate
51,0.11,0.0,0.01117857142857143,0.0025,0.0025,0.04,True,0.0010152523682677116,independent_direct_policy_rollout,11,adaptive_research_candidate
51,0.12,0.0,0.01117857142857143,0.0025,0.0025,0.04,True,0.0010152523682677116,independent_direct_policy_rollout,12,adaptive_research_candidate
51,0.13,0.0,0.01117857142857143,0.0025,0.0025,0.04,True,0.0010152523682677116,independent_direct_policy_rollout,13,adaptive_research_candidate
51,0.14,0.0,0.01117857142857143,0.0025,0.0025,0.04,True,0.0010152523682677116,independent_direct_policy_rollout,14,adaptive_research_candidate
51,0.15000000000000002,0.0,0.01117857142857143,0.0025,0.0025,0.04,True,0.0010152523682677116,independent_direct_policy_rollout,15,adaptive_research_candidate
51,0.16,0.0,0.01117857142857143,0.0025,0.0025,0.04,True,0.0010152523682677116,independent_direct_policy_rollout,16,adaptive_research_candidate
51,0.17,0.0,0.01117857142857143,0.0025,0.0025,0.04,True,0.0010152523682677116,independent_direct_policy_rollout,17,adaptive_research_candidate
51,0.18000000000000002,0.002380952380952381,0.01117857142857143,0.0025,0.0025,0.04,True,0.0010152523682677116,independent_direct_policy_rollout,18,adaptive_research_candidate
51,0.19,0.0,0.01117857142857143,0.0025,0.0025,0.04,True,0.0010152523682677116,independent_direct_policy_rollout,19,adaptive_research_candidate
51,0.2,0.0,0.01117857142857143,0.0025,0.0025,0.04,True,0.0010152523682677116,independent_direct_policy_rollout,20,adaptive_research_candidate
52,0.0025,0.7833333333333333,0.015958333333333335,0.0025,0.0025,0.04,True,0.0004779703052539133,independent_direct_policy_rollout,0,adaptive_research_candidate
52,0.01,0.002380952380952381,0.015958333333333335,0.0025,0.0025,0.04,True,0.0004779703052539133,independent_direct_policy_rollout,1,adaptive_research_candidate
52,0.02,0.0,0.015958333333333335,0.0025,0.0025,0.04,True,0.0004779703052539133,independent_direct_policy_rollout,2,adaptive_research_candidate
52,0.03,0.02142857142857143,0.015958333333333335,0.0025,0.0025,0.04,True,0.0004779703052539133,independent_direct_policy_rollout,3,adaptive_research_candidate
52,0.04,0.14047619047619048,0.015958333333333335,0.0025,0.0025,0.04,True,0.0004779703052539133,independent_direct_policy_rollout,4,adaptive_research_candidate
52,0.05,0.0,0.015958333333333335,0.0025,0.0025,0.04,True,0.0004779703052539133,independent_direct_policy_rollout,5,adaptive_research_candidate
52,0.060000000000000005,0.0,0.015958333333333335,0.0025,0.0025,0.04,True,0.0004779703052539133,independent_direct_policy_rollout,6,adaptive_research_candidate
52,0.06999999999999999,0.0,0.015958333333333335,0.0025,0.0025,0.04,True,0.0004779703052539133,independent_direct_policy_rollout,7,adaptive_research_candidate
52,0.08,0.0,0.015958333333333335,0.0025,0.0025,0.04,True,0.0004779703052539133,independent_direct_policy_rollout,8,adaptive_research_candidate
52,0.09,0.0,0.015958333333333335,0.0025,0.0025,0.04,True,0.0004779703052539133,independent_direct_policy_rollout,9,adaptive_research_candidate
52,0.09999999999999999,0.0,0.015958333333333335,0.0025,0.0025,0.04,True,0.0004779703052539133,independent_direct_policy_rollout,10,adaptive_research_candidate
52,0.11,0.0,0.015958333333333335,0.0025,0.0025,0.04,True,0.0004779703052539133,independent_direct_policy_rollout,11,adaptive_research_candidate
52,0.12,0.0,0.015958333333333335,0.0025,0.0025,0.04,True,0.0004779703052539133,independent_direct_policy_rollout,12,adaptive_research_candidate
52,0.13,0.0,0.015958333333333335,0.0025,0.0025,0.04,True,0.0004779703052539133,independent_direct_policy_rollout,13,adaptive_research_candidate
52,0.14,0.014285714285714285,0.015958333333333335,0.0025,0.0025,0.04,True,0.0004779703052539133,independent_direct_policy_rollout,14,adaptive_research_candidate
52,0.15000000000000002,0.0380952380952381,0.015958333333333335,0.0025,0.0025,0.04,True,0.0004779703052539133,independent_direct_policy_rollout,15,adaptive_research_candidate
52,0.16,0.0,0.015958333333333335,0.0025,0.0025,0.04,True,0.0004779703052539133,independent_direct_policy_rollout,16,adaptive_research_candidate
52,0.17,0.0,0.015958333333333335,0.0025,0.0025,0.04,True,0.0004779703052539133,independent_direct_policy_rollout,17,adaptive_research_candidate
52,0.18000000000000002,0.0,0.015958333333333335,0.0025,0.0025,0.04,True,0.0004779703052539133,independent_direct_policy_rollout,18,adaptive_research_candidate
52,0.19,0.0,0.015958333333333335,0.0025,0.0025,0.04,True,0.0004779703052539133,independent_direct_policy_rollout,19,adaptive_research_candidate
52,0.2,0.0,0.015958333333333335,0.0025,0.0025,0.04,True,0.0004779703052539133,independent_direct_policy_rollout,20,adaptive_research_candidate
53,0.0025,0.6880952380952381,0.014577380952380951,0.0025,0.0025,0.05,True,0.00020775748533025142,independent_direct_policy_rollout,0,adaptive_research_candidate
53,0.01,0.06190476190476191,0.014577380952380951,0.0025,0.0025,0.05,True,0.00020775748533025142,independent_direct_policy_rollout,1,adaptive_research_candidate
53,0.02,0.13333333333333333,0.014577380952380951,0.0025,0.0025,0.05,True,0.00020775748533025142,independent_direct_policy_rollout,2,adaptive_research_candidate
53,0.03,0.0,0.014577380952380951,0.0025,0.0025,0.05,True,0.00020775748533025142,independent_direct_policy_rollout,3,adaptive_research_candidate
53,0.04,0.0,0.014577380952380951,0.0025,0.0025,0.05,True,0.00020775748533025142,independent_direct_policy_rollout,4,adaptive_research_candidate
53,0.05,0.05714285714285714,0.014577380952380951,0.0025,0.0025,0.05,True,0.00020775748533025142,independent_direct_policy_rollout,5,adaptive_research_candidate
53,0.060000000000000005,0.0,0.014577380952380951,0.0025,0.0025,0.05,True,0.00020775748533025142,independent_direct_policy_rollout,6,adaptive_research_candidate
53,0.06999999999999999,0.0,0.014577380952380951,0.0025,0.0025,0.05,True,0.00020775748533025142,independent_direct_policy_rollout,7,adaptive_research_candidate
53,0.08,0.0,0.014577380952380951,0.0025,0.0025,0.05,True,0.00020775748533025142,independent_direct_policy_rollout,8,adaptive_research_candidate
53,0.09,0.0,0.014577380952380951,0.0025,0.0025,0.05,True,0.00020775748533025142,independent_direct_policy_rollout,9,adaptive_research_candidate
53,0.09999999999999999,0.0,0.014577380952380951,0.0025,0.0025,0.05,True,0.00020775748533025142,independent_direct_policy_rollout,10,adaptive_research_candidate
53,0.11,0.04285714285714286,0.014577380952380951,0.0025,0.0025,0.05,True,0.00020775748533025142,independent_direct_policy_rollout,11,adaptive_research_candidate
53,0.12,0.016666666666666666,0.014577380952380951,0.0025,0.0025,0.05,True,0.00020775748533025142,independent_direct_policy_rollout,12,adaptive_research_candidate
53,0.13,0.0,0.014577380952380951,0.0025,0.0025,0.05,True,0.00020775748533025142,independent_direct_policy_rollout,13,adaptive_research_candidate
53,0.14,0.0,0.014577380952380951,0.0025,0.0025,0.05,True,0.00020775748533025142,independent_direct_policy_rollout,14,adaptive_research_candidate
53,0.15000000000000002,0.0,0.014577380952380951,0.0025,0.0025,0.05,True,0.00020775748533025142,independent_direct_policy_rollout,15,adaptive_research_candidate
53,0.16,0.0,0.014577380952380951,0.0025,0.0025,0.05,True,0.00020775748533025142,independent_direct_policy_rollout,16,adaptive_research_candidate
53,0.17,0.0,0.014577380952380951,0.0025,0.0025,0.05,True,0.00020775748533025142,independent_direct_policy_rollout,17,adaptive_research_candidate
53,0.18000000000000002,0.0,0.014577380952380951,0.0025,0.0025,0.05,True,0.00020775748533025142,independent_direct_policy_rollout,18,adaptive_research_candidate
53,0.19,0.0,0.014577380952380951,0.0025,0.0025,0.05,True,0.00020775748533025142,independent_direct_policy_rollout,19,adaptive_research_candidate
53,0.2,0.0,0.014577380952380951,0.0025,0.0025,0.05,True,0.00020775748533025142,independent_direct_policy_rollout,20,adaptive_research_candidate
