crediting_cap_rate,crediting_cap_rate_percent,method,risk_metric,source_field,unit,adverse_direction,value,baseline_rate,baseline_value,delta_vs_baseline,finite_difference_scheme,finite_difference_lower_cap_rate,finite_difference_upper_cap_rate,finite_difference_span_bp,finite_difference_change_per_100bp,finite_difference_change_per_100bp_percentage_points,finite_difference_change_per_100bp_as_percent_of_premium,adverse_finite_difference_change_per_100bp,finite_difference_change_as_fraction_of_current_value
0.0025,0.25,dynamic,pv_policyholder_benefits_aud,dynamic_pv_policyholder_benefits_aud,AUD,diagnostic,246411.57111267265,0.06,303121.47862261155,-56709.9075099389,forward_secant,0.0025,0.005,25.0,10212.006733327988,,3.190440236825981,,0.041442886335311374
0.005,0.5,dynamic,pv_policyholder_benefits_aud,dynamic_pv_policyholder_benefits_aud,AUD,diagnostic,248964.57279600465,0.06,303121.47862261155,-54156.905826606904,bracketing_secant,0.0025,0.01,75.0,10300.743871425784,,3.218163537767806,,0.04137433593761132
0.01,1.0,dynamic,pv_policyholder_benefits_aud,dynamic_pv_policyholder_benefits_aud,AUD,diagnostic,254137.129016242,0.06,303121.47862261155,-48984.349606369564,bracketing_secant,0.005,0.02,150.0,10351.761646372888,,3.234102536461702,,0.04073297627325956
0.02,2.0,dynamic,pv_policyholder_benefits_aud,dynamic_pv_policyholder_benefits_aud,AUD,diagnostic,264492.215265564,0.06,303121.47862261155,-38629.263357047574,bracketing_secant,0.01,0.04,300.0,10272.949816157809,,3.2094801051588058,,0.03884027288229724
0.04,4.0,dynamic,pv_policyholder_benefits_aud,dynamic_pv_policyholder_benefits_aud,AUD,diagnostic,284955.9784647154,0.06,303121.47862261155,-18165.50015789614,bracketing_secant,0.02,0.06,399.99999999999994,9657.315839261895,,3.017143431051872,,0.03389055352091063
0.06,6.0,dynamic,pv_policyholder_benefits_aud,dynamic_pv_policyholder_benefits_aud,AUD,diagnostic,303121.47862261155,0.06,303121.47862261155,0.0,bracketing_secant,0.04,0.08,400.0,8086.05524713645,,2.5262494131997753,,0.026675956068436996
0.08,8.0,dynamic,pv_policyholder_benefits_aud,dynamic_pv_policyholder_benefits_aud,AUD,diagnostic,317300.1994532612,0.06,303121.47862261155,14178.720830649661,bracketing_secant,0.06,0.12,600.0,4853.983720422597,,1.5164840148404102,,0.015297764479147753
0.12,12.0,dynamic,pv_policyholder_benefits_aud,dynamic_pv_policyholder_benefits_aud,AUD,diagnostic,332245.38094514713,0.06,303121.47862261155,29123.902322535578,backward_secant,0.08,0.12,399.99999999999994,3736.2953729714795,,1.1672952638869052,,0.011245590118793352
0.0025,0.25,dynamic,pv_policyholder_benefits_pre_election_aud,dynamic_pv_policyholder_benefits_pre_election_aud,AUD,diagnostic,7721.38814612613,0.06,9566.881774501006,-1845.4936283748757,forward_secant,0.0025,0.005,25.0,351.8125514100684,,0.10991345277671011,,0.04556338118898673
0.005,0.5,dynamic,pv_policyholder_benefits_pre_election_aud,dynamic_pv_policyholder_benefits_pre_election_aud,AUD,diagnostic,7809.341283978647,0.06,9566.881774501006,-1757.5404905223586,bracketing_secant,0.0025,0.01,75.0,348.2633349569563,,0.10880460480227057,,0.04459573762916987
0.01,1.0,dynamic,pv_policyholder_benefits_pre_election_aud,dynamic_pv_policyholder_benefits_pre_election_aud,AUD,diagnostic,7982.585647343847,0.06,9566.881774501006,-1584.2961271571585,bracketing_secant,0.005,0.02,150.0,353.1979506603409,,0.11034627990144286,,0.04424605839059994
0.02,2.0,dynamic,pv_policyholder_benefits_pre_election_aud,dynamic_pv_policyholder_benefits_pre_election_aud,AUD,diagnostic,8339.138209969158,0.06,9566.881774501006,-1227.7435645318474,bracketing_secant,0.01,0.04,300.0,336.4289515771119,,0.10510730084438571,,0.040343371593832375
0.04,4.0,dynamic,pv_policyholder_benefits_pre_election_aud,dynamic_pv_policyholder_benefits_pre_election_aud,AUD,diagnostic,8991.872502075183,0.06,9566.881774501006,-575.0092724258229,bracketing_secant,0.02,0.06,399.99999999999994,306.9358911329619,,0.09589306419087228,,0.03413481352878679
0.06,6.0,dynamic,pv_policyholder_benefits_pre_election_aud,dynamic_pv_policyholder_benefits_pre_election_aud,AUD,diagnostic,9566.881774501006,0.06,9566.881774501006,0.0,bracketing_secant,0.04,0.08,400.0,250.93576614839958,,0.07839747721334524,,0.026229629681139028
0.08,8.0,dynamic,pv_policyholder_benefits_pre_election_aud,dynamic_pv_policyholder_benefits_pre_election_aud,AUD,diagnostic,9995.615566668781,0.06,9566.881774501006,428.7337921677754,bracketing_secant,0.06,0.12,600.0,146.6308771443343,,0.04581049176902712,,0.014669519467444034
0.12,12.0,dynamic,pv_policyholder_benefits_pre_election_aud,dynamic_pv_policyholder_benefits_pre_election_aud,AUD,diagnostic,10446.667037367011,0.06,9566.881774501006,879.7852628660057,backward_secant,0.08,0.12,399.99999999999994,112.7628676745576,,0.035229431358938135,,0.01079414776705456
0.0025,0.25,dynamic,pv_policyholder_benefits_post_election_aud,dynamic_pv_policyholder_benefits_post_election_aud,AUD,diagnostic,238690.18296654648,0.06,293554.5968481106,-54864.413881564134,forward_secant,0.0025,0.005,25.0,9860.19418191805,,3.080526784049312,,0.04130959245734879
0.005,0.5,dynamic,pv_policyholder_benefits_post_election_aud,dynamic_pv_policyholder_benefits_post_election_aud,AUD,diagnostic,241155.231512026,0.06,293554.5968481106,-52399.36533608462,bracketing_secant,0.0025,0.01,75.0,9952.48053646891,,3.109358932965561,,0.04127001713405747
0.01,1.0,dynamic,pv_policyholder_benefits_post_election_aud,dynamic_pv_policyholder_benefits_post_election_aud,AUD,diagnostic,246154.54336889816,0.06,293554.5968481106,-47400.05347921245,bracketing_secant,0.005,0.02,150.0,9998.563695712559,,3.123756256560263,,0.04061904996296683
0.02,2.0,dynamic,pv_policyholder_benefits_post_election_aud,dynamic_pv_policyholder_benefits_post_election_aud,AUD,diagnostic,256153.07705559483,0.06,293554.5968481106,-37401.519792515785,bracketing_secant,0.01,0.04,300.0,9936.5208645807,,3.104372804314421,,0.03879133906489869
0.04,4.0,dynamic,pv_policyholder_benefits_post_election_aud,dynamic_pv_policyholder_benefits_post_election_aud,AUD,diagnostic,275964.10596264026,0.06,293554.5968481106,-17590.490885470354,bracketing_secant,0.02,0.06,399.99999999999994,9350.379948128948,,2.9212503668610044,,0.033882594678435435
0.06,6.0,dynamic,pv_policyholder_benefits_post_election_aud,dynamic_pv_policyholder_benefits_post_election_aud,AUD,diagnostic,293554.5968481106,0.06,293554.5968481106,0.0,bracketing_secant,0.04,0.08,400.0,7835.119480988025,,2.447851935986422,,0.026690501750316755
0.08,8.0,dynamic,pv_policyholder_benefits_post_election_aud,dynamic_pv_policyholder_benefits_post_election_aud,AUD,diagnostic,307304.58388659236,0.06,293554.5968481106,13749.987038481748,bracketing_secant,0.06,0.12,600.0,4707.352843278253,,1.47067352307138,,0.015318199239798694
0.12,12.0,dynamic,pv_policyholder_benefits_post_election_aud,dynamic_pv_policyholder_benefits_post_election_aud,AUD,diagnostic,321798.7139077801,0.06,293554.5968481106,28244.117059669516,backward_secant,0.08,0.12,399.99999999999994,3623.5325052969424,,1.1320658325279735,,0.011260245453732177
0.0025,0.25,dynamic,pv_guarantee_claims_aud,dynamic_pv_guarantee_claims_aud,AUD,higher_is_adverse,71174.44906389539,0.06,59505.269676857504,11669.179387037882,forward_secant,0.0025,0.005,25.0,-1306.7425185043248,,-0.4082531493639993,-1306.7425185043248,-0.018359713853650258
0.005,0.5,dynamic,pv_guarantee_claims_aud,dynamic_pv_guarantee_claims_aud,AUD,higher_is_adverse,70847.7634342693,0.06,59505.269676857504,11342.493757411801,bracketing_secant,0.0025,0.01,75.0,-1347.054132398412,,-0.42084732388205465,-1347.054132398412,-0.019013361425984514
0.01,1.0,dynamic,pv_guarantee_claims_aud,dynamic_pv_guarantee_claims_aud,AUD,higher_is_adverse,70164.15846459658,0.06,59505.269676857504,10658.888787739073,bracketing_secant,0.005,0.02,150.0,-1543.9802014842476,,-0.4823710646019819,-1543.9802014842476,-0.022005255037204057
0.02,2.0,dynamic,pv_guarantee_claims_aud,dynamic_pv_guarantee_claims_aud,AUD,higher_is_adverse,68531.79313204293,0.06,59505.269676857504,9026.52345518543,bracketing_secant,0.01,0.04,300.0,-1912.3214740541807,,-0.597448428687094,-1912.3214740541807,-0.02790415056511997
0.04,4.0,dynamic,pv_guarantee_claims_aud,dynamic_pv_guarantee_claims_aud,AUD,higher_is_adverse,64427.194042434036,0.06,59505.269676857504,4921.924365576531,bracketing_secant,0.02,0.06,399.99999999999994,-2256.630863796358,,-0.7050177399533482,-2256.630863796358,-0.035026061546465315
0.06,6.0,dynamic,pv_guarantee_claims_aud,dynamic_pv_guarantee_claims_aud,AUD,higher_is_adverse,59505.269676857504,0.06,59505.269676857504,0.0,bracketing_secant,0.04,0.08,400.0,-2425.687835340432,,-0.7578346033196715,-2425.687835340432,-0.04076425245214574
0.08,8.0,dynamic,pv_guarantee_claims_aud,dynamic_pv_guarantee_claims_aud,AUD,higher_is_adverse,54724.44270107231,0.06,59505.269676857504,-4780.826975785196,bracketing_secant,0.06,0.12,600.0,-1838.0259629562,,-0.5742369880552584,-1838.0259629562,-0.033586928842679366
0.12,12.0,dynamic,pv_guarantee_claims_aud,dynamic_pv_guarantee_claims_aud,AUD,higher_is_adverse,48477.113899120304,0.06,59505.269676857504,-11028.1557777372,backward_secant,0.08,0.12,399.99999999999994,-1561.8322004880015,,-0.48794839503435156,-1561.8322004880015,-0.03221792872690681
0.0025,0.25,dynamic,guarantee_value_aud,dynamic_guarantee_value_aud,AUD,higher_is_adverse,44815.348495841215,0.06,24831.213517888347,19984.13497795287,forward_secant,0.0025,0.005,25.0,-2687.3197332720156,,-0.8395737713593743,-2687.3197332720156,-0.05996427169413609
0.005,0.5,dynamic,guarantee_value_aud,dynamic_guarantee_value_aud,AUD,higher_is_adverse,44143.51856252321,0.06,24831.213517888347,19312.305044634864,bracketing_secant,0.0025,0.01,75.0,-2746.900656151818,,-0.8581880730012417,-2746.900656151818,-0.06222659057549325
0.01,1.0,dynamic,guarantee_value_aud,dynamic_guarantee_value_aud,AUD,higher_is_adverse,42755.17300372735,0.06,24831.213517888347,17923.959485839005,bracketing_secant,0.005,0.02,150.0,-2985.7876949212614,,-0.9328212807975962,-2985.7876949212614,-0.06983453662229278
0.02,2.0,dynamic,guarantee_value_aud,dynamic_guarantee_value_aud,AUD,higher_is_adverse,39664.83702014132,0.06,24831.213517888347,14833.623502252973,bracketing_secant,0.01,0.04,300.0,-3389.24238804007,,-1.0588687972432733,-3389.24238804007,-0.08544702670324988
0.04,4.0,dynamic,guarantee_value_aud,dynamic_guarantee_value_aud,AUD,higher_is_adverse,32587.445839607142,0.06,24831.213517888347,7756.232321718795,bracketing_secant,0.02,0.06,399.99999999999994,-3708.4058755632436,,-1.158582013196843,-3708.4058755632436,-0.11379860495405891
0.06,6.0,dynamic,guarantee_value_aud,dynamic_guarantee_value_aud,AUD,higher_is_adverse,24831.213517888347,0.06,24831.213517888347,0.0,bracketing_secant,0.04,0.08,400.0,-3720.6176858948893,,-1.1623972330712498,-3720.6176858948893,-0.14983632125810384
0.08,8.0,dynamic,guarantee_value_aud,dynamic_guarantee_value_aud,AUD,higher_is_adverse,17704.975096027585,0.06,24831.213517888347,-7126.238421860762,bracketing_secant,0.06,0.12,600.0,-2670.7675418237127,,-0.8344025274517527,-2670.7675418237127,-0.15084842126792627
0.12,12.0,dynamic,guarantee_value_aud,dynamic_guarantee_value_aud,AUD,higher_is_adverse,8806.608266946074,0.06,24831.213517888347,-16024.605250942273,backward_secant,0.08,0.12,399.99999999999994,-2224.5917072703783,,-0.6950080506920937,-2224.5917072703783,-0.25260482127040434
0.0025,0.25,dynamic,pv_future_fees_aud,dynamic_pv_future_fees_aud,AUD,lower_is_adverse,33235.38767276395,0.06,43719.46211348285,-10484.074440718898,forward_secant,0.0025,0.005,25.0,1740.7277925331728,,0.5438390451246025,-1740.7277925331728,0.052375733049134274
0.005,0.5,dynamic,pv_future_fees_aud,dynamic_pv_future_fees_aud,AUD,lower_is_adverse,33670.569620897244,0.06,43719.46211348285,-10048.892492585604,bracketing_secant,0.0025,0.01,75.0,1765.0238777760437,,0.5514296401937606,-1765.0238777760437,0.052420374756018455
0.01,1.0,dynamic,pv_future_fees_aud,dynamic_pv_future_fees_aud,AUD,lower_is_adverse,34559.15558109598,0.06,43719.46211348285,-9160.306532386865,bracketing_secant,0.005,0.02,150.0,1817.931187377103,,0.5679589682466436,-1817.931187377103,0.052603460842993506
0.02,2.0,dynamic,pv_future_fees_aud,dynamic_pv_future_fees_aud,AUD,lower_is_adverse,36397.4664019629,0.06,43719.46211348285,-7321.99571151995,bracketing_secant,0.01,0.04,300.0,1862.2046306778602,,0.5817908994838783,-1862.2046306778602,0.05116302904472033
0.04,4.0,dynamic,pv_future_fees_aud,dynamic_pv_future_fees_aud,AUD,lower_is_adverse,40145.76947312956,0.06,43719.46211348285,-3573.6926403532852,bracketing_secant,0.02,0.06,399.99999999999994,1830.4989278799878,,0.5718853880026679,-1830.4989278799878,0.04559630944688158
0.06,6.0,dynamic,pv_future_fees_aud,dynamic_pv_future_fees_aud,AUD,lower_is_adverse,43719.46211348285,0.06,43719.46211348285,0.0,bracketing_secant,0.04,0.08,400.0,1632.7376376556203,,0.5101007070780771,-1632.7376376556203,0.03734578512008026
0.08,8.0,dynamic,pv_future_fees_aud,dynamic_pv_future_fees_aud,AUD,lower_is_adverse,46676.720023752045,0.06,43719.46211348285,2957.257910269196,bracketing_secant,0.06,0.12,600.0,1049.9785124851248,,0.32803481054340605,-1049.9785124851248,0.022494693542108996
0.12,12.0,dynamic,pv_future_fees_aud,dynamic_pv_future_fees_aud,AUD,lower_is_adverse,50019.3331883936,0.06,43719.46211348285,6299.871074910749,backward_secant,0.08,0.12,399.99999999999994,835.6532911603882,,0.2610752180032401,-835.6532911603882,0.016706605983989643
0.0025,0.25,dynamic,pv_crediting_margin_aud,dynamic_pv_crediting_margin_aud,AUD,lower_is_adverse,110680.18978879543,0.06,149575.52791073784,-38895.33812194242,forward_secant,0.0025,0.005,25.0,6364.891375409614,,1.9885225379709202,-6364.891375409614,0.057507051510802126
0.005,0.5,dynamic,pv_crediting_margin_aud,dynamic_pv_crediting_margin_aud,AUD,lower_is_adverse,112271.41263264783,0.06,149575.52791073784,-37304.115278090016,bracketing_secant,0.0025,0.01,75.0,6441.612508145783,,2.012491792524728,-6441.612508145783,0.05737535813522491
0.01,1.0,dynamic,pv_crediting_margin_aud,dynamic_pv_crediting_margin_aud,AUD,lower_is_adverse,115511.39916990476,0.06,149575.52791073784,-34064.12874083308,bracketing_secant,0.005,0.02,150.0,6665.208281660638,,2.0823476956037834,-6665.208281660638,0.05770173618845044
0.02,2.0,dynamic,pv_crediting_margin_aud,dynamic_pv_crediting_margin_aud,AUD,lower_is_adverse,122269.22505513878,0.06,149575.52791073784,-27306.30285559906,bracketing_secant,0.01,0.04,300.0,6884.287872872743,,2.150792650755385,-6884.287872872743,0.0563043388045372
0.04,4.0,dynamic,pv_crediting_margin_aud,dynamic_pv_crediting_margin_aud,AUD,lower_is_adverse,136164.262788523,0.06,149575.52791073784,-13411.265122214856,bracketing_secant,0.02,0.06,399.99999999999994,6826.575713899767,,2.1327621892653275,-6826.575713899767,0.050134856048845475
0.06,6.0,dynamic,pv_crediting_margin_aud,dynamic_pv_crediting_margin_aud,AUD,lower_is_adverse,149575.52791073784,0.06,149575.52791073784,0.0,bracketing_secant,0.04,0.08,400.0,6165.360393447263,,1.9261849690709216,-6165.360393447263,0.041219044850214825
0.08,8.0,dynamic,pv_crediting_margin_aud,dynamic_pv_crediting_margin_aud,AUD,lower_is_adverse,160825.70436231204,0.06,149575.52791073784,11250.176451574196,bracketing_secant,0.06,0.12,600.0,4035.1519853481786,,1.2606641957792362,-4035.1519853481786,0.025090218017995995
0.12,12.0,dynamic,pv_crediting_margin_aud,dynamic_pv_crediting_margin_aud,AUD,lower_is_adverse,173786.4398228269,0.06,149575.52791073784,24210.91191208907,backward_secant,0.08,0.12,399.99999999999994,3240.1838651287185,,1.0122998591729355,-3240.1838651287185,0.018644629974766992
0.0025,0.25,dynamic,pv_money_market_income_aud,dynamic_pv_money_market_income_aud,AUD,lower_is_adverse,110680.18978879543,0.06,149575.52791073784,-38895.33812194242,forward_secant,0.0025,0.005,25.0,6364.891375409614,,1.9885225379709202,-6364.891375409614,0.057507051510802126
0.005,0.5,dynamic,pv_money_market_income_aud,dynamic_pv_money_market_income_aud,AUD,lower_is_adverse,112271.41263264783,0.06,149575.52791073784,-37304.115278090016,bracketing_secant,0.0025,0.01,75.0,6441.612508145783,,2.012491792524728,-6441.612508145783,0.05737535813522491
0.01,1.0,dynamic,pv_money_market_income_aud,dynamic_pv_money_market_income_aud,AUD,lower_is_adverse,115511.39916990476,0.06,149575.52791073784,-34064.12874083308,bracketing_secant,0.005,0.02,150.0,6665.208281660638,,2.0823476956037834,-6665.208281660638,0.05770173618845044
0.02,2.0,dynamic,pv_money_market_income_aud,dynamic_pv_money_market_income_aud,AUD,lower_is_adverse,122269.22505513878,0.06,149575.52791073784,-27306.30285559906,bracketing_secant,0.01,0.04,300.0,6884.287872872743,,2.150792650755385,-6884.287872872743,0.0563043388045372
0.04,4.0,dynamic,pv_money_market_income_aud,dynamic_pv_money_market_income_aud,AUD,lower_is_adverse,136164.262788523,0.06,149575.52791073784,-13411.265122214856,bracketing_secant,0.02,0.06,399.99999999999994,6826.575713899767,,2.1327621892653275,-6826.575713899767,0.050134856048845475
0.06,6.0,dynamic,pv_money_market_income_aud,dynamic_pv_money_market_income_aud,AUD,lower_is_adverse,149575.52791073784,0.06,149575.52791073784,0.0,bracketing_secant,0.04,0.08,400.0,6165.360393447263,,1.9261849690709216,-6165.360393447263,0.041219044850214825
0.08,8.0,dynamic,pv_money_market_income_aud,dynamic_pv_money_market_income_aud,AUD,lower_is_adverse,160825.70436231204,0.06,149575.52791073784,11250.176451574196,bracketing_secant,0.06,0.12,600.0,4035.1519853481786,,1.2606641957792362,-4035.1519853481786,0.025090218017995995
0.12,12.0,dynamic,pv_money_market_income_aud,dynamic_pv_money_market_income_aud,AUD,lower_is_adverse,173786.4398228269,0.06,149575.52791073784,24210.91191208907,backward_secant,0.08,0.12,399.99999999999994,3240.1838651287185,,1.0122998591729355,-3240.1838651287185,0.018644629974766992
0.0025,0.25,dynamic,pv_hedge_gain_aud,dynamic_pv_hedge_gain_aud,AUD,lower_is_adverse,0.0,0.06,0.0,0.0,forward_secant,0.0025,0.005,25.0,0.0,,0.0,-0.0,
0.005,0.5,dynamic,pv_hedge_gain_aud,dynamic_pv_hedge_gain_aud,AUD,lower_is_adverse,0.0,0.06,0.0,0.0,bracketing_secant,0.0025,0.01,75.0,0.0,,0.0,-0.0,
0.01,1.0,dynamic,pv_hedge_gain_aud,dynamic_pv_hedge_gain_aud,AUD,lower_is_adverse,0.0,0.06,0.0,0.0,bracketing_secant,0.005,0.02,150.0,0.0,,0.0,-0.0,
0.02,2.0,dynamic,pv_hedge_gain_aud,dynamic_pv_hedge_gain_aud,AUD,lower_is_adverse,0.0,0.06,0.0,0.0,bracketing_secant,0.01,0.04,300.0,0.0,,0.0,-0.0,
0.04,4.0,dynamic,pv_hedge_gain_aud,dynamic_pv_hedge_gain_aud,AUD,lower_is_adverse,0.0,0.06,0.0,0.0,bracketing_secant,0.02,0.06,399.99999999999994,0.0,,0.0,-0.0,
0.06,6.0,dynamic,pv_hedge_gain_aud,dynamic_pv_hedge_gain_aud,AUD,lower_is_adverse,0.0,0.06,0.0,0.0,bracketing_secant,0.04,0.08,400.0,0.0,,0.0,-0.0,
0.08,8.0,dynamic,pv_hedge_gain_aud,dynamic_pv_hedge_gain_aud,AUD,lower_is_adverse,0.0,0.06,0.0,0.0,bracketing_secant,0.06,0.12,600.0,0.0,,0.0,-0.0,
0.12,12.0,dynamic,pv_hedge_gain_aud,dynamic_pv_hedge_gain_aud,AUD,lower_is_adverse,0.0,0.06,0.0,0.0,backward_secant,0.08,0.12,399.99999999999994,0.0,,0.0,-0.0,
0.0025,0.25,dynamic,pv_growth_fees_aud,dynamic_pv_growth_fees_aud,AUD,diagnostic,19057.4972282017,0.06,21912.011603995943,-2854.5143757942424,forward_secant,0.0025,0.005,25.0,567.9385224187281,,0.1774356364312444,,0.029801317330288273
0.005,0.5,dynamic,pv_growth_fees_aud,dynamic_pv_growth_fees_aud,AUD,diagnostic,19199.481858806383,0.06,21912.011603995943,-2712.5297451895603,bracketing_secant,0.0025,0.01,75.0,558.8717914925462,,0.17460300383328897,,0.029108691349199297
0.01,1.0,dynamic,pv_growth_fees_aud,dynamic_pv_growth_fees_aud,AUD,diagnostic,19476.65107182111,0.06,21912.011603995943,-2435.3605321748328,bracketing_secant,0.005,0.02,150.0,563.103904758711,,0.17592520277065465,,0.028911741689176318
0.02,2.0,dynamic,pv_growth_fees_aud,dynamic_pv_growth_fees_aud,AUD,diagnostic,20044.13771594445,0.06,21912.011603995943,-1867.8738880514939,bracketing_secant,0.01,0.04,300.0,526.8887962221161,,0.16461086049950355,,0.026286428665025258
0.04,4.0,dynamic,pv_growth_fees_aud,dynamic_pv_growth_fees_aud,AUD,diagnostic,21057.31746048746,0.06,21912.011603995943,-854.6941435084846,bracketing_secant,0.02,0.06,399.99999999999994,466.9684720128735,,0.14589052292501742,,0.022176066485634093
0.06,6.0,dynamic,pv_growth_fees_aud,dynamic_pv_growth_fees_aud,AUD,diagnostic,21912.011603995943,0.06,21912.011603995943,0.0,bracketing_secant,0.04,0.08,400.0,368.23075119327405,,0.11504283494149413,,0.016804972443795273
0.08,8.0,dynamic,pv_growth_fees_aud,dynamic_pv_growth_fees_aud,AUD,diagnostic,22530.240465260555,0.06,21912.011603995943,618.2288612646116,bracketing_secant,0.06,0.12,600.0,204.3428472138882,,0.06384089424178348,,0.009069714436868308
0.12,12.0,dynamic,pv_growth_fees_aud,dynamic_pv_growth_fees_aud,AUD,diagnostic,23138.068687279272,0.06,21912.011603995943,1226.0570832833291,backward_secant,0.08,0.12,399.99999999999994,151.9570555046794,,0.04747449906877741,,0.00656740446052101
0.0025,0.25,dynamic,pv_growth_crediting_margin_aud,dynamic_pv_growth_crediting_margin_aud,AUD,diagnostic,61381.515897381316,0.06,71374.61158192267,-9993.095684541353,forward_secant,0.0025,0.005,25.0,1982.494514785678,,0.6193719250709665,,0.03229790737165968
0.005,0.5,dynamic,pv_growth_crediting_margin_aud,dynamic_pv_growth_crediting_margin_aud,AUD,diagnostic,61877.139526077735,0.06,71374.61158192267,-9497.472055844933,bracketing_secant,0.0025,0.01,75.0,1956.7328541861693,,0.6113234542179374,,0.03162287185821698
0.01,1.0,dynamic,pv_growth_crediting_margin_aud,dynamic_pv_growth_crediting_margin_aud,AUD,diagnostic,62849.06553802094,0.06,71374.61158192267,-8525.546043901726,bracketing_secant,0.005,0.02,150.0,1972.2559412007008,,0.6161731848050981,,0.031380831589414356
0.02,2.0,dynamic,pv_growth_crediting_margin_aud,dynamic_pv_growth_crediting_margin_aud,AUD,diagnostic,64835.523437878786,0.06,71374.61158192267,-6539.0881440438825,bracketing_secant,0.01,0.04,300.0,1844.6767527573465,,0.5763148311219888,,0.02845163661746013
0.04,4.0,dynamic,pv_growth_crediting_margin_aud,dynamic_pv_growth_crediting_margin_aud,AUD,diagnostic,68383.09579629298,0.06,71374.61158192267,-2991.5157856296864,bracketing_secant,0.02,0.06,399.99999999999994,1634.7720360109709,,0.5107362948269042,,0.02390608405446878
0.06,6.0,dynamic,pv_growth_crediting_margin_aud,dynamic_pv_growth_crediting_margin_aud,AUD,diagnostic,71374.61158192267,0.06,71374.61158192267,0.0,bracketing_secant,0.04,0.08,400.0,1292.9082640475317,,0.403931044686826,,0.018114400000111407
0.08,8.0,dynamic,pv_growth_crediting_margin_aud,dynamic_pv_growth_crediting_margin_aud,AUD,diagnostic,73554.72885248311,0.06,71374.61158192267,2180.1172705604404,bracketing_secant,0.06,0.12,600.0,725.6764697490653,,0.22671620460739172,,0.009865803070315681
0.12,12.0,dynamic,pv_growth_crediting_margin_aud,dynamic_pv_growth_crediting_margin_aud,AUD,diagnostic,75728.67040041706,0.06,71374.61158192267,4354.058818494392,backward_secant,0.08,0.12,399.99999999999994,543.485386983488,,0.16979597566265808,,0.007176745400517355
0.0025,0.25,dynamic,pv_post_election_guarantee_claims_aud,dynamic_pv_post_election_guarantee_claims_aud,AUD,higher_is_adverse,71174.44906389539,0.06,59505.269676857504,11669.179387037882,forward_secant,0.0025,0.005,25.0,-1306.7425185043248,,-0.4082531493639993,-1306.7425185043248,-0.018359713853650258
0.005,0.5,dynamic,pv_post_election_guarantee_claims_aud,dynamic_pv_post_election_guarantee_claims_aud,AUD,higher_is_adverse,70847.7634342693,0.06,59505.269676857504,11342.493757411801,bracketing_secant,0.0025,0.01,75.0,-1347.054132398412,,-0.42084732388205465,-1347.054132398412,-0.019013361425984514
0.01,1.0,dynamic,pv_post_election_guarantee_claims_aud,dynamic_pv_post_election_guarantee_claims_aud,AUD,higher_is_adverse,70164.15846459658,0.06,59505.269676857504,10658.888787739073,bracketing_secant,0.005,0.02,150.0,-1543.9802014842476,,-0.4823710646019819,-1543.9802014842476,-0.022005255037204057
0.02,2.0,dynamic,pv_post_election_guarantee_claims_aud,dynamic_pv_post_election_guarantee_claims_aud,AUD,higher_is_adverse,68531.79313204293,0.06,59505.269676857504,9026.52345518543,bracketing_secant,0.01,0.04,300.0,-1912.3214740541807,,-0.597448428687094,-1912.3214740541807,-0.02790415056511997
0.04,4.0,dynamic,pv_post_election_guarantee_claims_aud,dynamic_pv_post_election_guarantee_claims_aud,AUD,higher_is_adverse,64427.194042434036,0.06,59505.269676857504,4921.924365576531,bracketing_secant,0.02,0.06,399.99999999999994,-2256.630863796358,,-0.7050177399533482,-2256.630863796358,-0.035026061546465315
0.06,6.0,dynamic,pv_post_election_guarantee_claims_aud,dynamic_pv_post_election_guarantee_claims_aud,AUD,higher_is_adverse,59505.269676857504,0.06,59505.269676857504,0.0,bracketing_secant,0.04,0.08,400.0,-2425.687835340432,,-0.7578346033196715,-2425.687835340432,-0.04076425245214574
0.08,8.0,dynamic,pv_post_election_guarantee_claims_aud,dynamic_pv_post_election_guarantee_claims_aud,AUD,higher_is_adverse,54724.44270107231,0.06,59505.269676857504,-4780.826975785196,bracketing_secant,0.06,0.12,600.0,-1838.0259629562,,-0.5742369880552584,-1838.0259629562,-0.033586928842679366
0.12,12.0,dynamic,pv_post_election_guarantee_claims_aud,dynamic_pv_post_election_guarantee_claims_aud,AUD,higher_is_adverse,48477.113899120304,0.06,59505.269676857504,-11028.1557777372,backward_secant,0.08,0.12,399.99999999999994,-1561.8322004880015,,-0.48794839503435156,-1561.8322004880015,-0.03221792872690681
0.0025,0.25,dynamic,pv_expenses_aud,dynamic_pv_expenses_aud,AUD,higher_is_adverse,8944.084789241857,0.06,9414.704608818587,-470.61981957673015,forward_secant,0.0025,0.005,25.0,78.24210626444983,,0.024444437862093354,78.24210626444983,0.008747916428359575
0.005,0.5,dynamic,pv_expenses_aud,dynamic_pv_expenses_aud,AUD,higher_is_adverse,8963.64531580797,0.06,9414.704608818587,-451.0592930106177,bracketing_secant,0.0025,0.01,75.0,79.12384470290272,,0.024719911024798508,79.12384470290272,0.008827194954196
0.01,1.0,dynamic,pv_expenses_aud,dynamic_pv_expenses_aud,AUD,higher_is_adverse,9003.427672769034,0.06,9414.704608818587,-411.2769360495531,bracketing_secant,0.005,0.02,150.0,81.66957983606699,,0.025515250864777437,81.66957983606699,0.00907094306794706
0.02,2.0,dynamic,pv_expenses_aud,dynamic_pv_expenses_aud,AUD,higher_is_adverse,9086.14968556207,0.06,9414.704608818587,-328.5549232565172,bracketing_secant,0.01,0.04,300.0,83.80352919784977,,0.02618194038868477,83.80352919784977,0.009223216884816891
0.04,4.0,dynamic,pv_expenses_aud,dynamic_pv_expenses_aud,AUD,higher_is_adverse,9254.838260362583,0.06,9414.704608818587,-159.86634845600383,bracketing_secant,0.02,0.06,399.99999999999994,82.13873081412932,,0.025661823247330944,82.13873081412932,0.00887522056067907
0.06,6.0,dynamic,pv_expenses_aud,dynamic_pv_expenses_aud,AUD,higher_is_adverse,9414.704608818587,0.06,9414.704608818587,0.0,bracketing_secant,0.04,0.08,400.0,72.80875254105786,,0.02274694678196666,72.80875254105786,0.007733514280719884
0.08,8.0,dynamic,pv_expenses_aud,dynamic_pv_expenses_aud,AUD,higher_is_adverse,9546.073270526815,0.06,9414.704608818587,131.3686617082276,bracketing_secant,0.06,0.12,600.0,46.35548042377923,,0.014482402313617266,46.35548042377923,0.004855973666879369
0.12,12.0,dynamic,pv_expenses_aud,dynamic_pv_expenses_aud,AUD,higher_is_adverse,9692.837491361262,0.06,9414.704608818587,278.13288254267536,backward_secant,0.08,0.12,399.99999999999994,36.69105520861195,,0.01146303776779926,36.69105520861195,0.0037853781455959453
0.0025,0.25,dynamic,pv_hedge_costs_aud,dynamic_pv_hedge_costs_aud,AUD,higher_is_adverse,12446.634986618412,0.06,135058.53328966344,-122611.89830304502,forward_secant,0.0025,0.005,25.0,20406.690906923228,,6.375468550900696,20406.690906923228,1.6395347761754728
0.005,0.5,dynamic,pv_hedge_costs_aud,dynamic_pv_hedge_costs_aud,AUD,higher_is_adverse,17548.30771334922,0.06,135058.53328966344,-117510.22557631422,bracketing_secant,0.0025,0.01,75.0,20653.306593536694,,6.452516346711115,20653.306593536694,1.1769400748441095
0.01,1.0,dynamic,pv_hedge_costs_aud,dynamic_pv_hedge_costs_aud,AUD,higher_is_adverse,27936.61493177093,0.06,135058.53328966344,-107121.9183578925,bracketing_secant,0.005,0.02,150.0,21203.394702472007,,6.624375148059045,21203.394702472007,0.7589822444221198
0.02,2.0,dynamic,pv_hedge_costs_aud,dynamic_pv_hedge_costs_aud,AUD,higher_is_adverse,49353.39976705723,0.06,135058.53328966344,-85705.13352260621,bracketing_secant,0.01,0.04,300.0,21788.568823826485,,6.807195538905986,21788.568823826485,0.44148060572658016
0.04,4.0,dynamic,pv_hedge_costs_aud,dynamic_pv_hedge_costs_aud,AUD,higher_is_adverse,93302.32140325039,0.06,135058.53328966344,-41756.211886413046,bracketing_secant,0.02,0.06,399.99999999999994,21426.283380651552,,6.694010140060782,21426.283380651552,0.22964362577912364
0.06,6.0,dynamic,pv_hedge_costs_aud,dynamic_pv_hedge_costs_aud,AUD,higher_is_adverse,135058.53328966344,0.06,135058.53328966344,0.0,bracketing_secant,0.04,0.08,400.0,19080.416460111257,,5.961113226753348,19080.416460111257,0.14127516414819202
0.08,8.0,dynamic,pv_hedge_costs_aud,dynamic_pv_hedge_costs_aud,AUD,higher_is_adverse,169623.98724369542,0.06,135058.53328966344,34565.45395403198,bracketing_secant,0.06,0.12,600.0,12257.824498712402,,3.829595643431236,12257.824498712402,0.07226468790113882
0.12,12.0,dynamic,pv_hedge_costs_aud,dynamic_pv_hedge_costs_aud,AUD,higher_is_adverse,208605.48028193784,0.06,135058.53328966344,73546.9469922744,backward_secant,0.08,0.12,399.99999999999994,9745.373259560607,,3.0446543742199,9745.373259560607,0.046716765285309776
0.0025,0.25,dynamic,pv_hedge_option_fair_value_costs_aud,dynamic_pv_hedge_option_fair_value_costs_aud,AUD,higher_is_adverse,4911.445146673456,0.06,124537.91388670132,-119626.46874002786,forward_secant,0.0025,0.005,25.0,19910.008049392123,,6.220294644832136,19910.008049392123,4.053798312880937
0.005,0.5,dynamic,pv_hedge_option_fair_value_costs_aud,dynamic_pv_hedge_option_fair_value_costs_aud,AUD,higher_is_adverse,9888.947159021487,0.06,124537.91388670132,-114648.96672767984,bracketing_secant,0.0025,0.01,75.0,20151.11186516931,,6.29562041920686,20151.11186516931,2.0377408778836337
0.01,1.0,dynamic,pv_hedge_option_fair_value_costs_aud,dynamic_pv_hedge_option_fair_value_costs_aud,AUD,higher_is_adverse,20024.77904555044,0.06,124537.91388670132,-104513.13484115088,bracketing_secant,0.005,0.02,150.0,20686.364497120023,,6.462844313436122,20686.364497120023,1.0330383396523213
0.02,2.0,dynamic,pv_hedge_option_fair_value_costs_aud,dynamic_pv_hedge_option_fair_value_costs_aud,AUD,higher_is_adverse,40918.49390470152,0.06,124537.91388670132,-83619.4199819998,bracketing_secant,0.01,0.04,300.0,21258.14069755229,,6.641478919146385,21258.14069755229,0.5195240261545828
0.04,4.0,dynamic,pv_hedge_option_fair_value_costs_aud,dynamic_pv_hedge_option_fair_value_costs_aud,AUD,higher_is_adverse,83799.20113820731,0.06,124537.91388670132,-40738.712748494014,bracketing_secant,0.02,0.06,399.99999999999994,20904.854995499954,,6.531105223911289,20904.854995499954,0.24946365492222597
0.06,6.0,dynamic,pv_hedge_option_fair_value_costs_aud,dynamic_pv_hedge_option_fair_value_costs_aud,AUD,higher_is_adverse,124537.91388670132,0.06,124537.91388670132,0.0,bracketing_secant,0.04,0.08,400.0,18615.50717235105,,5.815866035199559,18615.50717235105,0.14947662596377317
0.08,8.0,dynamic,pv_hedge_option_fair_value_costs_aud,dynamic_pv_hedge_option_fair_value_costs_aud,AUD,higher_is_adverse,158261.2298276115,0.06,124537.91388670132,33723.31594091018,bracketing_secant,0.06,0.12,600.0,11958.890173082438,,3.736202432325561,11958.890173082438,0.07556424391563774
0.12,12.0,dynamic,pv_hedge_option_fair_value_costs_aud,dynamic_pv_hedge_option_fair_value_costs_aud,AUD,higher_is_adverse,196291.25492519594,0.06,124537.91388670132,71753.34103849462,backward_secant,0.08,0.12,399.99999999999994,9507.506274396112,,2.970339852079551,9507.506274396112,0.048435709874183136
0.0025,0.25,dynamic,pv_hedge_option_markup_costs_aud,dynamic_pv_hedge_option_markup_costs_aud,AUD,higher_is_adverse,24.557225733367282,0.06,622.6895694335066,-598.1323437001392,forward_secant,0.0025,0.005,25.0,99.55004024696063,,0.031101473224160688,99.55004024696063,4.053798312880938
0.005,0.5,dynamic,pv_hedge_option_markup_costs_aud,dynamic_pv_hedge_option_markup_costs_aud,AUD,higher_is_adverse,49.44473579510744,0.06,622.6895694335066,-573.2448336383991,bracketing_secant,0.0025,0.01,75.0,100.75555932584655,,0.0314781020960343,100.75555932584655,2.0377408778836332
0.01,1.0,dynamic,pv_hedge_option_markup_costs_aud,dynamic_pv_hedge_option_markup_costs_aud,AUD,higher_is_adverse,100.1238952277522,0.06,622.6895694335066,-522.5656742057544,bracketing_secant,0.005,0.02,150.0,103.43182248560008,,0.0323142215671806,103.43182248560008,1.033038339652321
0.02,2.0,dynamic,pv_hedge_option_markup_costs_aud,dynamic_pv_hedge_option_markup_costs_aud,AUD,higher_is_adverse,204.59246952350756,0.06,622.6895694335066,-418.097099909999,bracketing_secant,0.01,0.04,300.0,106.29070348776148,,0.03320739459573193,106.29070348776148,0.519524026154583
0.04,4.0,dynamic,pv_hedge_option_markup_costs_aud,dynamic_pv_hedge_option_markup_costs_aud,AUD,higher_is_adverse,418.9960056910366,0.06,622.6895694335066,-203.69356374246996,bracketing_secant,0.02,0.06,399.99999999999994,104.52427497749976,,0.03265552611955644,104.52427497749976,0.2494636549222259
0.06,6.0,dynamic,pv_hedge_option_markup_costs_aud,dynamic_pv_hedge_option_markup_costs_aud,AUD,higher_is_adverse,622.6895694335066,0.06,622.6895694335066,0.0,bracketing_secant,0.04,0.08,400.0,93.07753586175524,,0.02907933017599779,93.07753586175524,0.1494766259637732
0.08,8.0,dynamic,pv_hedge_option_markup_costs_aud,dynamic_pv_hedge_option_markup_costs_aud,AUD,higher_is_adverse,791.3061491380575,0.06,622.6895694335066,168.616579704551,bracketing_secant,0.06,0.12,600.0,59.7944508654122,,0.01868101216162781,59.7944508654122,0.07556424391563775
0.12,12.0,dynamic,pv_hedge_option_markup_costs_aud,dynamic_pv_hedge_option_markup_costs_aud,AUD,higher_is_adverse,981.4562746259797,0.06,622.6895694335066,358.7667051924732,backward_secant,0.08,0.12,399.99999999999994,47.537531371980556,,0.014851699260397755,47.537531371980556,0.04843570987418313
0.0025,0.25,dynamic,pv_hedge_management_fee_costs_aud,dynamic_pv_hedge_management_fee_costs_aud,AUD,higher_is_adverse,7510.632614211588,0.06,9897.929833528593,-2387.2972193170053,forward_secant,0.0025,0.005,25.0,397.13281728413494,,0.1240724328443968,397.13281728413494,0.0528760808420694
0.005,0.5,dynamic,pv_hedge_management_fee_costs_aud,dynamic_pv_hedge_management_fee_costs_aud,AUD,higher_is_adverse,7609.915818532621,0.06,9897.929833528593,-2288.0140149959716,bracketing_secant,0.0025,0.01,75.0,401.43916904154446,,0.1254178254082233,401.43916904154446,0.0527521169240676
0.01,1.0,dynamic,pv_hedge_management_fee_costs_aud,dynamic_pv_hedge_management_fee_costs_aud,AUD,higher_is_adverse,7811.711990992746,0.06,9897.929833528593,-2086.217842535847,bracketing_secant,0.005,0.02,150.0,413.5983828663884,,0.12921661305574286,413.5983828663884,0.05294593340656771
0.02,2.0,dynamic,pv_hedge_management_fee_costs_aud,dynamic_pv_hedge_management_fee_costs_aud,AUD,higher_is_adverse,8230.313392832204,0.06,9897.929833528593,-1667.616440696389,bracketing_secant,0.01,0.04,300.0,424.1374227864253,,0.13250922516386698,424.1374227864253,0.05153356895933117
0.04,4.0,dynamic,pv_hedge_management_fee_costs_aud,dynamic_pv_hedge_management_fee_costs_aud,AUD,higher_is_adverse,9084.124259352022,0.06,9897.929833528593,-813.8055741765711,bracketing_secant,0.02,0.06,399.99999999999994,416.9041101740973,,0.13024939002993624,416.9041101740973,0.045893704034805374
0.06,6.0,dynamic,pv_hedge_management_fee_costs_aud,dynamic_pv_hedge_management_fee_costs_aud,AUD,higher_is_adverse,9897.929833528593,0.06,9897.929833528593,0.0,bracketing_secant,0.04,0.08,400.0,371.83175189845764,,0.11616786137779304,371.83175189845764,0.03756661828808907
0.08,8.0,dynamic,pv_hedge_management_fee_costs_aud,dynamic_pv_hedge_management_fee_costs_aud,AUD,higher_is_adverse,10571.451266945853,0.06,9897.929833528593,673.5214334172597,bracketing_secant,0.06,0.12,600.0,239.1398747645502,,0.07471219894404689,239.1398747645502,0.022621290939710208
0.12,12.0,dynamic,pv_hedge_management_fee_costs_aud,dynamic_pv_hedge_management_fee_costs_aud,AUD,higher_is_adverse,11332.769082115894,0.06,9897.929833528593,1434.839248587301,backward_secant,0.08,0.12,399.99999999999994,190.32945379251035,,0.05946282287994976,190.32945379251035,0.016794611485807732
0.0025,0.25,dynamic,pv_hedge_execution_costs_aud,dynamic_pv_hedge_execution_costs_aud,AUD,higher_is_adverse,0.0,0.06,0.0,0.0,forward_secant,0.0025,0.005,25.0,0.0,,0.0,0.0,
0.005,0.5,dynamic,pv_hedge_execution_costs_aud,dynamic_pv_hedge_execution_costs_aud,AUD,higher_is_adverse,0.0,0.06,0.0,0.0,bracketing_secant,0.0025,0.01,75.0,0.0,,0.0,0.0,
0.01,1.0,dynamic,pv_hedge_execution_costs_aud,dynamic_pv_hedge_execution_costs_aud,AUD,higher_is_adverse,0.0,0.06,0.0,0.0,bracketing_secant,0.005,0.02,150.0,0.0,,0.0,0.0,
0.02,2.0,dynamic,pv_hedge_execution_costs_aud,dynamic_pv_hedge_execution_costs_aud,AUD,higher_is_adverse,0.0,0.06,0.0,0.0,bracketing_secant,0.01,0.04,300.0,0.0,,0.0,0.0,
0.04,4.0,dynamic,pv_hedge_execution_costs_aud,dynamic_pv_hedge_execution_costs_aud,AUD,higher_is_adverse,0.0,0.06,0.0,0.0,bracketing_secant,0.02,0.06,399.99999999999994,0.0,,0.0,0.0,
0.06,6.0,dynamic,pv_hedge_execution_costs_aud,dynamic_pv_hedge_execution_costs_aud,AUD,higher_is_adverse,0.0,0.06,0.0,0.0,bracketing_secant,0.04,0.08,400.0,0.0,,0.0,0.0,
0.08,8.0,dynamic,pv_hedge_execution_costs_aud,dynamic_pv_hedge_execution_costs_aud,AUD,higher_is_adverse,0.0,0.06,0.0,0.0,bracketing_secant,0.06,0.12,600.0,0.0,,0.0,0.0,
0.12,12.0,dynamic,pv_hedge_execution_costs_aud,dynamic_pv_hedge_execution_costs_aud,AUD,higher_is_adverse,0.0,0.06,0.0,0.0,backward_secant,0.08,0.12,399.99999999999994,0.0,,0.0,0.0,
0.0025,0.25,dynamic,bel_nonunit_aud,dynamic_bel_nonunit_aud,AUD,higher_is_adverse,-52128.842393354826,0.06,10170.404038413199,-62299.24643176803,forward_secant,0.0025,0.005,25.0,11111.91438287604,,3.4715898335233137,11111.91438287604,0.21316250031081724
0.005,0.5,dynamic,bel_nonunit_aud,dynamic_bel_nonunit_aud,AUD,higher_is_adverse,-49350.863797635815,0.06,10170.404038413199,-59521.26783604901,bracketing_secant,0.0025,0.01,75.0,11220.355093280166,,3.5054689343521632,11220.355093280166,0.22735883893115735
0.01,1.0,dynamic,bel_nonunit_aud,dynamic_bel_nonunit_aud,AUD,higher_is_adverse,-43713.5760733947,0.06,10170.404038413199,-53883.980111807905,bracketing_secant,0.005,0.02,150.0,11304.017794463398,,3.5316068771822837,11304.017794463398,0.25859284025365603
0.02,2.0,dynamic,bel_nonunit_aud,dynamic_bel_nonunit_aud,AUD,higher_is_adverse,-32394.83710594072,0.06,10170.404038413199,-42565.24114435392,bracketing_secant,0.01,0.04,300.0,11262.416564369874,,3.5186098001280097,11262.416564369874,0.34766084878088543
0.04,4.0,dynamic,bel_nonunit_aud,dynamic_bel_nonunit_aud,AUD,higher_is_adverse,-9926.326380285078,0.06,10170.404038413199,-20096.730418698276,bracketing_secant,0.02,0.06,399.99999999999994,10641.310286088481,,3.3245634668929345,10641.310286088481,1.0720290546987705
0.06,6.0,dynamic,bel_nonunit_aud,dynamic_bel_nonunit_aud,AUD,higher_is_adverse,10170.404038413199,0.06,10170.404038413199,0.0,bracketing_secant,0.04,0.08,400.0,8967.234976213895,,2.8015480236432007,8967.234976213895,0.881698990752483
0.08,8.0,dynamic,bel_nonunit_aud,dynamic_bel_nonunit_aud,AUD,higher_is_adverse,25942.613524570497,0.06,10170.404038413199,15772.209486157299,bracketing_secant,0.06,0.12,600.0,5400.248024716812,,1.6871481812352602,5400.248024716812,0.20816129491356705
0.12,12.0,dynamic,bel_nonunit_aud,dynamic_bel_nonunit_aud,AUD,higher_is_adverse,42571.892186714074,0.06,10170.404038413199,32401.488148300876,backward_secant,0.08,0.12,399.99999999999994,4157.319665535895,,1.29883188335415,4157.319665535895,0.09765409644707594
0.0025,0.25,dynamic,bel_total_aud,dynamic_bel_total_aud,AUD,higher_is_adverse,267952.5876066452,0.06,330251.8340384132,-62299.246431768,forward_secant,0.0025,0.005,25.0,11111.914382875897,,3.4715898335232684,11111.914382875897,0.041469703584979756
0.005,0.5,dynamic,bel_total_aud,dynamic_bel_total_aud,AUD,higher_is_adverse,270730.56620236416,0.06,330251.8340384132,-59521.267836049024,bracketing_secant,0.0025,0.01,75.0,11220.355093280166,,3.5054689343521632,11220.355093280166,0.04144472953561231
0.01,1.0,dynamic,bel_total_aud,dynamic_bel_total_aud,AUD,higher_is_adverse,276367.8539266053,0.06,330251.8340384132,-53883.980111807876,bracketing_secant,0.005,0.02,150.0,11304.017794463398,,3.5316068771822837,11304.017794463398,0.040902071763619055
0.02,2.0,dynamic,bel_total_aud,dynamic_bel_total_aud,AUD,higher_is_adverse,287686.59289405926,0.06,330251.8340384132,-42565.24114435393,bracketing_secant,0.01,0.04,300.0,11262.416564369865,,3.5186098001280066,11262.416564369865,0.03914821490661977
0.04,4.0,dynamic,bel_total_aud,dynamic_bel_total_aud,AUD,higher_is_adverse,310155.1036197149,0.06,330251.8340384132,-20096.73041869828,bracketing_secant,0.02,0.06,399.99999999999994,10641.310286088483,,3.3245634668929354,10641.310286088483,0.03430964108569346
0.06,6.0,dynamic,bel_total_aud,dynamic_bel_total_aud,AUD,higher_is_adverse,330251.8340384132,0.06,330251.8340384132,0.0,bracketing_secant,0.04,0.08,400.0,8967.234976213891,,2.8015480236431998,8967.234976213891,0.027152718174370136
0.08,8.0,dynamic,bel_total_aud,dynamic_bel_total_aud,AUD,higher_is_adverse,346024.0435245705,0.06,330251.8340384132,15772.209486157284,bracketing_secant,0.06,0.12,600.0,5400.24802471681,,1.6871481812352591,5400.24802471681,0.01560656875086008
0.12,12.0,dynamic,bel_total_aud,dynamic_bel_total_aud,AUD,higher_is_adverse,362653.32218671404,0.06,330251.8340384132,32401.48814830085,backward_secant,0.08,0.12,399.99999999999994,4157.319665535892,,1.2988318833541492,4157.319665535892,0.01146361941610857
0.0025,0.25,dynamic,csm_aud,dynamic_csm_aud,AUD,lower_is_adverse,52128.84239335482,0.06,-10170.404038413195,62299.24643176801,forward_secant,0.0025,0.005,25.0,-11111.914382876013,,-3.471589833523305,11111.914382876013,-0.21316250031081674
0.005,0.5,dynamic,csm_aud,dynamic_csm_aud,AUD,lower_is_adverse,49350.863797635815,0.06,-10170.404038413195,59521.26783604901,bracketing_secant,0.0025,0.01,75.0,-11220.355093280166,,-3.5054689343521632,11220.355093280166,-0.22735883893115735
0.01,1.0,dynamic,csm_aud,dynamic_csm_aud,AUD,lower_is_adverse,43713.576073394695,0.06,-10170.404038413195,53883.98011180789,bracketing_secant,0.005,0.02,150.0,-11304.01779446341,,-3.531606877182288,11304.01779446341,-0.25859284025365636
0.02,2.0,dynamic,csm_aud,dynamic_csm_aud,AUD,lower_is_adverse,32394.8371059407,0.06,-10170.404038413195,42565.241144353895,bracketing_secant,0.01,0.04,300.0,-11262.416564369865,,-3.5186098001280066,11262.416564369865,-0.34766084878088543
0.04,4.0,dynamic,csm_aud,dynamic_csm_aud,AUD,lower_is_adverse,9926.3263802851,0.06,-10170.404038413195,20096.730418698295,bracketing_secant,0.02,0.06,399.99999999999994,-10641.310286088477,,-3.324563466892933,10641.310286088477,-1.0720290546987679
0.06,6.0,dynamic,csm_aud,dynamic_csm_aud,AUD,lower_is_adverse,-10170.404038413195,0.06,-10170.404038413195,0.0,bracketing_secant,0.04,0.08,400.0,-8967.234976213902,,-2.801548023643203,8967.234976213902,-0.881698990752484
0.08,8.0,dynamic,csm_aud,dynamic_csm_aud,AUD,lower_is_adverse,-25942.613524570508,0.06,-10170.404038413195,-15772.209486157313,bracketing_secant,0.06,0.12,600.0,-5400.24802471681,,-1.6871481812352591,5400.24802471681,-0.20816129491356686
0.12,12.0,dynamic,csm_aud,dynamic_csm_aud,AUD,lower_is_adverse,-42571.892186714045,0.06,-10170.404038413195,-32401.48814830085,backward_secant,0.08,0.12,399.99999999999994,-4157.319665535885,,-1.2988318833541468,4157.319665535885,-0.09765409644707577
0.0025,0.25,dynamic,csm_pv_fee_income_aud,dynamic_csm_pv_fee_income_aud,AUD,lower_is_adverse,33235.38767276395,0.06,43719.46211348285,-10484.074440718898,forward_secant,0.0025,0.005,25.0,1740.7277925331728,,0.5438390451246025,-1740.7277925331728,0.052375733049134274
0.005,0.5,dynamic,csm_pv_fee_income_aud,dynamic_csm_pv_fee_income_aud,AUD,lower_is_adverse,33670.569620897244,0.06,43719.46211348285,-10048.892492585604,bracketing_secant,0.0025,0.01,75.0,1765.0238777760437,,0.5514296401937606,-1765.0238777760437,0.052420374756018455
0.01,1.0,dynamic,csm_pv_fee_income_aud,dynamic_csm_pv_fee_income_aud,AUD,lower_is_adverse,34559.15558109598,0.06,43719.46211348285,-9160.306532386865,bracketing_secant,0.005,0.02,150.0,1817.931187377103,,0.5679589682466436,-1817.931187377103,0.052603460842993506
0.02,2.0,dynamic,csm_pv_fee_income_aud,dynamic_csm_pv_fee_income_aud,AUD,lower_is_adverse,36397.4664019629,0.06,43719.46211348285,-7321.99571151995,bracketing_secant,0.01,0.04,300.0,1862.2046306778602,,0.5817908994838783,-1862.2046306778602,0.05116302904472033
0.04,4.0,dynamic,csm_pv_fee_income_aud,dynamic_csm_pv_fee_income_aud,AUD,lower_is_adverse,40145.76947312956,0.06,43719.46211348285,-3573.6926403532852,bracketing_secant,0.02,0.06,399.99999999999994,1830.4989278799878,,0.5718853880026679,-1830.4989278799878,0.04559630944688158
0.06,6.0,dynamic,csm_pv_fee_income_aud,dynamic_csm_pv_fee_income_aud,AUD,lower_is_adverse,43719.46211348285,0.06,43719.46211348285,0.0,bracketing_secant,0.04,0.08,400.0,1632.7376376556203,,0.5101007070780771,-1632.7376376556203,0.03734578512008026
0.08,8.0,dynamic,csm_pv_fee_income_aud,dynamic_csm_pv_fee_income_aud,AUD,lower_is_adverse,46676.720023752045,0.06,43719.46211348285,2957.257910269196,bracketing_secant,0.06,0.12,600.0,1049.9785124851248,,0.32803481054340605,-1049.9785124851248,0.022494693542108996
0.12,12.0,dynamic,csm_pv_fee_income_aud,dynamic_csm_pv_fee_income_aud,AUD,lower_is_adverse,50019.3331883936,0.06,43719.46211348285,6299.871074910749,backward_secant,0.08,0.12,399.99999999999994,835.6532911603882,,0.2610752180032401,-835.6532911603882,0.016706605983989643
0.0025,0.25,dynamic,csm_pv_other_income_aud,dynamic_csm_pv_other_income_aud,AUD,lower_is_adverse,111458.62356034653,0.06,150088.64142344348,-38630.017863096946,forward_secant,0.0025,0.005,25.0,6325.548319274094,,1.9762309607508608,-6325.548319274094,0.056752435273429346
0.005,0.5,dynamic,csm_pv_other_income_aud,dynamic_csm_pv_other_income_aud,AUD,lower_is_adverse,113040.01064016506,0.06,150088.64142344348,-37048.63078327842,bracketing_secant,0.0025,0.01,75.0,6399.997334784985,,1.9994903593079374,-6399.997334784985,0.05661709777397133
0.01,1.0,dynamic,csm_pv_other_income_aud,dynamic_csm_pv_other_income_aud,AUD,lower_is_adverse,116258.62156143527,0.06,150088.64142344348,-33830.01986200821,bracketing_secant,0.005,0.02,150.0,6619.13509898333,,2.067953488892914,-6619.13509898333,0.056934574056389776
0.02,2.0,dynamic,csm_pv_other_income_aud,dynamic_csm_pv_other_income_aud,AUD,lower_is_adverse,122968.71328864005,0.06,150088.64142344348,-27119.928134803427,bracketing_secant,0.01,0.04,300.0,6835.429683922427,,2.135528350995691,-6835.429683922427,0.055586738293974564
0.04,4.0,dynamic,csm_pv_other_income_aud,dynamic_csm_pv_other_income_aud,AUD,lower_is_adverse,136764.91061320255,0.06,150088.64142344348,-13323.73081024093,bracketing_secant,0.02,0.06,399.99999999999994,6779.982033700858,,2.1182053684591633,-6779.982033700858,0.049573987971782835
0.06,6.0,dynamic,csm_pv_other_income_aud,dynamic_csm_pv_other_income_aud,AUD,lower_is_adverse,150088.64142344348,0.06,150088.64142344348,0.0,bracketing_secant,0.04,0.08,400.0,6127.5647634423585,,1.9143768394943619,-6127.5647634423585,0.040826305743915194
0.08,8.0,dynamic,csm_pv_other_income_aud,dynamic_csm_pv_other_income_aud,AUD,lower_is_adverse,161275.16966697198,0.06,150088.64142344348,11186.528243528504,bracketing_secant,0.06,0.12,600.0,4015.9274789780466,,1.2546580659109299,-4015.9274789780466,0.02490108977885937
0.12,12.0,dynamic,csm_pv_other_income_aud,dynamic_csm_pv_other_income_aud,AUD,lower_is_adverse,174184.20629731176,0.06,150088.64142344348,24095.56487386828,backward_secant,0.08,0.12,399.99999999999994,3227.259157584944,,1.0082619155959607,-3227.259157584944,0.018527851785117625
0.0025,0.25,dynamic,csm_pv_claims_aud,dynamic_csm_pv_claims_aud,AUD,higher_is_adverse,71174.44906389539,0.06,59505.269676857504,11669.179387037882,forward_secant,0.0025,0.005,25.0,-1306.7425185043248,,-0.4082531493639993,-1306.7425185043248,-0.018359713853650258
0.005,0.5,dynamic,csm_pv_claims_aud,dynamic_csm_pv_claims_aud,AUD,higher_is_adverse,70847.7634342693,0.06,59505.269676857504,11342.493757411801,bracketing_secant,0.0025,0.01,75.0,-1347.054132398412,,-0.42084732388205465,-1347.054132398412,-0.019013361425984514
0.01,1.0,dynamic,csm_pv_claims_aud,dynamic_csm_pv_claims_aud,AUD,higher_is_adverse,70164.15846459658,0.06,59505.269676857504,10658.888787739073,bracketing_secant,0.005,0.02,150.0,-1543.9802014842476,,-0.4823710646019819,-1543.9802014842476,-0.022005255037204057
0.02,2.0,dynamic,csm_pv_claims_aud,dynamic_csm_pv_claims_aud,AUD,higher_is_adverse,68531.79313204293,0.06,59505.269676857504,9026.52345518543,bracketing_secant,0.01,0.04,300.0,-1912.3214740541807,,-0.597448428687094,-1912.3214740541807,-0.02790415056511997
0.04,4.0,dynamic,csm_pv_claims_aud,dynamic_csm_pv_claims_aud,AUD,higher_is_adverse,64427.194042434036,0.06,59505.269676857504,4921.924365576531,bracketing_secant,0.02,0.06,399.99999999999994,-2256.630863796358,,-0.7050177399533482,-2256.630863796358,-0.035026061546465315
0.06,6.0,dynamic,csm_pv_claims_aud,dynamic_csm_pv_claims_aud,AUD,higher_is_adverse,59505.269676857504,0.06,59505.269676857504,0.0,bracketing_secant,0.04,0.08,400.0,-2425.687835340432,,-0.7578346033196715,-2425.687835340432,-0.04076425245214574
0.08,8.0,dynamic,csm_pv_claims_aud,dynamic_csm_pv_claims_aud,AUD,higher_is_adverse,54724.44270107231,0.06,59505.269676857504,-4780.826975785196,bracketing_secant,0.06,0.12,600.0,-1838.0259629562,,-0.5742369880552584,-1838.0259629562,-0.033586928842679366
0.12,12.0,dynamic,csm_pv_claims_aud,dynamic_csm_pv_claims_aud,AUD,higher_is_adverse,48477.113899120304,0.06,59505.269676857504,-11028.1557777372,backward_secant,0.08,0.12,399.99999999999994,-1561.8322004880015,,-0.48794839503435156,-1561.8322004880015,-0.03221792872690681
0.0025,0.25,dynamic,csm_pv_costs_aud,dynamic_csm_pv_costs_aud,AUD,higher_is_adverse,21390.71977586027,0.06,144473.237898482,-123082.51812262174,forward_secant,0.0025,0.005,25.0,20484.933013187663,,6.399912988762786,20484.933013187663,0.9576551526940762
0.005,0.5,dynamic,csm_pv_costs_aud,dynamic_csm_pv_costs_aud,AUD,higher_is_adverse,26511.953029157186,0.06,144473.237898482,-117961.28486932482,bracketing_secant,0.0025,0.01,75.0,20732.430438239593,,6.477236257735912,20732.430438239593,0.7820031370543914
0.01,1.0,dynamic,csm_pv_costs_aud,dynamic_csm_pv_costs_aud,AUD,higher_is_adverse,36940.042604539965,0.06,144473.237898482,-107533.19529394204,bracketing_secant,0.005,0.02,150.0,21285.064282308078,,6.649890398923823,21285.064282308078,0.5762057318172157
0.02,2.0,dynamic,csm_pv_costs_aud,dynamic_csm_pv_costs_aud,AUD,higher_is_adverse,58439.5494526193,0.06,144473.237898482,-86033.6884458627,bracketing_secant,0.01,0.04,300.0,21872.372353024333,,6.83337747929467,21872.372353024333,0.37427345963297803
0.04,4.0,dynamic,csm_pv_costs_aud,dynamic_csm_pv_costs_aud,AUD,higher_is_adverse,102557.15966361297,0.06,144473.237898482,-41916.07823486904,bracketing_secant,0.02,0.06,399.99999999999994,21508.42211146568,,6.719671963308112,21508.42211146568,0.20972131231025906
0.06,6.0,dynamic,csm_pv_costs_aud,dynamic_csm_pv_costs_aud,AUD,higher_is_adverse,144473.237898482,0.06,144473.237898482,0.0,bracketing_secant,0.04,0.08,400.0,19153.225212652313,,5.983860173535314,19153.225212652313,0.13257282449854718
0.08,8.0,dynamic,csm_pv_costs_aud,dynamic_csm_pv_costs_aud,AUD,higher_is_adverse,179170.06051422222,0.06,144473.237898482,34696.82261574021,bracketing_secant,0.06,0.12,600.0,12304.179979136181,,3.8440780457448533,12304.179979136181,0.0686731920713924
0.12,12.0,dynamic,csm_pv_costs_aud,dynamic_csm_pv_costs_aud,AUD,higher_is_adverse,218298.3177732991,0.06,144473.237898482,73825.07987481708,backward_secant,0.08,0.12,399.99999999999994,9782.064314769219,,3.056117411987699,9782.064314769219,0.04481053456824073
0.0025,0.25,dynamic,csm_reconciliation_gap_aud,dynamic_csm_reconciliation_gap_aud,AUD,diagnostic,0.0,0.06,1.2732925824820995e-11,-1.2732925824820995e-11,forward_secant,0.0025,0.005,25.0,0.0,,0.0,,
0.005,0.5,dynamic,csm_reconciliation_gap_aud,dynamic_csm_reconciliation_gap_aud,AUD,diagnostic,0.0,0.06,1.2732925824820995e-11,-1.2732925824820995e-11,bracketing_secant,0.0025,0.01,75.0,0.0,,0.0,,
0.01,1.0,dynamic,csm_reconciliation_gap_aud,dynamic_csm_reconciliation_gap_aud,AUD,diagnostic,0.0,0.06,1.2732925824820995e-11,-1.2732925824820995e-11,bracketing_secant,0.005,0.02,150.0,0.0,,0.0,,
0.02,2.0,dynamic,csm_reconciliation_gap_aud,dynamic_csm_reconciliation_gap_aud,AUD,diagnostic,0.0,0.06,1.2732925824820995e-11,-1.2732925824820995e-11,bracketing_secant,0.01,0.04,300.0,1.2126596023639045e-12,,3.7885971777991133e-16,,
0.04,4.0,dynamic,csm_reconciliation_gap_aud,dynamic_csm_reconciliation_gap_aud,AUD,diagnostic,3.637978807091713e-12,0.06,1.2732925824820995e-11,-9.094947017729282e-12,bracketing_secant,0.02,0.06,399.99999999999994,3.1832314562052492e-12,,9.945067591722672e-16,,0.8750000000000001
0.06,6.0,dynamic,csm_reconciliation_gap_aud,dynamic_csm_reconciliation_gap_aud,AUD,diagnostic,1.2732925824820995e-11,0.06,1.2732925824820995e-11,0.0,bracketing_secant,0.04,0.08,400.0,2.7284841053187847e-12,,8.524343650048004e-16,,0.21428571428571427
0.08,8.0,dynamic,csm_reconciliation_gap_aud,dynamic_csm_reconciliation_gap_aud,AUD,diagnostic,1.4551915228366852e-11,0.06,1.2732925824820995e-11,1.8189894035458565e-12,bracketing_secant,0.06,0.12,600.0,3.031649005909761e-13,,9.471492944497783e-17,,0.020833333333333336
0.12,12.0,dynamic,csm_reconciliation_gap_aud,dynamic_csm_reconciliation_gap_aud,AUD,diagnostic,1.4551915228366852e-11,0.06,1.2732925824820995e-11,1.8189894035458565e-12,backward_secant,0.08,0.12,399.99999999999994,0.0,,0.0,,0.0
0.0025,0.25,dynamic,csm_to_premium,dynamic_csm_to_premium,ratio,lower_is_adverse,0.1628611893959447,0.06,-0.03177442702131515,0.19463561641725985,forward_secant,0.0025,0.005,25.0,-0.03471589833523303,-3.471589833523303,,0.03471589833523303,-0.21316250031081663
0.005,0.5,dynamic,csm_to_premium,dynamic_csm_to_premium,ratio,lower_is_adverse,0.15418221481213645,0.06,-0.03177442702131515,0.18595664183345162,bracketing_secant,0.0025,0.01,75.0,-0.03505468934352163,-3.505468934352163,,0.03505468934352163,-0.2273588389311573
0.01,1.0,dynamic,csm_to_premium,dynamic_csm_to_premium,ratio,lower_is_adverse,0.1365701723883035,0.06,-0.03177442702131515,0.16834459940961866,bracketing_secant,0.005,0.02,150.0,-0.03531606877182288,-3.531606877182288,,0.03531606877182288,-0.2585928402536564
0.02,2.0,dynamic,csm_to_premium,dynamic_csm_to_premium,ratio,lower_is_adverse,0.10120811165440213,0.06,-0.03177442702131515,0.1329825386757173,bracketing_secant,0.01,0.04,300.0,-0.03518609800128007,-3.518609800128007,,0.03518609800128007,-0.3476608487808855
0.04,4.0,dynamic,csm_to_premium,dynamic_csm_to_premium,ratio,lower_is_adverse,0.03101187838446329,0.06,-0.03177442702131515,0.06278630540577844,bracketing_secant,0.02,0.06,399.99999999999994,-0.03324563466892933,-3.324563466892933,,0.03324563466892933,-1.0720290546987679
0.06,6.0,dynamic,csm_to_premium,dynamic_csm_to_premium,ratio,lower_is_adverse,-0.03177442702131515,0.06,-0.03177442702131515,0.0,bracketing_secant,0.04,0.08,400.0,-0.02801548023643203,-2.801548023643203,,0.02801548023643203,-0.8816989907524841
0.08,8.0,dynamic,csm_to_premium,dynamic_csm_to_premium,ratio,lower_is_adverse,-0.08105004256126483,0.06,-0.03177442702131515,-0.04927561553994968,bracketing_secant,0.06,0.12,600.0,-0.01687148181235259,-1.687148181235259,,0.01687148181235259,-0.2081612949135668
0.12,12.0,dynamic,csm_to_premium,dynamic_csm_to_premium,ratio,lower_is_adverse,-0.13300331789543068,0.06,-0.03177442702131515,-0.10122889087411553,backward_secant,0.08,0.12,399.99999999999994,-0.012988318833541465,-1.2988318833541466,,0.012988318833541465,-0.09765409644707576
0.0025,0.25,dynamic,insurer_net_present_value_before_risk_margin_aud,dynamic_insurer_net_present_value_before_risk_margin_aud,AUD,lower_is_adverse,52128.84239335482,0.06,-10170.404038413208,62299.24643176803,forward_secant,0.0025,0.005,25.0,-11111.914382876013,,-3.471589833523305,11111.914382876013,-0.21316250031081674
0.005,0.5,dynamic,insurer_net_present_value_before_risk_margin_aud,dynamic_insurer_net_present_value_before_risk_margin_aud,AUD,lower_is_adverse,49350.863797635815,0.06,-10170.404038413208,59521.267836049024,bracketing_secant,0.0025,0.01,75.0,-11220.355093280166,,-3.5054689343521632,11220.355093280166,-0.22735883893115735
0.01,1.0,dynamic,insurer_net_present_value_before_risk_margin_aud,dynamic_insurer_net_present_value_before_risk_margin_aud,AUD,lower_is_adverse,43713.576073394695,0.06,-10170.404038413208,53883.980111807905,bracketing_secant,0.005,0.02,150.0,-11304.01779446341,,-3.531606877182288,11304.01779446341,-0.25859284025365636
0.02,2.0,dynamic,insurer_net_present_value_before_risk_margin_aud,dynamic_insurer_net_present_value_before_risk_margin_aud,AUD,lower_is_adverse,32394.8371059407,0.06,-10170.404038413208,42565.24114435391,bracketing_secant,0.01,0.04,300.0,-11262.416564369865,,-3.5186098001280066,11262.416564369865,-0.34766084878088543
0.04,4.0,dynamic,insurer_net_present_value_before_risk_margin_aud,dynamic_insurer_net_present_value_before_risk_margin_aud,AUD,lower_is_adverse,9926.326380285096,0.06,-10170.404038413208,20096.730418698302,bracketing_secant,0.02,0.06,399.99999999999994,-10641.31028608848,,-3.3245634668929336,10641.31028608848,-1.0720290546987685
0.06,6.0,dynamic,insurer_net_present_value_before_risk_margin_aud,dynamic_insurer_net_present_value_before_risk_margin_aud,AUD,lower_is_adverse,-10170.404038413208,0.06,-10170.404038413208,0.0,bracketing_secant,0.04,0.08,400.0,-8967.234976213906,,-2.8015480236432038,8967.234976213906,-0.8816989907524833
0.08,8.0,dynamic,insurer_net_present_value_before_risk_margin_aud,dynamic_insurer_net_present_value_before_risk_margin_aud,AUD,lower_is_adverse,-25942.613524570523,0.06,-10170.404038413208,-15772.209486157315,bracketing_secant,0.06,0.12,600.0,-5400.24802471681,,-1.6871481812352591,5400.24802471681,-0.20816129491356675
0.12,12.0,dynamic,insurer_net_present_value_before_risk_margin_aud,dynamic_insurer_net_present_value_before_risk_margin_aud,AUD,lower_is_adverse,-42571.89218671406,0.06,-10170.404038413208,-32401.48814830085,backward_secant,0.08,0.12,399.99999999999994,-4157.319665535885,,-1.2988318833541468,4157.319665535885,-0.09765409644707575
0.0025,0.25,dynamic,new_business_margin_before_risk_margin,dynamic_new_business_margin_before_risk_margin,ratio,lower_is_adverse,0.1628611893959447,0.06,-0.031774427021315194,0.1946356164172599,forward_secant,0.0025,0.005,25.0,-0.03471589833523303,-3.471589833523303,,0.03471589833523303,-0.21316250031081663
0.005,0.5,dynamic,new_business_margin_before_risk_margin,dynamic_new_business_margin_before_risk_margin,ratio,lower_is_adverse,0.15418221481213645,0.06,-0.031774427021315194,0.18595664183345165,bracketing_secant,0.0025,0.01,75.0,-0.03505468934352163,-3.505468934352163,,0.03505468934352163,-0.2273588389311573
0.01,1.0,dynamic,new_business_margin_before_risk_margin,dynamic_new_business_margin_before_risk_margin,ratio,lower_is_adverse,0.1365701723883035,0.06,-0.031774427021315194,0.16834459940961868,bracketing_secant,0.005,0.02,150.0,-0.03531606877182288,-3.531606877182288,,0.03531606877182288,-0.2585928402536564
0.02,2.0,dynamic,new_business_margin_before_risk_margin,dynamic_new_business_margin_before_risk_margin,ratio,lower_is_adverse,0.10120811165440213,0.06,-0.031774427021315194,0.13298253867571733,bracketing_secant,0.01,0.04,300.0,-0.03518609800128007,-3.518609800128007,,0.03518609800128007,-0.3476608487808855
0.04,4.0,dynamic,new_business_margin_before_risk_margin,dynamic_new_business_margin_before_risk_margin,ratio,lower_is_adverse,0.03101187838446328,0.06,-0.031774427021315194,0.06278630540577848,bracketing_secant,0.02,0.06,399.99999999999994,-0.03324563466892934,-3.324563466892934,,0.03324563466892934,-1.0720290546987683
0.06,6.0,dynamic,new_business_margin_before_risk_margin,dynamic_new_business_margin_before_risk_margin,ratio,lower_is_adverse,-0.031774427021315194,0.06,-0.031774427021315194,0.0,bracketing_secant,0.04,0.08,400.0,-0.028015480236432033,-2.8015480236432033,,0.028015480236432033,-0.881698990752483
0.08,8.0,dynamic,new_business_margin_before_risk_margin,dynamic_new_business_margin_before_risk_margin,ratio,lower_is_adverse,-0.08105004256126487,0.06,-0.031774427021315194,-0.04927561553994968,bracketing_secant,0.06,0.12,600.0,-0.016871481812352592,-1.6871481812352591,,0.016871481812352592,-0.20816129491356672
0.12,12.0,dynamic,new_business_margin_before_risk_margin,dynamic_new_business_margin_before_risk_margin,ratio,lower_is_adverse,-0.13300331789543074,0.06,-0.031774427021315194,-0.10122889087411555,backward_secant,0.08,0.12,399.99999999999994,-0.01298831883354147,-1.298831883354147,,0.01298831883354147,-0.09765409644707576
0.0025,0.25,dynamic,guarantee_claims_to_premium,dynamic_guarantee_claims_to_premium,ratio,higher_is_adverse,0.22236356874528893,0.06,0.18590666030471528,0.03645690844057364,forward_secant,0.0025,0.005,25.0,-0.004082531493639907,-0.4082531493639907,,-0.004082531493639907,-0.018359713853649873
0.005,0.5,dynamic,guarantee_claims_to_premium,dynamic_guarantee_claims_to_premium,ratio,higher_is_adverse,0.22134293587187895,0.06,0.18590666030471528,0.035436275567163666,bracketing_secant,0.0025,0.01,75.0,-0.004208473238820528,-0.4208473238820528,,-0.004208473238820528,-0.019013361425984428
0.01,1.0,dynamic,guarantee_claims_to_premium,dynamic_guarantee_claims_to_premium,ratio,higher_is_adverse,0.21920721381617353,0.06,0.18590666030471528,0.03330055351145825,bracketing_secant,0.005,0.02,150.0,-0.00482371064601983,-0.482371064601983,,-0.00482371064601983,-0.022005255037204106
0.02,2.0,dynamic,guarantee_claims_to_premium,dynamic_guarantee_claims_to_premium,ratio,higher_is_adverse,0.2141073699028492,0.06,0.18590666030471528,0.028200709598133922,bracketing_secant,0.01,0.04,300.0,-0.005974484286870946,-0.5974484286870946,,-0.005974484286870946,-0.027904150565119995
0.04,4.0,dynamic,guarantee_claims_to_premium,dynamic_guarantee_claims_to_premium,ratio,higher_is_adverse,0.2012837609555607,0.06,0.18590666030471528,0.01537710065084541,bracketing_secant,0.02,0.06,399.99999999999994,-0.007050177399533481,-0.7050177399533482,,-0.007050177399533481,-0.035026061546465315
0.06,6.0,dynamic,guarantee_claims_to_premium,dynamic_guarantee_claims_to_premium,ratio,higher_is_adverse,0.18590666030471528,0.06,0.18590666030471528,0.0,bracketing_secant,0.04,0.08,400.0,-0.007578346033196709,-0.7578346033196709,,-0.007578346033196709,-0.04076425245214571
0.08,8.0,dynamic,guarantee_claims_to_premium,dynamic_guarantee_claims_to_premium,ratio,higher_is_adverse,0.17097037682277386,0.06,0.18590666030471528,-0.014936283481941426,bracketing_secant,0.06,0.12,600.0,-0.005742369880552583,-0.5742369880552582,,-0.005742369880552583,-0.033586928842679366
0.12,12.0,dynamic,guarantee_claims_to_premium,dynamic_guarantee_claims_to_premium,ratio,higher_is_adverse,0.1514524410213998,0.06,0.18590666030471528,-0.03445421928331549,backward_secant,0.08,0.12,399.99999999999994,-0.004879483950343517,-0.4879483950343517,,-0.004879483950343517,-0.03221792872690682
0.0025,0.25,dynamic,guarantee_value_to_premium,dynamic_guarantee_value_to_premium,ratio,higher_is_adverse,0.1400123352855591,0.06,0.07757780111732301,0.06243453416823608,forward_secant,0.0025,0.005,25.0,-0.008395737713593698,-0.8395737713593698,,-0.008395737713593698,-0.059964271694135776
0.005,0.5,dynamic,guarantee_value_to_premium,dynamic_guarantee_value_to_premium,ratio,higher_is_adverse,0.13791340085716067,0.06,0.07757780111732301,0.06033559973983765,bracketing_secant,0.0025,0.01,75.0,-0.00858188073001239,-0.8581880730012389,,-0.00858188073001239,-0.06222659057549305
0.01,1.0,dynamic,guarantee_value_to_premium,dynamic_guarantee_value_to_premium,ratio,higher_is_adverse,0.1335759247380498,0.06,0.07757780111732301,0.055998123620726786,bracketing_secant,0.005,0.02,150.0,-0.009328212807975958,-0.9328212807975957,,-0.009328212807975958,-0.06983453662229273
0.02,2.0,dynamic,guarantee_value_to_premium,dynamic_guarantee_value_to_premium,ratio,higher_is_adverse,0.12392108164519673,0.06,0.07757780111732301,0.04634328052787372,bracketing_secant,0.01,0.04,300.0,-0.010588687972432736,-1.0588687972432735,,-0.010588687972432736,-0.0854470267032499
0.04,4.0,dynamic,guarantee_value_to_premium,dynamic_guarantee_value_to_premium,ratio,higher_is_adverse,0.1018098608207516,0.06,0.07757780111732301,0.02423205970342858,bracketing_secant,0.02,0.06,399.99999999999994,-0.011585820131968431,-1.1585820131968432,,-0.011585820131968431,-0.11379860495405891
0.06,6.0,dynamic,guarantee_value_to_premium,dynamic_guarantee_value_to_premium,ratio,higher_is_adverse,0.07757780111732301,0.06,0.07757780111732301,0.0,bracketing_secant,0.04,0.08,400.0,-0.011623972330712497,-1.1623972330712498,,-0.011623972330712497,-0.14983632125810384
0.08,8.0,dynamic,guarantee_value_to_premium,dynamic_guarantee_value_to_premium,ratio,higher_is_adverse,0.0553139714979016,0.06,0.07757780111732301,-0.022263829619421416,bracketing_secant,0.06,0.12,600.0,-0.008344025274517526,-0.8344025274517527,,-0.008344025274517526,-0.15084842126792625
0.12,12.0,dynamic,guarantee_value_to_premium,dynamic_guarantee_value_to_premium,ratio,higher_is_adverse,0.027513649470217855,0.06,0.07757780111732301,-0.05006415164710516,backward_secant,0.08,0.12,399.99999999999994,-0.0069500805069209375,-0.6950080506920937,,-0.0069500805069209375,-0.2526048212704044
0.0025,0.25,dynamic,bel_total_to_premium,dynamic_bel_total_to_premium,ratio,higher_is_adverse,0.8371388106040554,0.06,1.0317744270213152,-0.1946356164172598,forward_secant,0.0025,0.005,25.0,0.0347158983352327,3.4715898335232698,,0.0347158983352327,0.04146970358497977
0.005,0.5,dynamic,bel_total_to_premium,dynamic_bel_total_to_premium,ratio,higher_is_adverse,0.8458177851878635,0.06,1.0317744270213152,-0.18595664183345162,bracketing_secant,0.0025,0.01,75.0,0.03505468934352152,3.5054689343521517,,0.03505468934352152,0.041444729535612165
0.01,1.0,dynamic,bel_total_to_premium,dynamic_bel_total_to_premium,ratio,higher_is_adverse,0.8634298276116965,0.06,1.0317744270213152,-0.16834459940961866,bracketing_secant,0.005,0.02,150.0,0.035316068771822806,3.5316068771822806,,0.035316068771822806,0.04090207176361901
0.02,2.0,dynamic,bel_total_to_premium,dynamic_bel_total_to_premium,ratio,higher_is_adverse,0.8987918883455978,0.06,1.0317744270213152,-0.1329825386757174,bracketing_secant,0.01,0.04,300.0,0.03518609800128007,3.518609800128007,,0.03518609800128007,0.03914821490661978
0.04,4.0,dynamic,bel_total_to_premium,dynamic_bel_total_to_premium,ratio,higher_is_adverse,0.9689881216155367,0.06,1.0317744270213152,-0.06278630540577845,bracketing_secant,0.02,0.06,399.99999999999994,0.03324563466892936,3.324563466892936,,0.03324563466892936,0.03430964108569347
0.06,6.0,dynamic,bel_total_to_premium,dynamic_bel_total_to_premium,ratio,higher_is_adverse,1.0317744270213152,0.06,1.0317744270213152,0.0,bracketing_secant,0.04,0.08,400.0,0.028015480236432022,2.8015480236432024,,0.028015480236432022,0.02715271817437016
0.08,8.0,dynamic,bel_total_to_premium,dynamic_bel_total_to_premium,ratio,higher_is_adverse,1.0810500425612648,0.06,1.0317744270213152,0.049275615539949635,bracketing_secant,0.06,0.12,600.0,0.016871481812352578,1.6871481812352578,,0.016871481812352578,0.015606568750860065
0.12,12.0,dynamic,bel_total_to_premium,dynamic_bel_total_to_premium,ratio,higher_is_adverse,1.1330033178954306,0.06,1.0317744270213152,0.10122889087411546,backward_secant,0.08,0.12,399.99999999999994,0.012988318833541459,1.298831883354146,,0.012988318833541459,0.011463619416108543
0.0025,0.25,dynamic,expenses_to_premium,dynamic_expenses_to_premium,ratio,higher_is_adverse,0.027943154306833286,0.06,0.02941346709435342,-0.0014703127875201338,forward_secant,0.0025,0.005,25.0,0.0002444443786209366,0.02444443786209366,,0.0002444443786209366,0.008747916428359686
0.005,0.5,dynamic,expenses_to_premium,dynamic_expenses_to_premium,ratio,higher_is_adverse,0.02800426540148852,0.06,0.02941346709435342,-0.0014092016928648997,bracketing_secant,0.0025,0.01,75.0,0.0002471991102479856,0.024719911024798556,,0.0002471991102479856,0.008827194954196017
0.01,1.0,dynamic,expenses_to_premium,dynamic_expenses_to_premium,ratio,higher_is_adverse,0.028128553639519275,0.06,0.02941346709435342,-0.0012849134548341447,bracketing_secant,0.005,0.02,150.0,0.0002551525086477736,0.02551525086477736,,0.0002551525086477736,0.009070943067947031
0.02,2.0,dynamic,expenses_to_premium,dynamic_expenses_to_premium,ratio,higher_is_adverse,0.02838699416446018,0.06,0.02941346709435342,-0.0010264729298932393,bracketing_secant,0.01,0.04,300.0,0.0002618194038868475,0.026181940388684752,,0.0002618194038868475,0.009223216884816886
0.04,4.0,dynamic,expenses_to_premium,dynamic_expenses_to_premium,ratio,higher_is_adverse,0.028914011851179817,0.06,0.02941346709435342,-0.0004994552431736021,bracketing_secant,0.02,0.06,399.99999999999994,0.0002566182324733099,0.02566182324733099,,0.0002566182324733099,0.008875220560679086
0.06,6.0,dynamic,expenses_to_premium,dynamic_expenses_to_premium,ratio,higher_is_adverse,0.02941346709435342,0.06,0.02941346709435342,0.0,bracketing_secant,0.04,0.08,400.0,0.0002274694678196668,0.02274694678196668,,0.0002274694678196668,0.007733514280719892
0.08,8.0,dynamic,expenses_to_premium,dynamic_expenses_to_premium,ratio,higher_is_adverse,0.029823889722458485,0.06,0.02941346709435342,0.00041042262810506505,bracketing_secant,0.06,0.12,600.0,0.0001448240231361724,0.014482402313617238,,0.0001448240231361724,0.00485597366687936
0.12,12.0,dynamic,expenses_to_premium,dynamic_expenses_to_premium,ratio,higher_is_adverse,0.030282411233170454,0.06,0.02941346709435342,0.0008689441388170342,backward_secant,0.08,0.12,399.99999999999994,0.0001146303776779923,0.011463037767799231,,0.0001146303776779923,0.0037853781455959357
0.0025,0.25,dynamic,hedge_costs_to_premium,dynamic_hedge_costs_to_premium,ratio,higher_is_adverse,0.03888583910231347,0.06,0.4219505433028821,-0.38306470420056865,forward_secant,0.0025,0.005,25.0,0.06375468550900698,6.375468550900698,,0.06375468550900698,1.6395347761754733
0.005,0.5,dynamic,hedge_costs_to_premium,dynamic_hedge_costs_to_premium,ratio,higher_is_adverse,0.054824510479565214,0.06,0.4219505433028821,-0.3671260328233169,bracketing_secant,0.0025,0.01,75.0,0.06452516346711114,6.452516346711114,,0.06452516346711114,1.1769400748441092
0.01,1.0,dynamic,hedge_costs_to_premium,dynamic_hedge_costs_to_premium,ratio,higher_is_adverse,0.08727971170264683,0.06,0.4219505433028821,-0.3346708316002353,bracketing_secant,0.005,0.02,150.0,0.06624375148059045,6.624375148059045,,0.06624375148059045,0.7589822444221198
0.02,2.0,dynamic,hedge_costs_to_premium,dynamic_hedge_costs_to_premium,ratio,higher_is_adverse,0.15419013770045087,0.06,0.4219505433028821,-0.26776040560243125,bracketing_secant,0.01,0.04,300.0,0.06807195538905986,6.807195538905986,,0.06807195538905986,0.4414806057265802
0.04,4.0,dynamic,hedge_costs_to_premium,dynamic_hedge_costs_to_premium,ratio,higher_is_adverse,0.2914955778698264,0.06,0.4219505433028821,-0.13045496543305574,bracketing_secant,0.02,0.06,399.99999999999994,0.06694010140060783,6.694010140060783,,0.06694010140060783,0.22964362577912373
0.06,6.0,dynamic,hedge_costs_to_premium,dynamic_hedge_costs_to_premium,ratio,higher_is_adverse,0.4219505433028821,0.06,0.4219505433028821,0.0,bracketing_secant,0.04,0.08,400.0,0.05961113226753348,5.961113226753348,,0.05961113226753348,0.14127516414819202
0.08,8.0,dynamic,hedge_costs_to_premium,dynamic_hedge_costs_to_premium,ratio,higher_is_adverse,0.5299401069399603,0.06,0.4219505433028821,0.10798956363707818,bracketing_secant,0.06,0.12,600.0,0.038295956434312356,3.8295956434312357,,0.038295956434312356,0.07226468790113881
0.12,12.0,dynamic,hedge_costs_to_premium,dynamic_hedge_costs_to_premium,ratio,higher_is_adverse,0.6517262819087563,0.06,0.4219505433028821,0.22977573860587414,backward_secant,0.08,0.12,399.99999999999994,0.030446543742198996,3.0446543742198995,,0.030446543742198996,0.046716765285309776
0.0025,0.25,dynamic,money_market_income_to_premium,dynamic_money_market_income_to_premium,ratio,lower_is_adverse,0.3457876009514061,0.06,0.46730461030100323,-0.12151700934959714,forward_secant,0.0025,0.005,25.0,0.01988522537970927,1.988522537970927,,-0.01988522537970927,0.05750705151080233
0.005,0.5,dynamic,money_market_income_to_premium,dynamic_money_market_income_to_premium,ratio,lower_is_adverse,0.3507589072963334,0.06,0.46730461030100323,-0.11654570300466982,bracketing_secant,0.0025,0.01,75.0,0.02012491792524733,2.0124917925247328,,-0.02012491792524733,0.05737535813522504
0.01,1.0,dynamic,money_market_income_to_premium,dynamic_money_market_income_to_premium,ratio,lower_is_adverse,0.3608812893953416,0.06,0.46730461030100323,-0.10642332090566164,bracketing_secant,0.005,0.02,150.0,0.020823476956037854,2.082347695603785,,-0.020823476956037854,0.05770173618845048
0.02,2.0,dynamic,money_market_income_to_premium,dynamic_money_market_income_to_premium,ratio,lower_is_adverse,0.3819941227303902,0.06,0.46730461030100323,-0.08531048757061305,bracketing_secant,0.01,0.04,300.0,0.021507926507553843,2.1507926507553843,,-0.021507926507553843,0.05630433880453717
0.04,4.0,dynamic,money_market_income_to_premium,dynamic_money_market_income_to_premium,ratio,lower_is_adverse,0.4254050689180031,0.06,0.46730461030100323,-0.041899541383000116,bracketing_secant,0.02,0.06,399.99999999999994,0.021327621892653265,2.1327621892653266,,-0.021327621892653265,0.050134856048845454
0.06,6.0,dynamic,money_market_income_to_premium,dynamic_money_market_income_to_premium,ratio,lower_is_adverse,0.46730461030100323,0.06,0.46730461030100323,0.0,bracketing_secant,0.04,0.08,400.0,0.01926184969070921,1.926184969070921,,-0.01926184969070921,0.04121904485021482
0.08,8.0,dynamic,money_market_income_to_premium,dynamic_money_market_income_to_premium,ratio,lower_is_adverse,0.50245246768084,0.06,0.46730461030100323,0.03514785737983672,bracketing_secant,0.06,0.12,600.0,0.012606641957792358,1.2606641957792357,,-0.012606641957792358,0.025090218017995988
0.12,12.0,dynamic,money_market_income_to_premium,dynamic_money_market_income_to_premium,ratio,lower_is_adverse,0.5429444620477574,0.06,0.46730461030100323,0.07563985174675414,backward_secant,0.08,0.12,399.99999999999994,0.010122998591729356,1.0122998591729355,,-0.010122998591729356,0.018644629974766992
0.0025,0.25,dynamic,hedge_gain_to_premium,dynamic_hedge_gain_to_premium,ratio,lower_is_adverse,0.0,0.06,0.0,0.0,forward_secant,0.0025,0.005,25.0,0.0,0.0,,-0.0,
0.005,0.5,dynamic,hedge_gain_to_premium,dynamic_hedge_gain_to_premium,ratio,lower_is_adverse,0.0,0.06,0.0,0.0,bracketing_secant,0.0025,0.01,75.0,0.0,0.0,,-0.0,
0.01,1.0,dynamic,hedge_gain_to_premium,dynamic_hedge_gain_to_premium,ratio,lower_is_adverse,0.0,0.06,0.0,0.0,bracketing_secant,0.005,0.02,150.0,0.0,0.0,,-0.0,
0.02,2.0,dynamic,hedge_gain_to_premium,dynamic_hedge_gain_to_premium,ratio,lower_is_adverse,0.0,0.06,0.0,0.0,bracketing_secant,0.01,0.04,300.0,0.0,0.0,,-0.0,
0.04,4.0,dynamic,hedge_gain_to_premium,dynamic_hedge_gain_to_premium,ratio,lower_is_adverse,0.0,0.06,0.0,0.0,bracketing_secant,0.02,0.06,399.99999999999994,0.0,0.0,,-0.0,
0.06,6.0,dynamic,hedge_gain_to_premium,dynamic_hedge_gain_to_premium,ratio,lower_is_adverse,0.0,0.06,0.0,0.0,bracketing_secant,0.04,0.08,400.0,0.0,0.0,,-0.0,
0.08,8.0,dynamic,hedge_gain_to_premium,dynamic_hedge_gain_to_premium,ratio,lower_is_adverse,0.0,0.06,0.0,0.0,bracketing_secant,0.06,0.12,600.0,0.0,0.0,,-0.0,
0.12,12.0,dynamic,hedge_gain_to_premium,dynamic_hedge_gain_to_premium,ratio,lower_is_adverse,0.0,0.06,0.0,0.0,backward_secant,0.08,0.12,399.99999999999994,0.0,0.0,,-0.0,
0.0025,0.25,dynamic,claims_to_future_fees,dynamic_claims_to_future_fees,ratio,higher_is_adverse,2.1415260674760264,0.06,1.361070488982672,0.7804555784933545,forward_secant,0.0025,0.005,25.0,-0.14952394685563775,-14.952394685563775,,-0.14952394685563775,-0.06982121260464723
0.005,0.5,dynamic,claims_to_future_fees,dynamic_claims_to_future_fees,ratio,higher_is_adverse,2.104145080762117,0.06,1.361070488982672,0.743074591779445,bracketing_secant,0.0025,0.01,75.0,-0.14835139025149857,-14.835139025149857,,-0.14835139025149857,-0.07050435428994564
0.01,1.0,dynamic,claims_to_future_fees,dynamic_claims_to_future_fees,ratio,higher_is_adverse,2.0302625247874024,0.06,1.361070488982672,0.6691920358047305,bracketing_secant,0.005,0.02,150.0,-0.14751497006061554,-14.751497006061554,,-0.14751497006061554,-0.07265807660812854
0.02,2.0,dynamic,claims_to_future_fees,dynamic_claims_to_future_fees,ratio,higher_is_adverse,1.8828726256711936,0.06,1.361070488982672,0.5218021366885217,bracketing_secant,0.01,0.04,300.0,-0.14181035321830143,-14.181035321830143,,-0.14181035321830143,-0.07531595673804532
0.04,4.0,dynamic,claims_to_future_fees,dynamic_claims_to_future_fees,ratio,higher_is_adverse,1.6048314651324982,0.06,1.361070488982672,0.24376097614982628,bracketing_secant,0.02,0.06,399.99999999999994,-0.13045053417213043,-13.045053417213042,,-0.13045053417213043,-0.08128612692757752
0.06,6.0,dynamic,claims_to_future_fees,dynamic_claims_to_future_fees,ratio,higher_is_adverse,1.361070488982672,0.06,1.361070488982672,0.0,bracketing_secant,0.04,0.08,400.0,-0.10810435197650081,-10.810435197650081,,-0.10810435197650081,-0.07942597598843179
0.08,8.0,dynamic,claims_to_future_fees,dynamic_claims_to_future_fees,ratio,higher_is_adverse,1.172414057226495,0.06,1.361070488982672,-0.18865643175617697,bracketing_secant,0.06,0.12,600.0,-0.06531715882857318,-6.531715882857318,,-0.06531715882857318,-0.055711681744152586
0.12,12.0,dynamic,claims_to_future_fees,dynamic_claims_to_future_fees,ratio,higher_is_adverse,0.9691675360112328,0.06,1.361070488982672,-0.39190295297143907,backward_secant,0.08,0.12,399.99999999999994,-0.05081163030381553,-5.081163030381553,,-0.05081163030381553,-0.052428118375630994
0.0025,0.25,dynamic,fee_coverage_ratio,dynamic_fee_coverage_ratio,ratio,lower_is_adverse,0.3590485286133864,0.06,0.21433366992027358,0.1447148586931128,forward_secant,0.0025,0.005,25.0,-0.05284704468077317,-5.284704468077317,,0.05284704468077317,-0.1471863563537324
0.005,0.5,dynamic,fee_coverage_ratio,dynamic_fee_coverage_ratio,ratio,lower_is_adverse,0.3458367674431931,0.06,0.21433366992027358,0.1315030975229195,bracketing_secant,0.0025,0.01,75.0,-0.04850665902544246,-4.850665902544246,,0.04850665902544246,-0.14025882610474646
0.01,1.0,dynamic,fee_coverage_ratio,dynamic_fee_coverage_ratio,ratio,lower_is_adverse,0.32266853434430454,0.06,0.21433366992027358,0.10833486442403095,bracketing_secant,0.005,0.02,150.0,-0.03945190635138163,-3.9451906351381627,,0.03945190635138163,-0.12226759709170879
0.02,2.0,dynamic,fee_coverage_ratio,dynamic_fee_coverage_ratio,ratio,lower_is_adverse,0.28665890791612064,0.06,0.21433366992027358,0.07232523799584706,bracketing_secant,0.01,0.04,300.0,-0.027417393487874985,-2.7417393487874984,,0.027417393487874985,-0.09564465896834295
0.04,4.0,dynamic,fee_coverage_ratio,dynamic_fee_coverage_ratio,ratio,lower_is_adverse,0.24041635388067958,0.06,0.21433366992027358,0.026082683960406,bracketing_secant,0.02,0.06,399.99999999999994,-0.018081309498961768,-1.8081309498961768,,0.018081309498961768,-0.0752083176002896
0.06,6.0,dynamic,fee_coverage_ratio,dynamic_fee_coverage_ratio,ratio,lower_is_adverse,0.21433366992027358,0.06,0.21433366992027358,0.0,bracketing_secant,0.04,0.08,400.0,-0.010213305037791423,-1.0213305037791423,,0.010213305037791423,-0.04765142612259894
0.08,8.0,dynamic,fee_coverage_ratio,dynamic_fee_coverage_ratio,ratio,lower_is_adverse,0.1995631337295139,0.06,0.21433366992027358,-0.014770536190759687,bracketing_secant,0.06,0.12,600.0,-0.004472940706244604,-0.4472940706244604,,0.004472940706244604,-0.022413662396718968
0.12,12.0,dynamic,fee_coverage_ratio,dynamic_fee_coverage_ratio,ratio,lower_is_adverse,0.18749602568280596,0.06,0.21433366992027358,-0.026837644237467623,backward_secant,0.08,0.12,399.99999999999994,-0.0030167770116769845,-0.30167770116769843,,0.0030167770116769845,-0.016089818441168344
0.0025,0.25,dynamic,income_start_year_mean,dynamic_income_start_year_mean,years,diagnostic,4.986371431917991,0.06,5.31460302119833,-0.3282315892803389,forward_secant,0.0025,0.005,25.0,0.07325898633900607,,,,0.014691843024382811
0.005,0.5,dynamic,income_start_year_mean,dynamic_income_start_year_mean,years,diagnostic,5.004686178502743,0.06,5.31460302119833,-0.3099168426955874,bracketing_secant,0.0025,0.01,75.0,0.06957385484052381,,,,0.01390174175942802
0.01,1.0,dynamic,income_start_year_mean,dynamic_income_start_year_mean,years,diagnostic,5.038551823048384,0.06,5.31460302119833,-0.27605119814994605,bracketing_secant,0.005,0.02,150.0,0.0703380131197715,,,,0.01395996619465475
0.02,2.0,dynamic,income_start_year_mean,dynamic_income_start_year_mean,years,diagnostic,5.1101931981824,0.06,5.31460302119833,-0.20440982301593014,bracketing_secant,0.01,0.04,300.0,0.061367441211707494,,,,0.012008829966259347
0.04,4.0,dynamic,income_start_year_mean,dynamic_income_start_year_mean,years,diagnostic,5.222654146683507,0.06,5.31460302119833,-0.09194887451482359,bracketing_secant,0.02,0.06,399.99999999999994,0.05110245575398254,,,,0.009784767346011924
0.06,6.0,dynamic,income_start_year_mean,dynamic_income_start_year_mean,years,diagnostic,5.31460302119833,0.06,5.31460302119833,0.0,bracketing_secant,0.04,0.08,400.0,0.03881969955184306,,,,0.007304346043722008
0.08,8.0,dynamic,income_start_year_mean,dynamic_income_start_year_mean,years,diagnostic,5.377932944890879,0.06,5.31460302119833,0.06332992369254864,bracketing_secant,0.06,0.12,600.0,0.021185806192844645,,,,0.003939395751107588
0.12,12.0,dynamic,income_start_year_mean,dynamic_income_start_year_mean,years,diagnostic,5.441717858355398,0.06,5.31460302119833,0.12711483715706784,backward_secant,0.08,0.12,399.99999999999994,0.015946228366129803,,,,0.002930366619733036
0.0025,0.25,dynamic,income_start_year_median,dynamic_income_start_year_median,years,diagnostic,5.0,0.06,5.0,0.0,forward_secant,0.0025,0.005,25.0,0.0,,,,0.0
0.005,0.5,dynamic,income_start_year_median,dynamic_income_start_year_median,years,diagnostic,5.0,0.06,5.0,0.0,bracketing_secant,0.0025,0.01,75.0,0.0,,,,0.0
0.01,1.0,dynamic,income_start_year_median,dynamic_income_start_year_median,years,diagnostic,5.0,0.06,5.0,0.0,bracketing_secant,0.005,0.02,150.0,0.0,,,,0.0
0.02,2.0,dynamic,income_start_year_median,dynamic_income_start_year_median,years,diagnostic,5.0,0.06,5.0,0.0,bracketing_secant,0.01,0.04,300.0,0.0,,,,0.0
0.04,4.0,dynamic,income_start_year_median,dynamic_income_start_year_median,years,diagnostic,5.0,0.06,5.0,0.0,bracketing_secant,0.02,0.06,399.99999999999994,0.0,,,,0.0
0.06,6.0,dynamic,income_start_year_median,dynamic_income_start_year_median,years,diagnostic,5.0,0.06,5.0,0.0,bracketing_secant,0.04,0.08,400.0,0.0,,,,0.0
0.08,8.0,dynamic,income_start_year_median,dynamic_income_start_year_median,years,diagnostic,5.0,0.06,5.0,0.0,bracketing_secant,0.06,0.12,600.0,0.0,,,,0.0
0.12,12.0,dynamic,income_start_year_median,dynamic_income_start_year_median,years,diagnostic,5.0,0.06,5.0,0.0,backward_secant,0.08,0.12,399.99999999999994,0.0,,,,0.0
0.0025,0.25,dynamic,income_start_year_p10,dynamic_income_start_year_p10,years,diagnostic,2.0,0.06,2.0,0.0,forward_secant,0.0025,0.005,25.0,0.0,,,,0.0
0.005,0.5,dynamic,income_start_year_p10,dynamic_income_start_year_p10,years,diagnostic,2.0,0.06,2.0,0.0,bracketing_secant,0.0025,0.01,75.0,0.0,,,,0.0
0.01,1.0,dynamic,income_start_year_p10,dynamic_income_start_year_p10,years,diagnostic,2.0,0.06,2.0,0.0,bracketing_secant,0.005,0.02,150.0,0.0,,,,0.0
0.02,2.0,dynamic,income_start_year_p10,dynamic_income_start_year_p10,years,diagnostic,2.0,0.06,2.0,0.0,bracketing_secant,0.01,0.04,300.0,0.0,,,,0.0
0.04,4.0,dynamic,income_start_year_p10,dynamic_income_start_year_p10,years,diagnostic,2.0,0.06,2.0,0.0,bracketing_secant,0.02,0.06,399.99999999999994,0.0,,,,0.0
0.06,6.0,dynamic,income_start_year_p10,dynamic_income_start_year_p10,years,diagnostic,2.0,0.06,2.0,0.0,bracketing_secant,0.04,0.08,400.0,0.0,,,,0.0
0.08,8.0,dynamic,income_start_year_p10,dynamic_income_start_year_p10,years,diagnostic,2.0,0.06,2.0,0.0,bracketing_secant,0.06,0.12,600.0,0.0,,,,0.0
0.12,12.0,dynamic,income_start_year_p10,dynamic_income_start_year_p10,years,diagnostic,2.0,0.06,2.0,0.0,backward_secant,0.08,0.12,399.99999999999994,0.0,,,,0.0
0.0025,0.25,dynamic,income_start_year_p90,dynamic_income_start_year_p90,years,diagnostic,8.0,0.06,9.0,-1.0,forward_secant,0.0025,0.005,25.0,0.0,,,,0.0
0.005,0.5,dynamic,income_start_year_p90,dynamic_income_start_year_p90,years,diagnostic,8.0,0.06,9.0,-1.0,bracketing_secant,0.0025,0.01,75.0,0.0,,,,0.0
0.01,1.0,dynamic,income_start_year_p90,dynamic_income_start_year_p90,years,diagnostic,8.0,0.06,9.0,-1.0,bracketing_secant,0.005,0.02,150.0,0.0,,,,0.0
0.02,2.0,dynamic,income_start_year_p90,dynamic_income_start_year_p90,years,diagnostic,8.0,0.06,9.0,-1.0,bracketing_secant,0.01,0.04,300.0,0.33333333333333337,,,,0.04166666666666667
0.04,4.0,dynamic,income_start_year_p90,dynamic_income_start_year_p90,years,diagnostic,9.0,0.06,9.0,0.0,bracketing_secant,0.02,0.06,399.99999999999994,0.25000000000000006,,,,0.027777777777777783
0.06,6.0,dynamic,income_start_year_p90,dynamic_income_start_year_p90,years,diagnostic,9.0,0.06,9.0,0.0,bracketing_secant,0.04,0.08,400.0,0.0,,,,0.0
0.08,8.0,dynamic,income_start_year_p90,dynamic_income_start_year_p90,years,diagnostic,9.0,0.06,9.0,0.0,bracketing_secant,0.06,0.12,600.0,0.0,,,,0.0
0.12,12.0,dynamic,income_start_year_p90,dynamic_income_start_year_p90,years,diagnostic,9.0,0.06,9.0,0.0,backward_secant,0.08,0.12,399.99999999999994,0.0,,,,0.0
0.0025,0.25,dynamic,income_election_share,dynamic_income_election_share,ratio,diagnostic,0.9697436968435009,0.06,0.966880188407631,0.0028635084358699103,forward_secant,0.0025,0.005,25.0,-0.0006133853715057924,-0.06133853715057924,,,-0.0006325231847367003
0.005,0.5,dynamic,income_election_share,dynamic_income_election_share,ratio,diagnostic,0.9695903505006245,0.06,0.966880188407631,0.0027101620929934622,bracketing_secant,0.0025,0.01,75.0,-0.0005876365296627977,-0.058763652966279764,,,-0.0006060668088944839
0.01,1.0,dynamic,income_election_share,dynamic_income_election_share,ratio,diagnostic,0.9693029694462538,0.06,0.966880188407631,0.002422781038622812,bracketing_secant,0.005,0.02,150.0,-0.000594170340758667,-0.0594170340758667,,,-0.0006129872284391188
0.02,2.0,dynamic,income_election_share,dynamic_income_election_share,ratio,diagnostic,0.9686990949894865,0.06,0.966880188407631,0.0018189065818554617,bracketing_secant,0.01,0.04,300.0,-0.0005228666027953984,-0.05228666027953984,,,-0.0005397616303141826
0.04,4.0,dynamic,income_election_share,dynamic_income_election_share,ratio,diagnostic,0.9677343696378676,0.06,0.966880188407631,0.000854181230236617,bracketing_secant,0.02,0.06,399.99999999999994,-0.0004547266454638655,-0.04547266454638655,,,-0.00046988787391526366
0.06,6.0,dynamic,income_election_share,dynamic_income_election_share,ratio,diagnostic,0.966880188407631,0.06,0.966880188407631,0.0,bracketing_secant,0.04,0.08,400.0,-0.00036381076886768393,-0.03638107688676839,,,-0.0003762728549302982
0.08,8.0,dynamic,income_election_share,dynamic_income_election_share,ratio,diagnostic,0.9662791265623969,0.06,0.966880188407631,-0.0006010618452341188,bracketing_secant,0.06,0.12,600.0,-0.00021141779551203665,-0.021141779551203665,,,-0.0002187957803291992
0.12,12.0,dynamic,income_election_share,dynamic_income_election_share,ratio,diagnostic,0.9656116816345588,0.06,0.966880188407631,-0.00126850677307222,backward_secant,0.08,0.12,399.99999999999994,-0.00016686123195952532,-0.016686123195952533,,,-0.0001728036592070506
0.0025,0.25,dynamic,forced_income_election_share,dynamic_forced_income_election_share,ratio,diagnostic,0.0,0.06,0.0,0.0,forward_secant,0.0025,0.005,25.0,0.0,0.0,,,
0.005,0.5,dynamic,forced_income_election_share,dynamic_forced_income_election_share,ratio,diagnostic,0.0,0.06,0.0,0.0,bracketing_secant,0.0025,0.01,75.0,0.0,0.0,,,
0.01,1.0,dynamic,forced_income_election_share,dynamic_forced_income_election_share,ratio,diagnostic,0.0,0.06,0.0,0.0,bracketing_secant,0.005,0.02,150.0,0.0,0.0,,,
0.02,2.0,dynamic,forced_income_election_share,dynamic_forced_income_election_share,ratio,diagnostic,0.0,0.06,0.0,0.0,bracketing_secant,0.01,0.04,300.0,0.0,0.0,,,
0.04,4.0,dynamic,forced_income_election_share,dynamic_forced_income_election_share,ratio,diagnostic,0.0,0.06,0.0,0.0,bracketing_secant,0.02,0.06,399.99999999999994,0.0,0.0,,,
0.06,6.0,dynamic,forced_income_election_share,dynamic_forced_income_election_share,ratio,diagnostic,0.0,0.06,0.0,0.0,bracketing_secant,0.04,0.08,400.0,0.0,0.0,,,
0.08,8.0,dynamic,forced_income_election_share,dynamic_forced_income_election_share,ratio,diagnostic,0.0,0.06,0.0,0.0,bracketing_secant,0.06,0.12,600.0,1.6619741658480626e-06,0.00016619741658480626,,,
0.12,12.0,dynamic,forced_income_election_share,dynamic_forced_income_election_share,ratio,diagnostic,9.971844995088376e-06,0.06,0.0,9.971844995088376e-06,backward_secant,0.08,0.12,399.99999999999994,2.492961248772094e-06,0.0002492961248772094,,,0.25
0.0025,0.25,dynamic,mean_growth_duration,dynamic_mean_growth_duration,years,diagnostic,4.946818981090488,0.06,5.273411306059541,-0.32659232496905233,forward_secant,0.0025,0.005,25.0,0.07264612012133043,,,,0.014685421156307632
0.005,0.5,dynamic,mean_growth_duration,dynamic_mean_growth_duration,years,diagnostic,4.964980511120821,0.06,5.273411306059541,-0.3084307949387197,bracketing_secant,0.0025,0.01,75.0,0.06908271355182194,,,,0.013913994908356013
0.01,1.0,dynamic,mean_growth_duration,dynamic_mean_growth_duration,years,diagnostic,4.998631016254355,0.06,5.273411306059541,-0.2747802898051859,bracketing_secant,0.005,0.02,150.0,0.06977861314646816,,,,0.0139595447072538
0.02,2.0,dynamic,mean_growth_duration,dynamic_mean_growth_duration,years,diagnostic,5.069648430840523,0.06,5.273411306059541,-0.20376287521901748,bracketing_secant,0.01,0.04,300.0,0.06088782298189374,,,,0.01201026536899302
0.04,4.0,dynamic,mean_growth_duration,dynamic_mean_growth_duration,years,diagnostic,5.181294485200036,0.06,5.273411306059541,-0.09211682085950468,bracketing_secant,0.02,0.06,399.99999999999994,0.05094071880475438,,,,0.009831658661800169
0.06,6.0,dynamic,mean_growth_duration,dynamic_mean_growth_duration,years,diagnostic,5.273411306059541,0.06,5.273411306059541,0.0,bracketing_secant,0.04,0.08,400.0,0.03894504122855591,,,,0.007385170427310528
0.08,8.0,dynamic,mean_growth_duration,dynamic_mean_growth_duration,years,diagnostic,5.33707465011426,0.06,5.273411306059541,0.06366334405471896,bracketing_secant,0.06,0.12,600.0,0.02146017423175299,,,,0.004020961976106809
0.12,12.0,dynamic,mean_growth_duration,dynamic_mean_growth_duration,years,diagnostic,5.402172351450059,0.06,5.273411306059541,0.12876104539051791,backward_secant,0.08,0.12,399.99999999999994,0.01627442533394974,,,,0.003012570550360419
0.0025,0.25,dynamic,growth_phase_exposure,dynamic_growth_phase_exposure,ratio,diagnostic,0.09333620719038657,0.06,0.0994983265294253,-0.006162119339038721,forward_secant,0.0025,0.005,25.0,0.001370681511723204,0.1370681511723204,,,0.01468542115630751
0.005,0.5,dynamic,growth_phase_exposure,dynamic_growth_phase_exposure,ratio,diagnostic,0.09367887756831737,0.06,0.0994983265294253,-0.00581944896110792,bracketing_secant,0.0025,0.01,75.0,0.0013034474255060697,0.13034474255060696,,,0.013913994908355964
0.01,1.0,dynamic,growth_phase_exposure,dynamic_growth_phase_exposure,ratio,diagnostic,0.09431379275951612,0.06,0.0994983265294253,-0.005184533769909169,bracketing_secant,0.005,0.02,150.0,0.0013165776065371393,0.13165776065371393,,,0.013959544707253845
0.02,2.0,dynamic,growth_phase_exposure,dynamic_growth_phase_exposure,ratio,diagnostic,0.09565374397812308,0.06,0.0994983265294253,-0.0038445825513022114,bracketing_secant,0.01,0.04,300.0,0.0011488268487149789,0.11488268487149789,,,0.012010265368993047
0.04,4.0,dynamic,growth_phase_exposure,dynamic_growth_phase_exposure,ratio,diagnostic,0.09776027330566106,0.06,0.0994983265294253,-0.0017380532237642327,bracketing_secant,0.02,0.06,399.99999999999994,0.000961145637825553,0.0961145637825553,,,0.009831658661800155
0.06,6.0,dynamic,growth_phase_exposure,dynamic_growth_phase_exposure,ratio,diagnostic,0.0994983265294253,0.06,0.0994983265294253,0.0,bracketing_secant,0.04,0.08,400.0,0.0007348120986519976,0.07348120986519976,,,0.007385170427310522
0.08,8.0,dynamic,growth_phase_exposure,dynamic_growth_phase_exposure,ratio,diagnostic,0.10069952170026905,0.06,0.0994983265294253,0.001201195170843758,bracketing_secant,0.06,0.12,600.0,0.0004049089477689237,0.04049089477689237,,,0.004020961976106803
0.12,12.0,dynamic,growth_phase_exposure,dynamic_growth_phase_exposure,ratio,diagnostic,0.10192778021603884,0.06,0.0994983265294253,0.002429453686613542,backward_secant,0.08,0.12,399.99999999999994,0.00030706462894244604,0.030706462894244606,,,0.0030125705503604005
0.0025,0.25,dynamic,income_phase_exposure,dynamic_income_phase_exposure,ratio,diagnostic,0.3989760973190102,0.06,0.41453442916336775,-0.015558331844357565,forward_secant,0.0025,0.005,25.0,0.001987725969353926,0.19877259693539262,,,0.004982067804840439
0.005,0.5,dynamic,income_phase_exposure,dynamic_income_phase_exposure,ratio,diagnostic,0.39947302881134866,0.06,0.41453442916336775,-0.015061400352019083,bracketing_secant,0.0025,0.01,75.0,0.0021511877734517646,0.21511877734517645,,,0.005385063867397326
0.01,1.0,dynamic,income_phase_exposure,dynamic_income_phase_exposure,ratio,diagnostic,0.400589488149099,0.06,0.41453442916336775,-0.013944941014268741,bracketing_secant,0.005,0.02,150.0,0.0023584697762124205,0.23584697762124204,,,0.005887497914909341
0.02,2.0,dynamic,income_phase_exposure,dynamic_income_phase_exposure,ratio,diagnostic,0.4030107334756673,0.06,0.41453442916336775,-0.011523695687700453,bracketing_secant,0.01,0.04,300.0,0.002740416176641984,0.2740416176641984,,,0.006799859033549643
0.04,4.0,dynamic,income_phase_exposure,dynamic_income_phase_exposure,ratio,diagnostic,0.40881073667902496,0.06,0.41453442916336775,-0.0057236924843427905,bracketing_secant,0.02,0.06,399.99999999999994,0.0028809239219251136,0.28809239219251137,,,0.007047084783849628
0.06,6.0,dynamic,income_phase_exposure,dynamic_income_phase_exposure,ratio,diagnostic,0.41453442916336775,0.06,0.41453442916336775,0.0,bracketing_secant,0.04,0.08,400.0,0.002624739248700547,0.2624739248700547,,,0.006331776238702092
0.08,8.0,dynamic,income_phase_exposure,dynamic_income_phase_exposure,ratio,diagnostic,0.41930969367382714,0.06,0.41453442916336775,0.004775264510459398,bracketing_secant,0.06,0.12,600.0,0.0016076831691781424,0.16076831691781424,,,0.003834118775295302
0.12,12.0,dynamic,income_phase_exposure,dynamic_income_phase_exposure,ratio,diagnostic,0.4241805281784366,0.06,0.41453442916336775,0.009646099015068854,backward_secant,0.08,0.12,399.99999999999994,0.0012177086261523642,0.12177086261523642,,,0.002870732023889886
0.0025,0.25,dynamic,ordinary_income_lapse_rate,dynamic_ordinary_income_lapse_rate,ratio,diagnostic,9.277626760514983e-05,0.06,0.00013468862194511907,-4.1912354339969246e-05,forward_secant,0.0025,0.005,25.0,6.022933396838612e-06,0.0006022933396838612,,,0.0649189017009377
0.005,0.5,dynamic,ordinary_income_lapse_rate,dynamic_ordinary_income_lapse_rate,ratio,diagnostic,9.428200095435948e-05,0.06,0.00013468862194511907,-4.040662099075959e-05,bracketing_secant,0.0025,0.01,75.0,6.154333051702234e-06,0.0006154333051702234,,,0.06527580014642938
0.01,1.0,dynamic,ordinary_income_lapse_rate,dynamic_ordinary_income_lapse_rate,ratio,diagnostic,9.73920173939265e-05,0.06,0.00013468862194511907,-3.729660455119257e-05,bracketing_secant,0.005,0.02,150.0,6.478430301491363e-06,0.0006478430301491363,,,0.06651910982896804
0.02,2.0,dynamic,ordinary_income_lapse_rate,dynamic_ordinary_income_lapse_rate,ratio,diagnostic,0.00010399964640659652,0.06,0.00013468862194511907,-3.068897553852255e-05,bracketing_secant,0.01,0.04,300.0,7.0946740242239325e-06,0.0007094674024223932,,,0.06821825140141947
0.04,4.0,dynamic,ordinary_income_lapse_rate,dynamic_ordinary_income_lapse_rate,ratio,diagnostic,0.0001186760394665983,0.06,0.00013468862194511907,-1.6012582478520774e-05,bracketing_secant,0.02,0.06,399.99999999999994,7.67224388463064e-06,0.000767224388463064,,,0.06464863437568637
0.06,6.0,dynamic,ordinary_income_lapse_rate,dynamic_ordinary_income_lapse_rate,ratio,diagnostic,0.00013468862194511907,0.06,0.00013468862194511907,0.0,bracketing_secant,0.04,0.08,400.0,7.942416234540161e-06,0.0007942416234540161,,,0.058968724453773234
0.08,8.0,dynamic,ordinary_income_lapse_rate,dynamic_ordinary_income_lapse_rate,ratio,diagnostic,0.00015044570440475894,0.06,0.00013468862194511907,1.575708245963987e-05,bracketing_secant,0.06,0.12,600.0,6.582196744905947e-06,0.0006582196744905947,,,0.04375131062032328
0.12,12.0,dynamic,ordinary_income_lapse_rate,dynamic_ordinary_income_lapse_rate,ratio,diagnostic,0.00017418180241455476,0.06,0.00013468862194511907,3.949318046943568e-05,backward_secant,0.08,0.12,399.99999999999994,5.934024502448954e-06,0.0005934024502448954,,,0.03406799344242578
0.0025,0.25,dynamic,performance_income_lapse_rate,dynamic_performance_income_lapse_rate,ratio,diagnostic,0.00042378097243399136,0.06,0.00018141658432590477,0.0002423643881080866,forward_secant,0.0025,0.005,25.0,-3.5626333993683595e-05,-0.0035626333993683595,,,-0.08406779990395344
0.005,0.5,dynamic,performance_income_lapse_rate,dynamic_performance_income_lapse_rate,ratio,diagnostic,0.00041487438893557046,0.06,0.00018141658432590477,0.0002334578046096657,bracketing_secant,0.0025,0.01,75.0,-3.6913877752824455e-05,-0.0036913877752824454,,,-0.08897603404137135
0.01,1.0,dynamic,performance_income_lapse_rate,dynamic_performance_income_lapse_rate,ratio,diagnostic,0.000396095564119373,0.06,0.00018141658432590477,0.00021467897979346825,bracketing_secant,0.005,0.02,150.0,-3.954631225546477e-05,-0.003954631225546477,,,-0.09984033106603164
0.02,2.0,dynamic,performance_income_lapse_rate,dynamic_performance_income_lapse_rate,ratio,diagnostic,0.0003555549205523733,0.06,0.00018141658432590477,0.00017413833622646855,bracketing_secant,0.01,0.04,300.0,-4.285548276646392e-05,-0.004285548276646392,,,-0.12053126054305666
0.04,4.0,dynamic,performance_income_lapse_rate,dynamic_performance_income_lapse_rate,ratio,diagnostic,0.0002675291158199813,0.06,0.00018141658432590477,8.611253149407651e-05,bracketing_secant,0.02,0.06,399.99999999999994,-4.3534584056617144e-05,-0.0043534584056617144,,,-0.16272839658286503
0.06,6.0,dynamic,performance_income_lapse_rate,dynamic_performance_income_lapse_rate,ratio,diagnostic,0.00018141658432590477,0.06,0.00018141658432590477,0.0,bracketing_secant,0.04,0.08,400.0,-3.966815171724264e-05,-0.0039668151717242636,,,-0.2186578027837908
0.08,8.0,dynamic,performance_income_lapse_rate,dynamic_performance_income_lapse_rate,ratio,diagnostic,0.00010885650895101073,0.06,0.00018141658432590477,-7.256007537489404e-05,bracketing_secant,0.06,0.12,600.0,-2.580692612957773e-05,-0.002580692612957773,,,-0.23707288042088284
0.12,12.0,dynamic,performance_income_lapse_rate,dynamic_performance_income_lapse_rate,ratio,diagnostic,2.6575027548438383e-05,0.06,0.00018141658432590477,-0.00015484155677746638,backward_secant,0.08,0.12,399.99999999999994,-2.0570370350643095e-05,-0.0020570370350643094,,,-0.7740488815354724
0.0025,0.25,dynamic,total_income_lapse_rate,dynamic_total_income_lapse_rate,ratio,diagnostic,0.0005165572400391413,0.06,0.0003161052062710239,0.00020045203376811737,forward_secant,0.0025,0.005,25.0,-2.96034005968452e-05,-0.00296034005968452,,,-0.05730904206202211
0.005,0.5,dynamic,total_income_lapse_rate,dynamic_total_income_lapse_rate,ratio,diagnostic,0.00050915638988993,0.06,0.0003161052062710239,0.00019305118361890607,bracketing_secant,0.0025,0.01,75.0,-3.07595447011226e-05,-0.00307595447011226,,,-0.06041276376355059
0.01,1.0,dynamic,total_income_lapse_rate,dynamic_total_income_lapse_rate,ratio,diagnostic,0.0004934875815132993,0.06,0.0003161052062710239,0.00017738237524227542,bracketing_secant,0.005,0.02,150.0,-3.306788195397348e-05,-0.003306788195397348,,,-0.06700853920694318
0.02,2.0,dynamic,total_income_lapse_rate,dynamic_total_income_lapse_rate,ratio,diagnostic,0.0004595545669589698,0.06,0.0003161052062710239,0.00014344936068794585,bracketing_secant,0.01,0.04,300.0,-3.576080874224003e-05,-0.003576080874224003,,,-0.07781624058026791
0.04,4.0,dynamic,total_income_lapse_rate,dynamic_total_income_lapse_rate,ratio,diagnostic,0.00038620515528657926,0.06,0.0003161052062710239,7.009994901555533e-05,bracketing_secant,0.02,0.06,399.99999999999994,-3.586234017198647e-05,-0.003586234017198647,,,-0.09285826375200822
0.06,6.0,dynamic,total_income_lapse_rate,dynamic_total_income_lapse_rate,ratio,diagnostic,0.0003161052062710239,0.06,0.0003161052062710239,0.0,bracketing_secant,0.04,0.08,400.0,-3.172573548270242e-05,-0.0031725735482702423,,,-0.10036448262576621
0.08,8.0,dynamic,total_income_lapse_rate,dynamic_total_income_lapse_rate,ratio,diagnostic,0.00025930221335576957,0.06,0.0003161052062710239,-5.680299291525436e-05,bracketing_secant,0.06,0.12,600.0,-1.9224729384671795e-05,-0.0019224729384671796,,,-0.07414024406453852
0.12,12.0,dynamic,total_income_lapse_rate,dynamic_total_income_lapse_rate,ratio,diagnostic,0.00020075682996299318,0.06,0.0003161052062710239,-0.00011534837630803075,backward_secant,0.08,0.12,399.99999999999994,-1.4636345848194101e-05,-0.00146363458481941,,,-0.07290584261014739
0.0025,0.25,lsmc,pv_policyholder_benefits_aud,lsmc_pv_policyholder_benefits_aud,AUD,diagnostic,301761.22518391407,0.06,319908.633537502,-18147.40835358796,forward_secant,0.0025,0.005,25.0,3388.3891819308046,,1.0586022381650835,,0.011228709652360693
0.005,0.5,lsmc,pv_policyholder_benefits_aud,lsmc_pv_policyholder_benefits_aud,AUD,diagnostic,302608.32247939677,0.06,319908.633537502,-17300.31105810526,bracketing_secant,0.0025,0.01,75.0,3379.82018956674,,1.0559251092969497,,0.011168959802144425
0.01,1.0,lsmc,pv_policyholder_benefits_aud,lsmc_pv_policyholder_benefits_aud,AUD,diagnostic,304296.0903260891,0.06,319908.633537502,-15612.543211412907,bracketing_secant,0.005,0.02,150.0,3352.4277486649426,,1.0473671492485341,,0.01101699251236656
0.02,2.0,lsmc,pv_policyholder_benefits_aud,lsmc_pv_policyholder_benefits_aud,AUD,diagnostic,307636.9641023942,0.06,319908.633537502,-12271.669435107848,bracketing_secant,0.01,0.04,300.0,856.9205974028835,,0.2677195604265088,,0.002785492958894449
0.04,4.0,lsmc,pv_policyholder_benefits_aud,lsmc_pv_policyholder_benefits_aud,AUD,diagnostic,306866.8521182978,0.06,319908.633537502,-13041.781419204257,bracketing_secant,0.02,0.06,399.99999999999994,3067.9173587769624,,0.9584802713412529,,0.009997552155272458
0.06,6.0,lsmc,pv_policyholder_benefits_aud,lsmc_pv_policyholder_benefits_aud,AUD,diagnostic,319908.633537502,0.06,319908.633537502,0.0,bracketing_secant,0.04,0.08,400.0,4922.275645891001,,1.537819812255588,,0.015386504551193914
0.08,8.0,lsmc,pv_policyholder_benefits_aud,lsmc_pv_policyholder_benefits_aud,AUD,diagnostic,326555.9547018618,0.06,319908.633537502,6647.321164359746,bracketing_secant,0.06,0.12,600.0,2891.304378000088,,0.9033027558018871,,0.008853932492640607
0.12,12.0,lsmc,pv_policyholder_benefits_aud,lsmc_pv_policyholder_benefits_aud,AUD,diagnostic,337256.45980550256,0.06,319908.633537502,17347.82626800053,backward_secant,0.08,0.12,399.99999999999994,2675.126275910196,,0.835764285328954,,0.007932023829737626
0.0025,0.25,lsmc,pv_policyholder_benefits_pre_election_aud,lsmc_pv_policyholder_benefits_pre_election_aud,AUD,diagnostic,1460.7728438341055,0.06,1539.6709991046791,-78.89815527057362,forward_secant,0.0025,0.005,25.0,11.633758832535023,,0.003634624736753714,,0.0079641122037837
0.005,0.5,lsmc,pv_policyholder_benefits_pre_election_aud,lsmc_pv_policyholder_benefits_pre_election_aud,AUD,diagnostic,1463.6812835422393,0.06,1539.6709991046791,-75.98971556243987,bracketing_secant,0.0025,0.01,75.0,11.440174410849067,,0.003574144995181091,,0.007816028352267254
0.01,1.0,lsmc,pv_policyholder_benefits_pre_election_aud,lsmc_pv_policyholder_benefits_pre_election_aud,AUD,diagnostic,1469.3529746422423,0.06,1539.6709991046791,-70.31802446243682,bracketing_secant,0.005,0.02,150.0,10.919703023730563,,0.0034115390648343964,,0.007431640465007592
0.02,2.0,lsmc,pv_policyholder_benefits_pre_election_aud,lsmc_pv_policyholder_benefits_pre_election_aud,AUD,diagnostic,1480.0608380778351,0.06,1539.6709991046791,-59.610161026844025,bracketing_secant,0.01,0.04,300.0,1075.9453548796546,,0.3361473843951693,,0.726960221633181
0.04,4.0,lsmc,pv_policyholder_benefits_pre_election_aud,lsmc_pv_policyholder_benefits_pre_election_aud,AUD,diagnostic,4697.189039281206,0.06,1539.6709991046791,3157.5180401765265,bracketing_secant,0.02,0.06,399.99999999999994,14.902540256711008,,0.004655859059587121,,0.0031726507347448574
0.06,6.0,lsmc,pv_policyholder_benefits_pre_election_aud,lsmc_pv_policyholder_benefits_pre_election_aud,AUD,diagnostic,1539.6709991046791,0.06,1539.6709991046791,0.0,bracketing_secant,0.04,0.08,400.0,509.0433528197387,,0.15903557817138556,,0.3306182639770108
0.08,8.0,lsmc,pv_policyholder_benefits_pre_election_aud,lsmc_pv_policyholder_benefits_pre_election_aud,AUD,diagnostic,6733.36245056016,0.06,1539.6709991046791,5193.691451455481,bracketing_secant,0.06,0.12,600.0,886.1706276201859,,0.27685786945534013,,0.13160893002967095
0.12,12.0,lsmc,pv_policyholder_benefits_pre_election_aud,lsmc_pv_policyholder_benefits_pre_election_aud,AUD,diagnostic,6856.694764825794,0.06,1539.6709991046791,5317.023765721115,backward_secant,0.08,0.12,399.99999999999994,30.833078566408407,,0.009632885783598383,,0.0044967844747266904
0.0025,0.25,lsmc,pv_policyholder_benefits_post_election_aud,lsmc_pv_policyholder_benefits_post_election_aud,AUD,diagnostic,300300.45234008,0.06,318368.9625383973,-18068.510198317294,forward_secant,0.0025,0.005,25.0,3376.755423098337,,1.0549676134283508,,0.011244589865866326
0.005,0.5,lsmc,pv_policyholder_benefits_post_election_aud,lsmc_pv_policyholder_benefits_post_election_aud,AUD,diagnostic,301144.6411958546,0.06,318368.9625383973,-17224.32134254271,bracketing_secant,0.0025,0.01,75.0,3368.380015155766,,1.0523509643017297,,0.011185256366441807
0.01,1.0,lsmc,pv_policyholder_benefits_post_election_aud,lsmc_pv_policyholder_benefits_post_election_aud,AUD,diagnostic,302826.7373514468,0.06,318368.9625383973,-15542.225186950469,bracketing_secant,0.005,0.02,150.0,3341.5080456411233,,1.0439556101836722,,0.011034389086202525
0.02,2.0,lsmc,pv_policyholder_benefits_post_election_aud,lsmc_pv_policyholder_benefits_post_election_aud,AUD,diagnostic,306156.90326431626,0.06,318368.9625383973,-12212.059274081024,bracketing_secant,0.01,0.04,300.0,-219.02475747673697,,-0.06842782396864978,,-0.0007154003556393599
0.04,4.0,lsmc,pv_policyholder_benefits_post_election_aud,lsmc_pv_policyholder_benefits_post_election_aud,AUD,diagnostic,302169.6630790166,0.06,318368.9625383973,-16199.29945938068,bracketing_secant,0.02,0.06,399.99999999999994,3053.0148185202565,,0.9538244122816675,,0.010103644381143254
0.06,6.0,lsmc,pv_policyholder_benefits_post_election_aud,lsmc_pv_policyholder_benefits_post_election_aud,AUD,diagnostic,318368.9625383973,0.06,318368.9625383973,0.0,bracketing_secant,0.04,0.08,400.0,4413.23229307124,,1.3787842340841954,,0.013862005447654077
0.08,8.0,lsmc,pv_policyholder_benefits_post_election_aud,lsmc_pv_policyholder_benefits_post_election_aud,AUD,diagnostic,319822.59225130157,0.06,318368.9625383973,1453.6297129042796,bracketing_secant,0.06,0.12,600.0,2005.1337503799105,,0.6264448863465495,,0.0062695187862287435
0.12,12.0,lsmc,pv_policyholder_benefits_post_election_aud,lsmc_pv_policyholder_benefits_post_election_aud,AUD,diagnostic,330399.76504067675,0.06,318368.9625383973,12030.80250227946,backward_secant,0.08,0.12,399.99999999999994,2644.293197343796,,0.8261313995453582,,0.008003314400112382
0.0025,0.25,lsmc,pv_guarantee_claims_aud,lsmc_pv_guarantee_claims_aud,AUD,higher_is_adverse,96529.5315947785,0.06,59941.84024338305,36587.69135139545,forward_secant,0.0025,0.005,25.0,-6083.615808184957,,-1.9006462849734698,-6083.615808184957,-0.06302336401800207
0.005,0.5,lsmc,pv_guarantee_claims_aud,lsmc_pv_guarantee_claims_aud,AUD,higher_is_adverse,95008.62764273226,0.06,59941.84024338305,35066.78739934921,bracketing_secant,0.0025,0.01,75.0,-6252.8222671040185,,-1.9535098512600428,-6252.8222671040185,-0.06581320478195889
0.01,1.0,lsmc,pv_guarantee_claims_aud,lsmc_pv_guarantee_claims_aud,AUD,higher_is_adverse,91839.91489445049,0.06,59941.84024338305,31898.074651067436,bracketing_secant,0.005,0.02,150.0,-6409.775568446203,,-2.0025452799452323,-6409.775568446203,-0.06979291711901967
0.02,2.0,lsmc,pv_guarantee_claims_aud,lsmc_pv_guarantee_claims_aud,AUD,higher_is_adverse,85393.96429006296,0.06,59941.84024338305,25452.124046679906,bracketing_secant,0.01,0.04,300.0,-5338.833386020507,,-1.6679609891834422,-5338.833386020507,-0.06252003207024985
0.04,4.0,lsmc,pv_guarantee_claims_aud,lsmc_pv_guarantee_claims_aud,AUD,higher_is_adverse,75823.41473638896,0.06,59941.84024338305,15881.574493005915,bracketing_secant,0.02,0.06,399.99999999999994,-6363.031011669978,,-1.9879413222035336,-6363.031011669978,-0.08391907742208622
0.06,6.0,lsmc,pv_guarantee_claims_aud,lsmc_pv_guarantee_claims_aud,AUD,higher_is_adverse,59941.84024338305,0.06,59941.84024338305,0.0,bracketing_secant,0.04,0.08,400.0,-3872.3167259284032,,-1.2097911228178415,-3872.3167259284032,-0.06460123196427668
0.08,8.0,lsmc,pv_guarantee_claims_aud,lsmc_pv_guarantee_claims_aud,AUD,higher_is_adverse,60334.14783267535,0.06,59941.84024338305,392.3075892923007,bracketing_secant,0.06,0.12,600.0,-1473.5800482391787,,-0.4603766136133479,-1473.5800482391787,-0.024423648981102
0.12,12.0,lsmc,pv_guarantee_claims_aud,lsmc_pv_guarantee_claims_aud,AUD,higher_is_adverse,51100.35995394798,0.06,59941.84024338305,-8841.480289435072,backward_secant,0.08,0.12,399.99999999999994,-2308.4469696818437,,-0.721206153597178,-2308.4469696818437,-0.04517476925333272
0.0025,0.25,lsmc,guarantee_value_aud,lsmc_guarantee_value_aud,AUD,higher_is_adverse,75358.64172296904,0.06,31839.036074752003,43519.60564821704,forward_secant,0.0025,0.005,25.0,-7171.265487246972,,-2.2404503401671794,-7171.265487246972,-0.09516181984290192
0.005,0.5,lsmc,guarantee_value_aud,lsmc_guarantee_value_aud,AUD,higher_is_adverse,73565.8253511573,0.06,31839.036074752003,41726.789276405296,bracketing_secant,0.0025,0.01,75.0,-7340.595243199108,,-2.2933524269743195,-7340.595243199108,-0.09978268045195839
0.01,1.0,lsmc,guarantee_value_aud,lsmc_guarantee_value_aud,AUD,higher_is_adverse,69853.19529056971,0.06,31839.036074752003,38014.15921581771,bracketing_secant,0.005,0.02,150.0,-7562.22332558941,,-2.362593583010864,-7562.22332558941,-0.10825880325349013
0.02,2.0,lsmc,guarantee_value_aud,lsmc_guarantee_value_aud,AUD,higher_is_adverse,62222.490362773184,0.06,31839.036074752003,30383.45428802118,bracketing_secant,0.01,0.04,300.0,-7708.983748525813,,-2.4084445475408596,-7708.983748525813,-0.12389384776437663
0.04,4.0,lsmc,guarantee_value_aud,lsmc_guarantee_value_aud,AUD,higher_is_adverse,46726.24404499227,0.06,31839.036074752003,14887.20797024027,bracketing_secant,0.02,0.06,399.99999999999994,-7595.863572005297,,-2.3731034855740605,-7595.863572005297,-0.16256097033374456
0.06,6.0,lsmc,guarantee_value_aud,lsmc_guarantee_value_aud,AUD,higher_is_adverse,31839.036074752003,0.06,31839.036074752003,0.0,bracketing_secant,0.04,0.08,400.0,-5482.354993231531,,-1.7128000812891677,-5482.354993231531,-0.17218972899682025
0.08,8.0,lsmc,guarantee_value_aud,lsmc_guarantee_value_aud,AUD,higher_is_adverse,24796.82407206615,0.06,31839.036074752003,-7042.212002685854,bracketing_secant,0.06,0.12,600.0,-3123.9607873012137,,-0.975989387232247,-3123.9607873012137,-0.12598229427374066
0.12,12.0,lsmc,guarantee_value_aud,lsmc_guarantee_value_aud,AUD,higher_is_adverse,13095.27135094472,0.06,31839.036074752003,-18743.764723807282,backward_secant,0.08,0.12,399.99999999999994,-2925.3881802803576,,-0.913951234309456,-2925.3881802803576,-0.22339271190965537
0.0025,0.25,lsmc,pv_future_fees_aud,lsmc_pv_future_fees_aud,AUD,lower_is_adverse,26693.73070793367,0.06,35433.97047349132,-8740.239765557646,forward_secant,0.0025,0.005,25.0,1371.3843779477465,,0.4284485913311955,-1371.3843779477465,0.05137477383557166
0.005,0.5,lsmc,pv_future_fees_aud,lsmc_pv_future_fees_aud,AUD,lower_is_adverse,27036.576802420608,0.06,35433.97047349132,-8397.39367107071,bracketing_secant,0.0025,0.01,75.0,1371.539839424227,,0.4284971606832133,-1371.539839424227,0.050729049370681865
0.01,1.0,lsmc,pv_future_fees_aud,lsmc_pv_future_fees_aud,AUD,lower_is_adverse,27722.38558750184,0.06,35433.97047349132,-7711.584885989476,bracketing_secant,0.005,0.02,150.0,1453.0863024849073,,0.4539739473436204,-1453.0863024849073,0.05241562988504157
0.02,2.0,lsmc,pv_future_fees_aud,lsmc_pv_future_fees_aud,AUD,lower_is_adverse,29216.20625614797,0.06,35433.97047349132,-6217.764217343349,bracketing_secant,0.01,0.04,300.0,2988.4504570719077,,0.9336531822767437,-2988.4504570719077,0.10228742331811297
0.04,4.0,lsmc,pv_future_fees_aud,lsmc_pv_future_fees_aud,AUD,lower_is_adverse,36687.73695871756,0.06,35433.97047349132,1253.766485226246,bracketing_secant,0.02,0.06,399.99999999999994,1554.4410543358376,,0.4856392494671864,-1554.4410543358376,0.04236949954381089
0.06,6.0,lsmc,pv_future_fees_aud,lsmc_pv_future_fees_aud,AUD,lower_is_adverse,35433.97047349132,0.06,35433.97047349132,0.0,bracketing_secant,0.04,0.08,400.0,2030.0482500778562,,0.6342286867681941,-2030.0482500778562,0.057291018278534875
0.08,8.0,lsmc,pv_future_fees_aud,lsmc_pv_future_fees_aud,AUD,lower_is_adverse,44807.92995902899,0.06,35433.97047349132,9373.95948553767,bracketing_secant,0.06,0.12,600.0,2080.914844904305,,0.6501204536933946,-2080.914844904305,0.04644077168499037
0.12,12.0,lsmc,pv_future_fees_aud,lsmc_pv_future_fees_aud,AUD,lower_is_adverse,47919.459542917146,0.06,35433.97047349132,12485.489069425828,backward_secant,0.08,0.12,399.99999999999994,777.8823959720395,,0.24302640611548115,-777.8823959720395,0.01623312122865994
0.0025,0.25,lsmc,pv_crediting_margin_aud,lsmc_pv_crediting_margin_aud,AUD,lower_is_adverse,86591.70829260472,0.06,118687.28473262358,-32095.576440018864,forward_secant,0.0025,0.005,25.0,4973.2591760188225,,1.5537481121659644,-4973.2591760188225,0.05743343414837745
0.005,0.5,lsmc,pv_crediting_margin_aud,lsmc_pv_crediting_margin_aud,AUD,lower_is_adverse,87835.02308660942,0.06,118687.28473262358,-30852.261646014158,bracketing_secant,0.0025,0.01,75.0,5060.280642359188,,1.5809354020816477,-5060.280642359188,0.057611194994159856
0.01,1.0,lsmc,pv_crediting_margin_aud,lsmc_pv_crediting_margin_aud,AUD,lower_is_adverse,90386.9187743741,0.06,118687.28473262358,-28300.365958249473,bracketing_secant,0.005,0.02,150.0,5266.452991137718,,1.6453478701147135,-5266.452991137718,0.058265654616283115
0.02,2.0,lsmc,pv_crediting_margin_aud,lsmc_pv_crediting_margin_aud,AUD,lower_is_adverse,95734.702573316,0.06,118687.28473262358,-22952.58215930758,bracketing_secant,0.01,0.04,300.0,10670.987523035123,,3.333835244061214,-10670.987523035123,0.11146415287458607
0.04,4.0,lsmc,pv_crediting_margin_aud,lsmc_pv_crediting_margin_aud,AUD,lower_is_adverse,122399.88134347947,0.06,118687.28473262358,3712.5966108558932,bracketing_secant,0.02,0.06,399.99999999999994,5738.145539826896,,1.7927142914310574,-5738.145539826896,0.046880319464726185
0.06,6.0,lsmc,pv_crediting_margin_aud,lsmc_pv_crediting_margin_aud,AUD,lower_is_adverse,118687.28473262358,0.06,118687.28473262358,0.0,bracketing_secant,0.04,0.08,400.0,7534.607783348307,,2.3539659215307513,-7534.607783348307,0.06348285581157347
0.08,8.0,lsmc,pv_crediting_margin_aud,lsmc_pv_crediting_margin_aud,AUD,lower_is_adverse,152538.3124768727,0.06,118687.28473262358,33851.02774424912,bracketing_secant,0.06,0.12,600.0,7654.449969302247,,2.3914070770373175,-7654.449969302247,0.050180507736132106
0.12,12.0,lsmc,pv_crediting_margin_aud,lsmc_pv_crediting_margin_aud,AUD,lower_is_adverse,164613.98454843706,0.06,118687.28473262358,45926.69981581348,backward_secant,0.08,0.12,399.99999999999994,3018.9180178910906,,0.9431718728234533,-3018.9180178910906,0.018339377581877224
0.0025,0.25,lsmc,pv_money_market_income_aud,lsmc_pv_money_market_income_aud,AUD,lower_is_adverse,86591.70829260472,0.06,118687.28473262358,-32095.576440018864,forward_secant,0.0025,0.005,25.0,4973.2591760188225,,1.5537481121659644,-4973.2591760188225,0.05743343414837745
0.005,0.5,lsmc,pv_money_market_income_aud,lsmc_pv_money_market_income_aud,AUD,lower_is_adverse,87835.02308660942,0.06,118687.28473262358,-30852.261646014158,bracketing_secant,0.0025,0.01,75.0,5060.280642359188,,1.5809354020816477,-5060.280642359188,0.057611194994159856
0.01,1.0,lsmc,pv_money_market_income_aud,lsmc_pv_money_market_income_aud,AUD,lower_is_adverse,90386.9187743741,0.06,118687.28473262358,-28300.365958249473,bracketing_secant,0.005,0.02,150.0,5266.452991137718,,1.6453478701147135,-5266.452991137718,0.058265654616283115
0.02,2.0,lsmc,pv_money_market_income_aud,lsmc_pv_money_market_income_aud,AUD,lower_is_adverse,95734.702573316,0.06,118687.28473262358,-22952.58215930758,bracketing_secant,0.01,0.04,300.0,10670.987523035123,,3.333835244061214,-10670.987523035123,0.11146415287458607
0.04,4.0,lsmc,pv_money_market_income_aud,lsmc_pv_money_market_income_aud,AUD,lower_is_adverse,122399.88134347947,0.06,118687.28473262358,3712.5966108558932,bracketing_secant,0.02,0.06,399.99999999999994,5738.145539826896,,1.7927142914310574,-5738.145539826896,0.046880319464726185
0.06,6.0,lsmc,pv_money_market_income_aud,lsmc_pv_money_market_income_aud,AUD,lower_is_adverse,118687.28473262358,0.06,118687.28473262358,0.0,bracketing_secant,0.04,0.08,400.0,7534.607783348307,,2.3539659215307513,-7534.607783348307,0.06348285581157347
0.08,8.0,lsmc,pv_money_market_income_aud,lsmc_pv_money_market_income_aud,AUD,lower_is_adverse,152538.3124768727,0.06,118687.28473262358,33851.02774424912,bracketing_secant,0.06,0.12,600.0,7654.449969302247,,2.3914070770373175,-7654.449969302247,0.050180507736132106
0.12,12.0,lsmc,pv_money_market_income_aud,lsmc_pv_money_market_income_aud,AUD,lower_is_adverse,164613.98454843706,0.06,118687.28473262358,45926.69981581348,backward_secant,0.08,0.12,399.99999999999994,3018.9180178910906,,0.9431718728234533,-3018.9180178910906,0.018339377581877224
0.0025,0.25,lsmc,pv_hedge_gain_aud,lsmc_pv_hedge_gain_aud,AUD,lower_is_adverse,0.0,0.06,0.0,0.0,forward_secant,0.0025,0.005,25.0,0.0,,0.0,-0.0,
0.005,0.5,lsmc,pv_hedge_gain_aud,lsmc_pv_hedge_gain_aud,AUD,lower_is_adverse,0.0,0.06,0.0,0.0,bracketing_secant,0.0025,0.01,75.0,0.0,,0.0,-0.0,
0.01,1.0,lsmc,pv_hedge_gain_aud,lsmc_pv_hedge_gain_aud,AUD,lower_is_adverse,0.0,0.06,0.0,0.0,bracketing_secant,0.005,0.02,150.0,0.0,,0.0,-0.0,
0.02,2.0,lsmc,pv_hedge_gain_aud,lsmc_pv_hedge_gain_aud,AUD,lower_is_adverse,0.0,0.06,0.0,0.0,bracketing_secant,0.01,0.04,300.0,0.0,,0.0,-0.0,
0.04,4.0,lsmc,pv_hedge_gain_aud,lsmc_pv_hedge_gain_aud,AUD,lower_is_adverse,0.0,0.06,0.0,0.0,bracketing_secant,0.02,0.06,399.99999999999994,0.0,,0.0,-0.0,
0.06,6.0,lsmc,pv_hedge_gain_aud,lsmc_pv_hedge_gain_aud,AUD,lower_is_adverse,0.0,0.06,0.0,0.0,bracketing_secant,0.04,0.08,400.0,0.0,,0.0,-0.0,
0.08,8.0,lsmc,pv_hedge_gain_aud,lsmc_pv_hedge_gain_aud,AUD,lower_is_adverse,0.0,0.06,0.0,0.0,bracketing_secant,0.06,0.12,600.0,0.0,,0.0,-0.0,
0.12,12.0,lsmc,pv_hedge_gain_aud,lsmc_pv_hedge_gain_aud,AUD,lower_is_adverse,0.0,0.06,0.0,0.0,backward_secant,0.08,0.12,399.99999999999994,0.0,,0.0,-0.0,
0.0025,0.25,lsmc,pv_growth_fees_aud,lsmc_pv_growth_fees_aud,AUD,diagnostic,4433.765152987424,0.06,4503.322537907166,-69.55738491974262,forward_secant,0.0025,0.005,25.0,0.0,,0.0,,0.0
0.005,0.5,lsmc,pv_growth_fees_aud,lsmc_pv_growth_fees_aud,AUD,diagnostic,4433.765152987424,0.06,4503.322537907166,-69.55738491974262,bracketing_secant,0.0025,0.01,75.0,0.0,,0.0,,0.0
0.01,1.0,lsmc,pv_growth_fees_aud,lsmc_pv_growth_fees_aud,AUD,diagnostic,4433.765152987424,0.06,4503.322537907166,-69.55738491974262,bracketing_secant,0.005,0.02,150.0,0.0,,0.0,,0.0
0.02,2.0,lsmc,pv_growth_fees_aud,lsmc_pv_growth_fees_aud,AUD,diagnostic,4433.765152987424,0.06,4503.322537907166,-69.55738491974262,bracketing_secant,0.01,0.04,300.0,2784.260637823679,,0.8698600971083137,,0.6279675494196335
0.04,4.0,lsmc,pv_growth_fees_aud,lsmc_pv_growth_fees_aud,AUD,diagnostic,12786.54706645846,0.06,4503.322537907166,8283.224528551294,bracketing_secant,0.02,0.06,399.99999999999994,17.389346229935658,,0.005432788222027019,,0.0013599720189941828
0.06,6.0,lsmc,pv_growth_fees_aud,lsmc_pv_growth_fees_aud,AUD,diagnostic,4503.322537907166,0.06,4503.322537907166,0.0,bracketing_secant,0.04,0.08,400.0,1116.8281008030972,,0.34891999226668574,,0.24800091297083104
0.08,8.0,lsmc,pv_growth_fees_aud,lsmc_pv_growth_fees_aud,AUD,diagnostic,17253.85946967085,0.06,4503.322537907166,12750.536931763683,bracketing_secant,0.06,0.12,600.0,2157.3234190029184,,0.6739920585217701,,0.1250342523535155
0.12,12.0,lsmc,pv_growth_fees_aud,lsmc_pv_growth_fees_aud,AUD,diagnostic,17447.263051924678,0.06,4503.322537907166,12943.940514017511,backward_secant,0.08,0.12,399.99999999999994,48.35089556345702,,0.015105810906761141,,0.0027712596193202486
0.0025,0.25,lsmc,pv_growth_crediting_margin_aud,lsmc_pv_growth_crediting_margin_aud,AUD,diagnostic,13614.25317917998,0.06,13920.952779555571,-306.6996003755921,forward_secant,0.0025,0.005,25.0,0.0,,0.0,,0.0
0.005,0.5,lsmc,pv_growth_crediting_margin_aud,lsmc_pv_growth_crediting_margin_aud,AUD,diagnostic,13614.25317917998,0.06,13920.952779555571,-306.6996003755921,bracketing_secant,0.0025,0.01,75.0,0.0,,0.0,,0.0
0.01,1.0,lsmc,pv_growth_crediting_margin_aud,lsmc_pv_growth_crediting_margin_aud,AUD,diagnostic,13614.25317917998,0.06,13920.952779555571,-306.6996003755921,bracketing_secant,0.005,0.02,150.0,0.0,,0.0,,0.0
0.02,2.0,lsmc,pv_growth_crediting_margin_aud,lsmc_pv_growth_crediting_margin_aud,AUD,diagnostic,13614.25317917998,0.06,13920.952779555571,-306.6996003755921,bracketing_secant,0.01,0.04,300.0,8460.521892305385,,2.6432404692472744,,0.621445905328388
0.04,4.0,lsmc,pv_growth_crediting_margin_aud,lsmc_pv_growth_crediting_margin_aud,AUD,diagnostic,38995.81885609613,0.06,13920.952779555571,25074.86607654056,bracketing_secant,0.02,0.06,399.99999999999994,76.67490009389805,,0.023954810528651428,,0.001966233876940672
0.06,6.0,lsmc,pv_growth_crediting_margin_aud,lsmc_pv_growth_crediting_margin_aud,AUD,diagnostic,13920.952779555571,0.06,13920.952779555571,0.0,bracketing_secant,0.04,0.08,400.0,3393.0494316299046,,1.060058195700358,,0.24373686811243017
0.08,8.0,lsmc,pv_growth_crediting_margin_aud,lsmc_pv_growth_crediting_margin_aud,AUD,diagnostic,52568.016582615746,0.06,13920.952779555571,38647.06380306018,bracketing_secant,0.06,0.12,600.0,6552.985413686325,,2.047286971220519,,0.12465726956594742
0.12,12.0,lsmc,pv_growth_crediting_margin_aud,lsmc_pv_growth_crediting_margin_aud,AUD,diagnostic,53238.86526167351,0.06,13920.952779555571,39317.91248211794,backward_secant,0.08,0.12,399.99999999999994,167.7121697644416,,0.052396719723615835,,0.003150183027758427
0.0025,0.25,lsmc,pv_post_election_guarantee_claims_aud,lsmc_pv_post_election_guarantee_claims_aud,AUD,higher_is_adverse,96529.5315947785,0.06,59941.84024338305,36587.69135139545,forward_secant,0.0025,0.005,25.0,-6083.615808184957,,-1.9006462849734698,-6083.615808184957,-0.06302336401800207
0.005,0.5,lsmc,pv_post_election_guarantee_claims_aud,lsmc_pv_post_election_guarantee_claims_aud,AUD,higher_is_adverse,95008.62764273226,0.06,59941.84024338305,35066.78739934921,bracketing_secant,0.0025,0.01,75.0,-6252.8222671040185,,-1.9535098512600428,-6252.8222671040185,-0.06581320478195889
0.01,1.0,lsmc,pv_post_election_guarantee_claims_aud,lsmc_pv_post_election_guarantee_claims_aud,AUD,higher_is_adverse,91839.91489445049,0.06,59941.84024338305,31898.074651067436,bracketing_secant,0.005,0.02,150.0,-6409.775568446203,,-2.0025452799452323,-6409.775568446203,-0.06979291711901967
0.02,2.0,lsmc,pv_post_election_guarantee_claims_aud,lsmc_pv_post_election_guarantee_claims_aud,AUD,higher_is_adverse,85393.96429006296,0.06,59941.84024338305,25452.124046679906,bracketing_secant,0.01,0.04,300.0,-5338.833386020507,,-1.6679609891834422,-5338.833386020507,-0.06252003207024985
0.04,4.0,lsmc,pv_post_election_guarantee_claims_aud,lsmc_pv_post_election_guarantee_claims_aud,AUD,higher_is_adverse,75823.41473638896,0.06,59941.84024338305,15881.574493005915,bracketing_secant,0.02,0.06,399.99999999999994,-6363.031011669978,,-1.9879413222035336,-6363.031011669978,-0.08391907742208622
0.06,6.0,lsmc,pv_post_election_guarantee_claims_aud,lsmc_pv_post_election_guarantee_claims_aud,AUD,higher_is_adverse,59941.84024338305,0.06,59941.84024338305,0.0,bracketing_secant,0.04,0.08,400.0,-3872.3167259284032,,-1.2097911228178415,-3872.3167259284032,-0.06460123196427668
0.08,8.0,lsmc,pv_post_election_guarantee_claims_aud,lsmc_pv_post_election_guarantee_claims_aud,AUD,higher_is_adverse,60334.14783267535,0.06,59941.84024338305,392.3075892923007,bracketing_secant,0.06,0.12,600.0,-1473.5800482391787,,-0.4603766136133479,-1473.5800482391787,-0.024423648981102
0.12,12.0,lsmc,pv_post_election_guarantee_claims_aud,lsmc_pv_post_election_guarantee_claims_aud,AUD,higher_is_adverse,51100.35995394798,0.06,59941.84024338305,-8841.480289435072,backward_secant,0.08,0.12,399.99999999999994,-2308.4469696818437,,-0.721206153597178,-2308.4469696818437,-0.04517476925333272
0.0025,0.25,lsmc,pv_expenses_aud,lsmc_pv_expenses_aud,AUD,higher_is_adverse,8843.728180215996,0.06,9189.021673285788,-345.293493069792,forward_secant,0.0025,0.005,25.0,55.217767799484136,,0.01725116255556723,55.217767799484136,0.006243720597723699
0.005,0.5,lsmc,pv_expenses_aud,lsmc_pv_expenses_aud,AUD,higher_is_adverse,8857.532622165867,0.06,9189.021673285788,-331.489051119921,bracketing_secant,0.0025,0.01,75.0,56.02872377817161,,0.017504521826889993,56.02872377817161,0.006325545292146078
0.01,1.0,lsmc,pv_expenses_aud,lsmc_pv_expenses_aud,AUD,higher_is_adverse,8885.749723049625,0.06,9189.021673285788,-303.2719502361633,bracketing_secant,0.005,0.02,150.0,57.905651536936304,,0.018090912533393864,57.905651536936304,0.006516687206114877
0.02,2.0,lsmc,pv_expenses_aud,lsmc_pv_expenses_aud,AUD,higher_is_adverse,8944.391099471271,0.06,9189.021673285788,-244.63057381451654,bracketing_secant,0.01,0.04,300.0,111.88527084377591,,0.034955252119367224,111.88527084377591,0.0125089868722746
0.04,4.0,lsmc,pv_expenses_aud,lsmc_pv_expenses_aud,AUD,higher_is_adverse,9221.405535580952,0.06,9189.021673285788,32.38386229516436,bracketing_secant,0.02,0.06,399.99999999999994,61.15764345362914,,0.019106901469925684,61.15764345362914,0.006632139018032698
0.06,6.0,lsmc,pv_expenses_aud,lsmc_pv_expenses_aud,AUD,higher_is_adverse,9189.021673285788,0.06,9189.021673285788,0.0,bracketing_secant,0.04,0.08,400.0,78.40561930663307,,0.02449552268828375,78.40561930663307,0.008532531763917037
0.08,8.0,lsmc,pv_expenses_aud,lsmc_pv_expenses_aud,AUD,higher_is_adverse,9535.028012807485,0.06,9189.021673285788,346.00633952169665,bracketing_secant,0.06,0.12,600.0,78.32387451046088,,0.024469983938293728,78.32387451046088,0.008214330823701406
0.12,12.0,lsmc,pv_expenses_aud,lsmc_pv_expenses_aud,AUD,higher_is_adverse,9658.964920348553,0.06,9189.021673285788,469.9432470627653,backward_secant,0.08,0.12,399.99999999999994,30.984226885267166,,0.009680107616760887,30.984226885267166,0.003207820624753762
0.0025,0.25,lsmc,pv_hedge_costs_aud,lsmc_pv_hedge_costs_aud,AUD,higher_is_adverse,10137.425749273563,0.06,109802.19437807321,-99664.76862879965,forward_secant,0.0025,0.005,25.0,16570.765299637445,,5.177046759519116,16570.765299637445,1.6346127418812304
0.005,0.5,lsmc,pv_hedge_costs_aud,lsmc_pv_hedge_costs_aud,AUD,higher_is_adverse,14280.117074182925,0.06,109802.19437807321,-95522.07730389028,bracketing_secant,0.0025,0.01,75.0,16750.839455996273,,5.233305617260043,16750.839455996273,1.1730183561506071
0.01,1.0,lsmc,pv_hedge_costs_aud,lsmc_pv_hedge_costs_aud,AUD,higher_is_adverse,22700.555341270767,0.06,109802.19437807321,-87101.63903680244,bracketing_secant,0.005,0.02,150.0,17163.074141398403,,5.362096183273864,17163.074141398403,0.756064064661672
0.02,2.0,lsmc,pv_hedge_costs_aud,lsmc_pv_hedge_costs_aud,AUD,higher_is_adverse,40024.72828628053,0.06,109802.19437807321,-69777.46609179268,bracketing_secant,0.01,0.04,300.0,20854.88345299894,,6.515493089680004,20854.88345299894,0.5210499695046642
0.04,4.0,lsmc,pv_hedge_costs_aud,lsmc_pv_hedge_costs_aud,AUD,higher_is_adverse,85265.20570026759,0.06,109802.19437807321,-24536.988677805624,bracketing_secant,0.02,0.06,399.99999999999994,17444.366522948174,,5.449977689411152,17444.366522948174,0.20458950845987847
0.06,6.0,lsmc,pv_hedge_costs_aud,lsmc_pv_hedge_costs_aud,AUD,higher_is_adverse,109802.19437807321,0.06,109802.19437807321,0.0,bracketing_secant,0.04,0.08,400.0,19204.562889159522,,5.999899116034167,19204.562889159522,0.17490144890031953
0.08,8.0,lsmc,pv_hedge_costs_aud,lsmc_pv_hedge_costs_aud,AUD,higher_is_adverse,162083.45725690568,0.06,109802.19437807321,52281.262878832466,bracketing_secant,0.06,0.12,600.0,14802.03315378747,,4.624458580364212,14802.03315378747,0.09132352804102603
0.12,12.0,lsmc,pv_hedge_costs_aud,lsmc_pv_hedge_costs_aud,AUD,higher_is_adverse,198614.39330079802,0.06,109802.19437807321,88812.19892272481,backward_secant,0.08,0.12,399.99999999999994,9132.734010973089,,2.853253314624684,9132.734010973089,0.0459822365297651
0.0025,0.25,lsmc,pv_hedge_option_fair_value_costs_aud,lsmc_pv_hedge_option_fair_value_costs_aud,AUD,higher_is_adverse,3990.7162515672303,0.06,101187.0728399941,-97196.35658842688,forward_secant,0.0025,0.005,25.0,16169.319008283072,,5.051626708954366,16169.319008283072,4.0517335708679045
0.005,0.5,lsmc,pv_hedge_option_fair_value_costs_aud,lsmc_pv_hedge_option_fair_value_costs_aud,AUD,higher_is_adverse,8033.046003637998,0.06,101187.0728399941,-93154.0268363561,bracketing_secant,0.0025,0.01,75.0,16347.732479181894,,5.107366734515618,16347.732479181894,2.0350602339110653
0.01,1.0,lsmc,pv_hedge_option_fair_value_costs_aud,lsmc_pv_hedge_option_fair_value_costs_aud,AUD,higher_is_adverse,16251.51561095365,0.06,101187.0728399941,-84935.55722904045,bracketing_secant,0.005,0.02,150.0,16748.183973302162,,5.232475990032337,16748.183973302162,1.030561356505959
0.02,2.0,lsmc,pv_hedge_option_fair_value_costs_aud,lsmc_pv_hedge_option_fair_value_costs_aud,AUD,higher_is_adverse,33155.32196359124,0.06,101187.0728399941,-68031.75087640286,bracketing_secant,0.01,0.04,300.0,20098.020279454886,,6.279033519518732,20098.020279454886,0.6061778046228918
0.04,4.0,lsmc,pv_hedge_option_fair_value_costs_aud,lsmc_pv_hedge_option_fair_value_costs_aud,AUD,higher_is_adverse,76545.57644931831,0.06,101187.0728399941,-24641.49639067579,bracketing_secant,0.02,0.06,399.99999999999994,17007.93771910072,,5.313628384845918,17007.93771910072,0.22219360684234793
0.06,6.0,lsmc,pv_hedge_option_fair_value_costs_aud,lsmc_pv_hedge_option_fair_value_costs_aud,AUD,higher_is_adverse,101187.0728399941,0.06,101187.0728399941,0.0,bracketing_secant,0.04,0.08,400.0,18656.727002329175,,5.828743955039558,18656.727002329175,0.18437856218877716
0.08,8.0,lsmc,pv_hedge_option_fair_value_costs_aud,lsmc_pv_hedge_option_fair_value_costs_aud,AUD,higher_is_adverse,151172.484458635,0.06,101187.0728399941,49985.41161864091,bracketing_secant,0.06,0.12,600.0,14271.803507788307,,4.458803969911128,14271.803507788307,0.09440741520454053
0.12,12.0,lsmc,pv_hedge_option_fair_value_costs_aud,lsmc_pv_hedge_option_fair_value_costs_aud,AUD,higher_is_adverse,186817.89388672393,0.06,101187.0728399941,85630.82104672983,backward_secant,0.08,0.12,399.99999999999994,8911.352357022233,,2.7840891478840977,8911.352357022233,0.047700743069213625
0.0025,0.25,lsmc,pv_hedge_option_markup_costs_aud,lsmc_pv_hedge_option_markup_costs_aud,AUD,higher_is_adverse,19.953581257836156,0.06,505.9353641999706,-485.98178294213443,forward_secant,0.0025,0.005,25.0,80.84659504141536,,0.025258133544771827,80.84659504141536,4.051733570867904
0.005,0.5,lsmc,pv_hedge_option_markup_costs_aud,lsmc_pv_hedge_option_markup_costs_aud,AUD,higher_is_adverse,40.165230018189995,0.06,505.9353641999706,-465.7701341817806,bracketing_secant,0.0025,0.01,75.0,81.73866239590946,,0.02553683367257809,81.73866239590946,2.035060233911065
0.01,1.0,lsmc,pv_hedge_option_markup_costs_aud,lsmc_pv_hedge_option_markup_costs_aud,AUD,higher_is_adverse,81.25757805476825,0.06,505.9353641999706,-424.67778614520233,bracketing_secant,0.005,0.02,150.0,83.74091986651085,,0.0261623799501617,83.74091986651085,1.0305613565059595
0.02,2.0,lsmc,pv_hedge_option_markup_costs_aud,lsmc_pv_hedge_option_markup_costs_aud,AUD,higher_is_adverse,165.77660981795626,0.06,505.9353641999706,-340.1587543820143,bracketing_secant,0.01,0.04,300.0,100.49010139727443,,0.03139516759759366,100.49010139727443,0.6061778046228916
0.04,4.0,lsmc,pv_hedge_option_markup_costs_aud,lsmc_pv_hedge_option_markup_costs_aud,AUD,higher_is_adverse,382.72788224659155,0.06,505.9353641999706,-123.20748195337904,bracketing_secant,0.02,0.06,399.99999999999994,85.03968859550359,,0.026568141924229592,85.03968859550359,0.22219360684234793
0.06,6.0,lsmc,pv_hedge_option_markup_costs_aud,lsmc_pv_hedge_option_markup_costs_aud,AUD,higher_is_adverse,505.9353641999706,0.06,505.9353641999706,0.0,bracketing_secant,0.04,0.08,400.0,93.28363501164591,,0.029143719775197804,93.28363501164591,0.18437856218877718
0.08,8.0,lsmc,pv_hedge_option_markup_costs_aud,lsmc_pv_hedge_option_markup_costs_aud,AUD,higher_is_adverse,755.8624222931752,0.06,505.9353641999706,249.9270580932046,bracketing_secant,0.06,0.12,600.0,71.35901753894152,,0.022294019849555632,71.35901753894152,0.09440741520454049
0.12,12.0,lsmc,pv_hedge_option_markup_costs_aud,lsmc_pv_hedge_option_markup_costs_aud,AUD,higher_is_adverse,934.0894694336197,0.06,505.9353641999706,428.1541052336491,backward_secant,0.08,0.12,399.99999999999994,44.55676178511113,,0.013920445739420475,44.55676178511113,0.04770074306921358
0.0025,0.25,lsmc,pv_hedge_management_fee_costs_aud,lsmc_pv_hedge_management_fee_costs_aud,AUD,higher_is_adverse,6126.755916448497,0.06,8109.186173879145,-1982.4302574306475,forward_secant,0.0025,0.005,25.0,320.599696312951,,0.10016191701997551,320.599696312951,0.05232780621343788
0.005,0.5,lsmc,pv_hedge_management_fee_costs_aud,lsmc_pv_hedge_management_fee_costs_aud,AUD,higher_is_adverse,6206.905840526735,0.06,8109.186173879145,-1902.2803333524098,bracketing_secant,0.0025,0.01,75.0,321.3683144184688,,0.10040204907184674,321.3683144184688,0.05177592872766966
0.01,1.0,lsmc,pv_hedge_management_fee_costs_aud,lsmc_pv_hedge_management_fee_costs_aud,AUD,higher_is_adverse,6367.782152262349,0.06,8109.186173879145,-1741.404021616796,bracketing_secant,0.005,0.02,150.0,331.1492482297284,,0.10345781329136414,331.1492482297284,0.05200385947752272
0.02,2.0,lsmc,pv_hedge_management_fee_costs_aud,lsmc_pv_hedge_management_fee_costs_aud,AUD,higher_is_adverse,6703.629712871328,0.06,8109.186173879145,-1405.5564610078172,bracketing_secant,0.01,0.04,300.0,656.373072146777,,0.20506440256367794,656.373072146777,0.09791308593410307
0.04,4.0,lsmc,pv_hedge_management_fee_costs_aud,lsmc_pv_hedge_management_fee_costs_aud,AUD,higher_is_adverse,8336.90136870268,0.06,8109.186173879145,227.71519482353506,bracketing_secant,0.02,0.06,399.99999999999994,351.38911525195437,,0.10978116264100493,351.38911525195437,0.042148647286519916
0.06,6.0,lsmc,pv_hedge_management_fee_costs_aud,lsmc_pv_hedge_management_fee_costs_aud,AUD,higher_is_adverse,8109.186173879145,0.06,8109.186173879145,0.0,bracketing_secant,0.04,0.08,400.0,454.5522518187022,,0.14201144121941164,454.5522518187022,0.05605399137127723
0.08,8.0,lsmc,pv_hedge_management_fee_costs_aud,lsmc_pv_hedge_management_fee_costs_aud,AUD,higher_is_adverse,10155.110375977489,0.06,8109.186173879145,2045.9242020983438,bracketing_secant,0.06,0.12,600.0,458.8706284602228,,0.1433605906035295,458.8706284602228,0.045186178334969976
0.12,12.0,lsmc,pv_hedge_management_fee_costs_aud,lsmc_pv_hedge_management_fee_costs_aud,AUD,higher_is_adverse,10862.409944640482,0.06,8109.186173879145,2753.2237707613367,backward_secant,0.08,0.12,399.99999999999994,176.82489216574825,,0.05524372100116781,176.82489216574825,0.01627860604294296
0.0025,0.25,lsmc,pv_hedge_execution_costs_aud,lsmc_pv_hedge_execution_costs_aud,AUD,higher_is_adverse,0.0,0.06,0.0,0.0,forward_secant,0.0025,0.005,25.0,0.0,,0.0,0.0,
0.005,0.5,lsmc,pv_hedge_execution_costs_aud,lsmc_pv_hedge_execution_costs_aud,AUD,higher_is_adverse,0.0,0.06,0.0,0.0,bracketing_secant,0.0025,0.01,75.0,0.0,,0.0,0.0,
0.01,1.0,lsmc,pv_hedge_execution_costs_aud,lsmc_pv_hedge_execution_costs_aud,AUD,higher_is_adverse,0.0,0.06,0.0,0.0,bracketing_secant,0.005,0.02,150.0,0.0,,0.0,0.0,
0.02,2.0,lsmc,pv_hedge_execution_costs_aud,lsmc_pv_hedge_execution_costs_aud,AUD,higher_is_adverse,0.0,0.06,0.0,0.0,bracketing_secant,0.01,0.04,300.0,0.0,,0.0,0.0,
0.04,4.0,lsmc,pv_hedge_execution_costs_aud,lsmc_pv_hedge_execution_costs_aud,AUD,higher_is_adverse,0.0,0.06,0.0,0.0,bracketing_secant,0.02,0.06,399.99999999999994,0.0,,0.0,0.0,
0.06,6.0,lsmc,pv_hedge_execution_costs_aud,lsmc_pv_hedge_execution_costs_aud,AUD,higher_is_adverse,0.0,0.06,0.0,0.0,bracketing_secant,0.04,0.08,400.0,0.0,,0.0,0.0,
0.08,8.0,lsmc,pv_hedge_execution_costs_aud,lsmc_pv_hedge_execution_costs_aud,AUD,higher_is_adverse,0.0,0.06,0.0,0.0,bracketing_secant,0.06,0.12,600.0,0.0,,0.0,0.0,
0.12,12.0,lsmc,pv_hedge_execution_costs_aud,lsmc_pv_hedge_execution_costs_aud,AUD,higher_is_adverse,0.0,0.06,0.0,0.0,backward_secant,0.08,0.12,399.99999999999994,0.0,,0.0,0.0,
0.0025,0.25,lsmc,bel_nonunit_aud,lsmc_bel_nonunit_aud,AUD,higher_is_adverse,2225.246523729671,0.06,24811.801088627166,-22586.554564897495,forward_secant,0.0025,0.005,25.0,4197.723705285403,,1.311454933604053,4197.723705285403,1.886408386900756
0.005,0.5,lsmc,bel_nonunit_aud,lsmc_bel_nonunit_aud,AUD,higher_is_adverse,3274.677450051022,0.06,24811.801088627166,-21537.123638576144,bracketing_secant,0.0025,0.01,75.0,4122.225430886999,,1.2878677250620252,4122.225430886999,1.2588187672721085
0.01,1.0,lsmc,bel_nonunit_aud,lsmc_bel_nonunit_aud,AUD,higher_is_adverse,5316.91559689492,0.06,24811.801088627166,-19494.885491732246,bracketing_secant,0.005,0.02,150.0,4091.6649308665174,,1.2783199984036928,4091.6649308665174,0.7695561188249914
0.02,2.0,lsmc,bel_nonunit_aud,lsmc_bel_nonunit_aud,AUD,higher_is_adverse,9412.174846350797,0.06,24811.801088627166,-15399.626242276368,bracketing_secant,0.01,0.04,300.0,1968.4973577151736,,0.6149989262779705,1968.4973577151736,0.20914373031206293
0.04,4.0,lsmc,bel_nonunit_aud,lsmc_bel_nonunit_aud,AUD,higher_is_adverse,11222.40767004044,0.06,24811.801088627166,-13589.393418586726,bracketing_secant,0.02,0.06,399.99999999999994,3849.906560569093,,1.2027897277793007,3849.906560569093,0.34305531163752667
0.06,6.0,lsmc,bel_nonunit_aud,lsmc_bel_nonunit_aud,AUD,higher_is_adverse,24811.801088627166,0.06,24811.801088627166,0.0,bracketing_secant,0.04,0.08,400.0,5845.995749111592,,1.8264089076056653,5845.995749111592,0.23561351827019061
0.08,8.0,lsmc,bel_nonunit_aud,lsmc_bel_nonunit_aud,AUD,higher_is_adverse,34606.39066648681,0.06,24811.801088627166,9794.589577859646,bracketing_secant,0.06,0.12,600.0,3671.412165852191,,1.1470244199584434,3671.412165852191,0.10609058313057838
0.12,12.0,lsmc,bel_nonunit_aud,lsmc_bel_nonunit_aud,AUD,higher_is_adverse,46840.27408374031,0.06,24811.801088627166,22028.472995113145,backward_secant,0.08,0.12,399.99999999999994,3058.470854313375,,0.9555289897053307,3058.470854313375,0.0652957505937196
0.0025,0.25,lsmc,bel_total_aud,lsmc_bel_total_aud,AUD,higher_is_adverse,322306.6765237297,0.06,344893.23108862713,-22586.554564897437,forward_secant,0.0025,0.005,25.0,4197.723705285229,,1.3114549336039985,4197.723705285229,0.013024004809829539
0.005,0.5,lsmc,bel_total_aud,lsmc_bel_total_aud,AUD,higher_is_adverse,323356.107450051,0.06,344893.23108862713,-21537.12363857613,bracketing_secant,0.0025,0.01,75.0,4122.22543088696,,1.287867725062013,4122.22543088696,0.012748252888724923
0.01,1.0,lsmc,bel_total_aud,lsmc_bel_total_aud,AUD,higher_is_adverse,325398.3455968949,0.06,344893.23108862713,-19494.885491732217,bracketing_secant,0.005,0.02,150.0,4091.6649308665274,,1.278319998403696,4091.6649308665274,0.012574326164323227
0.02,2.0,lsmc,bel_total_aud,lsmc_bel_total_aud,AUD,higher_is_adverse,329493.6048463508,0.06,344893.23108862713,-15399.62624227634,bracketing_secant,0.01,0.04,300.0,1968.4973577151736,,0.6149989262779705,1968.4973577151736,0.005974311272697149
0.04,4.0,lsmc,bel_total_aud,lsmc_bel_total_aud,AUD,higher_is_adverse,331303.83767004043,0.06,344893.23108862713,-13589.393418586696,bracketing_secant,0.02,0.06,399.99999999999994,3849.9065605690853,,1.2027897277792985,3849.9065605690853,0.011620470766787105
0.06,6.0,lsmc,bel_total_aud,lsmc_bel_total_aud,AUD,higher_is_adverse,344893.23108862713,0.06,344893.23108862713,0.0,bracketing_secant,0.04,0.08,400.0,5845.995749111592,,1.8264089076056653,5845.995749111592,0.016950160867637752
0.08,8.0,lsmc,bel_total_aud,lsmc_bel_total_aud,AUD,higher_is_adverse,354687.8206664868,0.06,344893.23108862713,9794.589577859675,bracketing_secant,0.06,0.12,600.0,3671.4121658521963,,1.147024419958445,3671.4121658521963,0.010351108642392397
0.12,12.0,lsmc,bel_total_aud,lsmc_bel_total_aud,AUD,higher_is_adverse,366921.7040837403,0.06,344893.23108862713,22028.472995113174,backward_secant,0.08,0.12,399.99999999999994,3058.470854313375,,0.9555289897053307,3058.470854313375,0.008335486345651984
0.0025,0.25,lsmc,csm_aud,lsmc_csm_aud,AUD,lower_is_adverse,-2225.2465237296674,0.06,-24811.801088627137,22586.55456489747,forward_secant,0.0025,0.005,25.0,-4197.7237052854325,,-1.3114549336040622,4197.7237052854325,-1.8864083869007722
0.005,0.5,lsmc,csm_aud,lsmc_csm_aud,AUD,lower_is_adverse,-3274.6774500510255,0.06,-24811.801088627137,21537.12363857611,bracketing_secant,0.0025,0.01,75.0,-4122.225430887003,,-1.2878677250620267,4122.225430887003,-1.2588187672721085
0.01,1.0,lsmc,csm_aud,lsmc_csm_aud,AUD,lower_is_adverse,-5316.91559689492,0.06,-24811.801088627137,19494.885491732217,bracketing_secant,0.005,0.02,150.0,-4091.6649308665096,,-1.2783199984036906,4091.6649308665096,-0.76955611882499
0.02,2.0,lsmc,csm_aud,lsmc_csm_aud,AUD,lower_is_adverse,-9412.17484635079,0.06,-24811.801088627137,15399.626242276347,bracketing_secant,0.01,0.04,300.0,-1968.4973577151882,,-0.614998926277975,1968.4973577151882,-0.20914373031206465
0.04,4.0,lsmc,csm_aud,lsmc_csm_aud,AUD,lower_is_adverse,-11222.407670040484,0.06,-24811.801088627137,13589.393418586653,bracketing_secant,0.02,0.06,399.99999999999994,-3849.906560569087,,-1.202789727779299,3849.906560569087,-0.34305531163752484
0.06,6.0,lsmc,csm_aud,lsmc_csm_aud,AUD,lower_is_adverse,-24811.801088627137,0.06,-24811.801088627137,0.0,bracketing_secant,0.04,0.08,400.0,-5845.995749111582,,-1.826408907605662,5845.995749111582,-0.23561351827019048
0.08,8.0,lsmc,csm_aud,lsmc_csm_aud,AUD,lower_is_adverse,-34606.39066648681,0.06,-24811.801088627137,-9794.589577859675,bracketing_secant,0.06,0.12,600.0,-3671.412165852201,,-1.1470244199584465,3671.412165852201,-0.10609058313057866
0.12,12.0,lsmc,csm_aud,lsmc_csm_aud,AUD,lower_is_adverse,-46840.27408374034,0.06,-24811.801088627137,-22028.472995113203,backward_secant,0.08,0.12,399.99999999999994,-3058.4708543133825,,-0.955528989705333,3058.4708543133825,-0.06529575059371971
0.0025,0.25,lsmc,csm_pv_fee_income_aud,lsmc_csm_pv_fee_income_aud,AUD,lower_is_adverse,26693.73070793367,0.06,35433.97047349132,-8740.239765557646,forward_secant,0.0025,0.005,25.0,1371.3843779477465,,0.4284485913311955,-1371.3843779477465,0.05137477383557166
0.005,0.5,lsmc,csm_pv_fee_income_aud,lsmc_csm_pv_fee_income_aud,AUD,lower_is_adverse,27036.576802420608,0.06,35433.97047349132,-8397.39367107071,bracketing_secant,0.0025,0.01,75.0,1371.539839424227,,0.4284971606832133,-1371.539839424227,0.050729049370681865
0.01,1.0,lsmc,csm_pv_fee_income_aud,lsmc_csm_pv_fee_income_aud,AUD,lower_is_adverse,27722.38558750184,0.06,35433.97047349132,-7711.584885989476,bracketing_secant,0.005,0.02,150.0,1453.0863024849073,,0.4539739473436204,-1453.0863024849073,0.05241562988504157
0.02,2.0,lsmc,csm_pv_fee_income_aud,lsmc_csm_pv_fee_income_aud,AUD,lower_is_adverse,29216.20625614797,0.06,35433.97047349132,-6217.764217343349,bracketing_secant,0.01,0.04,300.0,2988.4504570719077,,0.9336531822767437,-2988.4504570719077,0.10228742331811297
0.04,4.0,lsmc,csm_pv_fee_income_aud,lsmc_csm_pv_fee_income_aud,AUD,lower_is_adverse,36687.73695871756,0.06,35433.97047349132,1253.766485226246,bracketing_secant,0.02,0.06,399.99999999999994,1554.4410543358376,,0.4856392494671864,-1554.4410543358376,0.04236949954381089
0.06,6.0,lsmc,csm_pv_fee_income_aud,lsmc_csm_pv_fee_income_aud,AUD,lower_is_adverse,35433.97047349132,0.06,35433.97047349132,0.0,bracketing_secant,0.04,0.08,400.0,2030.0482500778562,,0.6342286867681941,-2030.0482500778562,0.057291018278534875
0.08,8.0,lsmc,csm_pv_fee_income_aud,lsmc_csm_pv_fee_income_aud,AUD,lower_is_adverse,44807.92995902899,0.06,35433.97047349132,9373.95948553767,bracketing_secant,0.06,0.12,600.0,2080.914844904305,,0.6501204536933946,-2080.914844904305,0.04644077168499037
0.12,12.0,lsmc,csm_pv_fee_income_aud,lsmc_csm_pv_fee_income_aud,AUD,lower_is_adverse,47919.459542917146,0.06,35433.97047349132,12485.489069425828,backward_secant,0.08,0.12,399.99999999999994,777.8823959720395,,0.24302640611548115,-777.8823959720395,0.01623312122865994
0.0025,0.25,lsmc,csm_pv_other_income_aud,lsmc_csm_pv_other_income_aud,AUD,lower_is_adverse,86591.70829260472,0.06,118687.28473262358,-32095.576440018864,forward_secant,0.0025,0.005,25.0,4973.2591760188225,,1.5537481121659644,-4973.2591760188225,0.05743343414837745
0.005,0.5,lsmc,csm_pv_other_income_aud,lsmc_csm_pv_other_income_aud,AUD,lower_is_adverse,87835.02308660942,0.06,118687.28473262358,-30852.261646014158,bracketing_secant,0.0025,0.01,75.0,5060.280642359188,,1.5809354020816477,-5060.280642359188,0.057611194994159856
0.01,1.0,lsmc,csm_pv_other_income_aud,lsmc_csm_pv_other_income_aud,AUD,lower_is_adverse,90386.9187743741,0.06,118687.28473262358,-28300.365958249473,bracketing_secant,0.005,0.02,150.0,5266.452991137718,,1.6453478701147135,-5266.452991137718,0.058265654616283115
0.02,2.0,lsmc,csm_pv_other_income_aud,lsmc_csm_pv_other_income_aud,AUD,lower_is_adverse,95734.702573316,0.06,118687.28473262358,-22952.58215930758,bracketing_secant,0.01,0.04,300.0,10670.987523035123,,3.333835244061214,-10670.987523035123,0.11146415287458607
0.04,4.0,lsmc,csm_pv_other_income_aud,lsmc_csm_pv_other_income_aud,AUD,lower_is_adverse,122399.88134347947,0.06,118687.28473262358,3712.5966108558932,bracketing_secant,0.02,0.06,399.99999999999994,5738.145539826896,,1.7927142914310574,-5738.145539826896,0.046880319464726185
0.06,6.0,lsmc,csm_pv_other_income_aud,lsmc_csm_pv_other_income_aud,AUD,lower_is_adverse,118687.28473262358,0.06,118687.28473262358,0.0,bracketing_secant,0.04,0.08,400.0,7534.607783348307,,2.3539659215307513,-7534.607783348307,0.06348285581157347
0.08,8.0,lsmc,csm_pv_other_income_aud,lsmc_csm_pv_other_income_aud,AUD,lower_is_adverse,152538.3124768727,0.06,118687.28473262358,33851.02774424912,bracketing_secant,0.06,0.12,600.0,7654.449969302247,,2.3914070770373175,-7654.449969302247,0.050180507736132106
0.12,12.0,lsmc,csm_pv_other_income_aud,lsmc_csm_pv_other_income_aud,AUD,lower_is_adverse,164613.98454843706,0.06,118687.28473262358,45926.69981581348,backward_secant,0.08,0.12,399.99999999999994,3018.9180178910906,,0.9431718728234533,-3018.9180178910906,0.018339377581877224
0.0025,0.25,lsmc,csm_pv_claims_aud,lsmc_csm_pv_claims_aud,AUD,higher_is_adverse,96529.5315947785,0.06,59941.84024338305,36587.69135139545,forward_secant,0.0025,0.005,25.0,-6083.615808184957,,-1.9006462849734698,-6083.615808184957,-0.06302336401800207
0.005,0.5,lsmc,csm_pv_claims_aud,lsmc_csm_pv_claims_aud,AUD,higher_is_adverse,95008.62764273226,0.06,59941.84024338305,35066.78739934921,bracketing_secant,0.0025,0.01,75.0,-6252.8222671040185,,-1.9535098512600428,-6252.8222671040185,-0.06581320478195889
0.01,1.0,lsmc,csm_pv_claims_aud,lsmc_csm_pv_claims_aud,AUD,higher_is_adverse,91839.91489445049,0.06,59941.84024338305,31898.074651067436,bracketing_secant,0.005,0.02,150.0,-6409.775568446203,,-2.0025452799452323,-6409.775568446203,-0.06979291711901967
0.02,2.0,lsmc,csm_pv_claims_aud,lsmc_csm_pv_claims_aud,AUD,higher_is_adverse,85393.96429006296,0.06,59941.84024338305,25452.124046679906,bracketing_secant,0.01,0.04,300.0,-5338.833386020507,,-1.6679609891834422,-5338.833386020507,-0.06252003207024985
0.04,4.0,lsmc,csm_pv_claims_aud,lsmc_csm_pv_claims_aud,AUD,higher_is_adverse,75823.41473638896,0.06,59941.84024338305,15881.574493005915,bracketing_secant,0.02,0.06,399.99999999999994,-6363.031011669978,,-1.9879413222035336,-6363.031011669978,-0.08391907742208622
0.06,6.0,lsmc,csm_pv_claims_aud,lsmc_csm_pv_claims_aud,AUD,higher_is_adverse,59941.84024338305,0.06,59941.84024338305,0.0,bracketing_secant,0.04,0.08,400.0,-3872.3167259284032,,-1.2097911228178415,-3872.3167259284032,-0.06460123196427668
0.08,8.0,lsmc,csm_pv_claims_aud,lsmc_csm_pv_claims_aud,AUD,higher_is_adverse,60334.14783267535,0.06,59941.84024338305,392.3075892923007,bracketing_secant,0.06,0.12,600.0,-1473.5800482391787,,-0.4603766136133479,-1473.5800482391787,-0.024423648981102
0.12,12.0,lsmc,csm_pv_claims_aud,lsmc_csm_pv_claims_aud,AUD,higher_is_adverse,51100.35995394798,0.06,59941.84024338305,-8841.480289435072,backward_secant,0.08,0.12,399.99999999999994,-2308.4469696818437,,-0.721206153597178,-2308.4469696818437,-0.04517476925333272
0.0025,0.25,lsmc,csm_pv_costs_aud,lsmc_csm_pv_costs_aud,AUD,higher_is_adverse,18981.15392948956,0.06,118991.21605135899,-100010.06212186943,forward_secant,0.0025,0.005,25.0,16625.98306743693,,5.194297922074683,16625.98306743693,0.8759205646399831
0.005,0.5,lsmc,csm_pv_costs_aud,lsmc_csm_pv_costs_aud,AUD,higher_is_adverse,23137.64969634879,0.06,118991.21605135899,-95853.5663550102,bracketing_secant,0.0025,0.01,75.0,16806.86817977444,,5.250810139086932,16806.86817977444,0.7263861455395197
0.01,1.0,lsmc,csm_pv_costs_aud,lsmc_csm_pv_costs_aud,AUD,higher_is_adverse,31586.30506432039,0.06,118991.21605135899,-87404.9109870386,bracketing_secant,0.005,0.02,150.0,17220.97979293534,,5.3801870958072575,17220.97979293534,0.5452039976777153
0.02,2.0,lsmc,csm_pv_costs_aud,lsmc_csm_pv_costs_aud,AUD,higher_is_adverse,48969.1193857518,0.06,118991.21605135899,-70022.09666560718,bracketing_secant,0.01,0.04,300.0,20966.768723842717,,6.550448341799371,20966.768723842717,0.4281630747467203
0.04,4.0,lsmc,csm_pv_costs_aud,lsmc_csm_pv_costs_aud,AUD,higher_is_adverse,94486.61123584854,0.06,118991.21605135899,-24504.60481551045,bracketing_secant,0.02,0.06,399.99999999999994,17505.5241664018,,5.469084590881077,17505.5241664018,0.18526989101880442
0.06,6.0,lsmc,csm_pv_costs_aud,lsmc_csm_pv_costs_aud,AUD,higher_is_adverse,118991.21605135899,0.06,118991.21605135899,0.0,bracketing_secant,0.04,0.08,400.0,19282.968508466154,,6.024394638722451,19282.968508466154,0.16205371411737854
0.08,8.0,lsmc,csm_pv_costs_aud,lsmc_csm_pv_costs_aud,AUD,higher_is_adverse,171618.48526971316,0.06,118991.21605135899,52627.269218354166,bracketing_secant,0.06,0.12,600.0,14880.35702829793,,4.648928564302506,14880.35702829793,0.08670602706294822
0.12,12.0,lsmc,csm_pv_costs_aud,lsmc_csm_pv_costs_aud,AUD,higher_is_adverse,208273.35822114657,0.06,118991.21605135899,89282.14216978758,backward_secant,0.08,0.12,399.99999999999994,9163.718237858355,,2.862933422241445,9163.718237858355,0.043998513857582466
0.0025,0.25,lsmc,csm_reconciliation_gap_aud,lsmc_csm_reconciliation_gap_aud,AUD,diagnostic,0.0,0.06,7.275957614183426e-12,-7.275957614183426e-12,forward_secant,0.0025,0.005,25.0,0.0,,0.0,,
0.005,0.5,lsmc,csm_reconciliation_gap_aud,lsmc_csm_reconciliation_gap_aud,AUD,diagnostic,0.0,0.06,7.275957614183426e-12,-7.275957614183426e-12,bracketing_secant,0.0025,0.01,75.0,2.425319204727809e-12,,7.577194355598227e-16,,
0.01,1.0,lsmc,csm_reconciliation_gap_aud,lsmc_csm_reconciliation_gap_aud,AUD,diagnostic,1.8189894035458565e-12,0.06,7.275957614183426e-12,-5.4569682106375694e-12,bracketing_secant,0.005,0.02,150.0,0.0,,0.0,,0.0
0.02,2.0,lsmc,csm_reconciliation_gap_aud,lsmc_csm_reconciliation_gap_aud,AUD,diagnostic,0.0,0.06,7.275957614183426e-12,-7.275957614183426e-12,bracketing_secant,0.01,0.04,300.0,-1.2126596023639045e-12,,-3.7885971777991133e-16,,
0.04,4.0,lsmc,csm_reconciliation_gap_aud,lsmc_csm_reconciliation_gap_aud,AUD,diagnostic,-1.8189894035458565e-12,0.06,7.275957614183426e-12,-9.094947017729282e-12,bracketing_secant,0.02,0.06,399.99999999999994,1.818989403545857e-12,,5.682895766698671e-16,,1.0000000000000002
0.06,6.0,lsmc,csm_reconciliation_gap_aud,lsmc_csm_reconciliation_gap_aud,AUD,diagnostic,7.275957614183426e-12,0.06,7.275957614183426e-12,0.0,bracketing_secant,0.04,0.08,400.0,4.547473508864641e-13,,1.4207239416746674e-16,,0.0625
0.08,8.0,lsmc,csm_reconciliation_gap_aud,lsmc_csm_reconciliation_gap_aud,AUD,diagnostic,0.0,0.06,7.275957614183426e-12,-7.275957614183426e-12,bracketing_secant,0.06,0.12,600.0,0.0,,0.0,,
0.12,12.0,lsmc,csm_reconciliation_gap_aud,lsmc_csm_reconciliation_gap_aud,AUD,diagnostic,7.275957614183426e-12,0.06,7.275957614183426e-12,0.0,backward_secant,0.08,0.12,399.99999999999994,1.818989403545857e-12,,5.682895766698671e-16,,0.25000000000000006
0.0025,0.25,lsmc,csm_to_premium,lsmc_csm_to_premium,ratio,lower_is_adverse,-0.00695212628776892,0.06,-0.07751715270900639,0.07056502642123746,forward_secant,0.0025,0.005,25.0,-0.013114549336040617,-1.3114549336040617,,0.013114549336040617,-1.8864083869007715
0.005,0.5,lsmc,csm_to_premium,lsmc_csm_to_premium,ratio,lower_is_adverse,-0.010230763621779075,0.06,-0.07751715270900639,0.06728638908722731,bracketing_secant,0.0025,0.01,75.0,-0.012878677250620266,-1.2878677250620265,,0.012878677250620266,-1.2588187672721083
0.01,1.0,lsmc,csm_to_premium,lsmc_csm_to_premium,ratio,lower_is_adverse,-0.01661113422573412,0.06,-0.07751715270900639,0.06090601848327227,bracketing_secant,0.005,0.02,150.0,-0.012783199984036908,-1.2783199984036908,,0.012783199984036908,-0.7695561188249903
0.02,2.0,lsmc,csm_to_premium,lsmc_csm_to_premium,ratio,lower_is_adverse,-0.029405563597834434,0.06,-0.07751715270900639,0.04811158911117196,bracketing_secant,0.01,0.04,300.0,-0.006149989262779752,-0.6149989262779751,,0.006149989262779752,-0.2091437303120647
0.04,4.0,lsmc,csm_to_premium,lsmc_csm_to_premium,ratio,lower_is_adverse,-0.03506110201407337,0.06,-0.07751715270900639,0.042456050694933016,bracketing_secant,0.02,0.06,399.99999999999994,-0.012027897277792993,-1.2027897277792992,,0.012027897277792993,-0.3430553116375249
0.06,6.0,lsmc,csm_to_premium,lsmc_csm_to_premium,ratio,lower_is_adverse,-0.07751715270900639,0.06,-0.07751715270900639,0.0,bracketing_secant,0.04,0.08,400.0,-0.018264089076056624,-1.8264089076056624,,0.018264089076056624,-0.2356135182701905
0.08,8.0,lsmc,csm_to_premium,lsmc_csm_to_premium,ratio,lower_is_adverse,-0.10811745831829986,0.06,-0.07751715270900639,-0.03060030560929347,bracketing_secant,0.06,0.12,600.0,-0.011470244199584465,-1.1470244199584465,,0.011470244199584465,-0.10609058313057866
0.12,12.0,lsmc,csm_to_premium,lsmc_csm_to_premium,ratio,lower_is_adverse,-0.14633861790651317,0.06,-0.07751715270900639,-0.06882146519750679,backward_secant,0.08,0.12,399.99999999999994,-0.00955528989705333,-0.9555289897053331,,0.00955528989705333,-0.06529575059371973
0.0025,0.25,lsmc,insurer_net_present_value_before_risk_margin_aud,lsmc_insurer_net_present_value_before_risk_margin_aud,AUD,lower_is_adverse,-2225.2465237296674,0.06,-24811.801088627144,22586.554564897477,forward_secant,0.0025,0.005,25.0,-4197.7237052854325,,-1.3114549336040622,4197.7237052854325,-1.8864083869007722
0.005,0.5,lsmc,insurer_net_present_value_before_risk_margin_aud,lsmc_insurer_net_present_value_before_risk_margin_aud,AUD,lower_is_adverse,-3274.6774500510255,0.06,-24811.801088627144,21537.12363857612,bracketing_secant,0.0025,0.01,75.0,-4122.225430887006,,-1.2878677250620276,4122.225430887006,-1.2588187672721092
0.01,1.0,lsmc,insurer_net_present_value_before_risk_margin_aud,lsmc_insurer_net_present_value_before_risk_margin_aud,AUD,lower_is_adverse,-5316.915596894922,0.06,-24811.801088627144,19494.885491732224,bracketing_secant,0.005,0.02,150.0,-4091.6649308665096,,-1.2783199984036906,4091.6649308665096,-0.7695561188249898
0.02,2.0,lsmc,insurer_net_present_value_before_risk_margin_aud,lsmc_insurer_net_present_value_before_risk_margin_aud,AUD,lower_is_adverse,-9412.17484635079,0.06,-24811.801088627144,15399.626242276354,bracketing_secant,0.01,0.04,300.0,-1968.497357715187,,-0.6149989262779746,1968.497357715187,-0.2091437303120645
0.04,4.0,lsmc,insurer_net_present_value_before_risk_margin_aud,lsmc_insurer_net_present_value_before_risk_margin_aud,AUD,lower_is_adverse,-11222.407670040482,0.06,-24811.801088627144,13589.393418586662,bracketing_secant,0.02,0.06,399.99999999999994,-3849.906560569089,,-1.2027897277792994,3849.906560569089,-0.34305531163752506
0.06,6.0,lsmc,insurer_net_present_value_before_risk_margin_aud,lsmc_insurer_net_present_value_before_risk_margin_aud,AUD,lower_is_adverse,-24811.801088627144,0.06,-24811.801088627144,0.0,bracketing_secant,0.04,0.08,400.0,-5845.995749111582,,-1.826408907605662,5845.995749111582,-0.23561351827019042
0.08,8.0,lsmc,insurer_net_present_value_before_risk_margin_aud,lsmc_insurer_net_present_value_before_risk_margin_aud,AUD,lower_is_adverse,-34606.39066648681,0.06,-24811.801088627144,-9794.589577859668,bracketing_secant,0.06,0.12,600.0,-3671.412165852201,,-1.1470244199584465,3671.412165852201,-0.10609058313057866
0.12,12.0,lsmc,insurer_net_present_value_before_risk_margin_aud,lsmc_insurer_net_present_value_before_risk_margin_aud,AUD,lower_is_adverse,-46840.27408374035,0.06,-24811.801088627144,-22028.472995113203,backward_secant,0.08,0.12,399.99999999999994,-3058.4708543133843,,-0.9555289897053335,3058.4708543133843,-0.06529575059371974
0.0025,0.25,lsmc,new_business_margin_before_risk_margin,lsmc_new_business_margin_before_risk_margin,ratio,lower_is_adverse,-0.00695212628776892,0.06,-0.0775171527090064,0.07056502642123748,forward_secant,0.0025,0.005,25.0,-0.013114549336040617,-1.3114549336040617,,0.013114549336040617,-1.8864083869007715
0.005,0.5,lsmc,new_business_margin_before_risk_margin,lsmc_new_business_margin_before_risk_margin,ratio,lower_is_adverse,-0.010230763621779075,0.06,-0.0775171527090064,0.06728638908722732,bracketing_secant,0.0025,0.01,75.0,-0.012878677250620276,-1.2878677250620276,,0.012878677250620276,-1.2588187672721094
0.01,1.0,lsmc,new_business_margin_before_risk_margin,lsmc_new_business_margin_before_risk_margin,ratio,lower_is_adverse,-0.016611134225734125,0.06,-0.0775171527090064,0.060906018483272276,bracketing_secant,0.005,0.02,150.0,-0.012783199984036908,-1.2783199984036908,,0.012783199984036908,-0.76955611882499
0.02,2.0,lsmc,new_business_margin_before_risk_margin,lsmc_new_business_margin_before_risk_margin,ratio,lower_is_adverse,-0.029405563597834434,0.06,-0.0775171527090064,0.04811158911117197,bracketing_secant,0.01,0.04,300.0,-0.006149989262779747,-0.6149989262779747,,0.006149989262779747,-0.20914373031206454
0.04,4.0,lsmc,new_business_margin_before_risk_margin,lsmc_new_business_margin_before_risk_margin,ratio,lower_is_adverse,-0.035061102014073364,0.06,-0.0775171527090064,0.04245605069493304,bracketing_secant,0.02,0.06,399.99999999999994,-0.012027897277792994,-1.2027897277792994,,0.012027897277792994,-0.343055311637525
0.06,6.0,lsmc,new_business_margin_before_risk_margin,lsmc_new_business_margin_before_risk_margin,ratio,lower_is_adverse,-0.0775171527090064,0.06,-0.0775171527090064,0.0,bracketing_secant,0.04,0.08,400.0,-0.018264089076056624,-1.8264089076056624,,0.018264089076056624,-0.23561351827019045
0.08,8.0,lsmc,new_business_margin_before_risk_margin,lsmc_new_business_margin_before_risk_margin,ratio,lower_is_adverse,-0.10811745831829986,0.06,-0.0775171527090064,-0.030600305609293457,bracketing_secant,0.06,0.12,600.0,-0.011470244199584468,-1.1470244199584467,,0.011470244199584468,-0.10609058313057869
0.12,12.0,lsmc,new_business_margin_before_risk_margin,lsmc_new_business_margin_before_risk_margin,ratio,lower_is_adverse,-0.1463386179065132,0.06,-0.0775171527090064,-0.0688214651975068,backward_secant,0.08,0.12,399.99999999999994,-0.009555289897053338,-0.9555289897053337,,0.009555289897053338,-0.06529575059371975
0.0025,0.25,lsmc,guarantee_claims_to_premium,lsmc_guarantee_claims_to_premium,ratio,higher_is_adverse,0.30157804404578703,0.06,0.18727059624603354,0.11430744779975349,forward_secant,0.0025,0.005,25.0,-0.019006462849734618,-1.9006462849734618,,-0.019006462849734618,-0.0630233640180018
0.005,0.5,lsmc,guarantee_claims_to_premium,lsmc_guarantee_claims_to_premium,ratio,higher_is_adverse,0.2968264283333534,0.06,0.18727059624603354,0.10955583208731984,bracketing_secant,0.0025,0.01,75.0,-0.019535098512600456,-1.9535098512600455,,-0.019535098512600456,-0.06581320478195897
0.01,1.0,lsmc,guarantee_claims_to_premium,lsmc_guarantee_claims_to_premium,ratio,higher_is_adverse,0.2869267201613367,0.06,0.18727059624603354,0.09965612391530315,bracketing_secant,0.005,0.02,150.0,-0.020025452799452337,-2.0025452799452337,,-0.020025452799452337,-0.06979291711901972
0.02,2.0,lsmc,guarantee_claims_to_premium,lsmc_guarantee_claims_to_premium,ratio,higher_is_adverse,0.26678824913417487,0.06,0.18727059624603354,0.07951765288814133,bracketing_secant,0.01,0.04,300.0,-0.016679609891834417,-1.6679609891834417,,-0.016679609891834417,-0.06252003207024984
0.04,4.0,lsmc,guarantee_claims_to_premium,lsmc_guarantee_claims_to_premium,ratio,higher_is_adverse,0.23688789048583345,0.06,0.18727059624603354,0.04961729423979991,bracketing_secant,0.02,0.06,399.99999999999994,-0.019879413222035337,-1.9879413222035336,,-0.019879413222035337,-0.08391907742208621
0.06,6.0,lsmc,guarantee_claims_to_premium,lsmc_guarantee_claims_to_premium,ratio,higher_is_adverse,0.18727059624603354,0.06,0.18727059624603354,0.0,bracketing_secant,0.04,0.08,400.0,-0.012097911228178418,-1.2097911228178417,,-0.012097911228178418,-0.0646012319642767
0.08,8.0,lsmc,guarantee_claims_to_premium,lsmc_guarantee_claims_to_premium,ratio,higher_is_adverse,0.18849624557311978,0.06,0.18727059624603354,0.0012256493270862423,bracketing_secant,0.06,0.12,600.0,-0.00460376613613348,-0.460376613613348,,-0.00460376613613348,-0.024423648981102004
0.12,12.0,lsmc,guarantee_claims_to_premium,lsmc_guarantee_claims_to_premium,ratio,higher_is_adverse,0.15964799942923266,0.06,0.18727059624603354,-0.027622596816800876,backward_secant,0.08,0.12,399.99999999999994,-0.007212061535971781,-0.7212061535971781,,-0.007212061535971781,-0.04517476925333273
0.0025,0.25,lsmc,guarantee_value_to_premium,lsmc_guarantee_value_to_premium,ratio,higher_is_adverse,0.23543584431926914,0.06,0.09947167530072583,0.1359641690185433,forward_secant,0.0025,0.005,25.0,-0.02240450340167177,-2.240450340167177,,-0.02240450340167177,-0.09516181984290183
0.005,0.5,lsmc,guarantee_value_to_premium,lsmc_guarantee_value_to_premium,ratio,higher_is_adverse,0.2298347184688512,0.06,0.09947167530072583,0.13036304316812536,bracketing_secant,0.0025,0.01,75.0,-0.022933524269743197,-2.2933524269743195,,-0.022933524269743197,-0.09978268045195839
0.01,1.0,lsmc,guarantee_value_to_premium,lsmc_guarantee_value_to_premium,ratio,higher_is_adverse,0.21823570111696175,0.06,0.09947167530072583,0.11876402581623592,bracketing_secant,0.005,0.02,150.0,-0.023625935830108635,-2.3625935830108635,,-0.023625935830108635,-0.10825880325349012
0.02,2.0,lsmc,guarantee_value_to_premium,lsmc_guarantee_value_to_premium,ratio,higher_is_adverse,0.19439581472368825,0.06,0.09947167530072583,0.09492413942296242,bracketing_secant,0.01,0.04,300.0,-0.024084445475408597,-2.4084445475408596,,-0.024084445475408597,-0.12389384776437663
0.04,4.0,lsmc,guarantee_value_to_premium,lsmc_guarantee_value_to_premium,ratio,higher_is_adverse,0.14598236469073597,0.06,0.09947167530072583,0.04651068939001014,bracketing_secant,0.02,0.06,399.99999999999994,-0.02373103485574061,-2.373103485574061,,-0.02373103485574061,-0.16256097033374456
0.06,6.0,lsmc,guarantee_value_to_premium,lsmc_guarantee_value_to_premium,ratio,higher_is_adverse,0.09947167530072583,0.06,0.09947167530072583,0.0,bracketing_secant,0.04,0.08,400.0,-0.017128000812891682,-1.7128000812891682,,-0.017128000812891682,-0.17218972899682028
0.08,8.0,lsmc,guarantee_value_to_premium,lsmc_guarantee_value_to_premium,ratio,higher_is_adverse,0.07747036143916924,0.06,0.09947167530072583,-0.022001313861556585,bracketing_secant,0.06,0.12,600.0,-0.009759893872322472,-0.9759893872322472,,-0.009759893872322472,-0.12598229427374066
0.12,12.0,lsmc,guarantee_value_to_premium,lsmc_guarantee_value_to_premium,ratio,higher_is_adverse,0.040912312066791,0.06,0.09947167530072583,-0.058559363233934826,backward_secant,0.08,0.12,399.99999999999994,-0.009139512343094562,-0.9139512343094562,,-0.009139512343094562,-0.22339271190965543
0.0025,0.25,lsmc,bel_total_to_premium,lsmc_bel_total_to_premium,ratio,higher_is_adverse,1.006952126287769,0.06,1.0775171527090064,-0.07056502642123741,forward_secant,0.0025,0.005,25.0,0.013114549336040504,1.3114549336040504,,0.013114549336040504,0.013024004809830054
0.005,0.5,lsmc,bel_total_to_premium,lsmc_bel_total_to_premium,ratio,higher_is_adverse,1.010230763621779,0.06,1.0775171527090064,-0.06728638908722728,bracketing_secant,0.0025,0.01,75.0,0.01287867725062005,1.287867725062005,,0.01287867725062005,0.012748252888724844
0.01,1.0,lsmc,bel_total_to_premium,lsmc_bel_total_to_premium,ratio,higher_is_adverse,1.016611134225734,0.06,1.0775171527090064,-0.06090601848327237,bracketing_secant,0.005,0.02,150.0,0.012783199984036951,1.278319998403695,,0.012783199984036951,0.012574326164323218
0.02,2.0,lsmc,bel_total_to_premium,lsmc_bel_total_to_premium,ratio,higher_is_adverse,1.0294055635978345,0.06,1.0775171527090064,-0.04811158911117186,bracketing_secant,0.01,0.04,300.0,0.006149989262779728,0.6149989262779728,,0.006149989262779728,0.005974311272697172
0.04,4.0,lsmc,bel_total_to_premium,lsmc_bel_total_to_premium,ratio,higher_is_adverse,1.0350611020140732,0.06,1.0775171527090064,-0.04245605069493319,bracketing_secant,0.02,0.06,399.99999999999994,0.012027897277792967,1.2027897277792967,,0.012027897277792967,0.01162047076678709
0.06,6.0,lsmc,bel_total_to_premium,lsmc_bel_total_to_premium,ratio,higher_is_adverse,1.0775171527090064,0.06,1.0775171527090064,0.0,bracketing_secant,0.04,0.08,400.0,0.018264089076056644,1.8264089076056644,,0.018264089076056644,0.016950160867637745
0.08,8.0,lsmc,bel_total_to_premium,lsmc_bel_total_to_premium,ratio,higher_is_adverse,1.1081174583182998,0.06,1.0775171527090064,0.030600305609293388,bracketing_secant,0.06,0.12,600.0,0.011470244199584461,1.147024419958446,,0.011470244199584461,0.010351108642392408
0.12,12.0,lsmc,bel_total_to_premium,lsmc_bel_total_to_premium,ratio,higher_is_adverse,1.1463386179065131,0.06,1.0775171527090064,0.06882146519750676,backward_secant,0.08,0.12,399.99999999999994,0.009555289897053345,0.9555289897053345,,0.009555289897053345,0.008335486345652017
0.0025,0.25,lsmc,expenses_to_premium,lsmc_expenses_to_premium,ratio,higher_is_adverse,0.02762961968838991,0.06,0.028708387341576762,-0.0010787676531868531,forward_secant,0.0025,0.005,25.0,0.00017251162555566302,0.017251162555566302,,0.00017251162555566302,0.0062437205977233625
0.005,0.5,lsmc,expenses_to_premium,lsmc_expenses_to_premium,ratio,higher_is_adverse,0.027672747594778824,0.06,0.028708387341576762,-0.0010356397467979374,bracketing_secant,0.0025,0.01,75.0,0.00017504521826889702,0.0175045218268897,,0.00017504521826889702,0.006325545292145974
0.01,1.0,lsmc,expenses_to_premium,lsmc_expenses_to_premium,ratio,higher_is_adverse,0.02776090360209158,0.06,0.028708387341576762,-0.0009474837394851804,bracketing_secant,0.005,0.02,150.0,0.00018090912533393993,0.018090912533393993,,0.00018090912533393993,0.006516687206114925
0.02,2.0,lsmc,expenses_to_premium,lsmc_expenses_to_premium,ratio,higher_is_adverse,0.027944111282779734,0.06,0.028708387341576762,-0.0007642760587970275,bracketing_secant,0.01,0.04,300.0,0.00034955252119367225,0.034955252119367224,,0.00034955252119367225,0.012508986872274601
0.04,4.0,lsmc,expenses_to_premium,lsmc_expenses_to_premium,ratio,higher_is_adverse,0.028809561165672598,0.06,0.028708387341576762,0.00010117382409583625,bracketing_secant,0.02,0.06,399.99999999999994,0.0001910690146992569,0.01910690146992569,,0.0001910690146992569,0.006632139018032701
0.06,6.0,lsmc,expenses_to_premium,lsmc_expenses_to_premium,ratio,higher_is_adverse,0.028708387341576762,0.06,0.028708387341576762,0.0,bracketing_secant,0.04,0.08,400.0,0.00024495522688283786,0.024495522688283786,,0.00024495522688283786,0.008532531763917049
0.08,8.0,lsmc,expenses_to_premium,lsmc_expenses_to_premium,ratio,higher_is_adverse,0.02978938207320395,0.06,0.028708387341576762,0.0010809947316271877,bracketing_secant,0.06,0.12,600.0,0.0002446998393829374,0.024469983938293742,,0.0002446998393829374,0.00821433082370141
0.12,12.0,lsmc,expenses_to_premium,lsmc_expenses_to_premium,ratio,higher_is_adverse,0.030176586377874386,0.06,0.028708387341576762,0.0014681990362976245,backward_secant,0.08,0.12,399.99999999999994,9.680107616760922e-05,0.009680107616760922,,9.680107616760922e-05,0.003207820624753773
0.0025,0.25,lsmc,hedge_costs_to_premium,lsmc_hedge_costs_to_premium,ratio,higher_is_adverse,0.03167139608590715,0.06,0.34304456331025895,-0.3113731672243518,forward_secant,0.0025,0.005,25.0,0.05177046759519116,5.177046759519116,,0.05177046759519116,1.6346127418812308
0.005,0.5,lsmc,hedge_costs_to_premium,lsmc_hedge_costs_to_premium,ratio,higher_is_adverse,0.04461401298470494,0.06,0.34304456331025895,-0.298430550325554,bracketing_secant,0.0025,0.01,75.0,0.052333056172600444,5.2333056172600445,,0.052333056172600444,1.1730183561506076
0.01,1.0,lsmc,hedge_costs_to_premium,lsmc_hedge_costs_to_premium,ratio,higher_is_adverse,0.07092118821535748,0.06,0.34304456331025895,-0.2721233750949015,bracketing_secant,0.005,0.02,150.0,0.05362096183273865,5.362096183273865,,0.05362096183273865,0.7560640646616721
0.02,2.0,lsmc,hedge_costs_to_premium,lsmc_hedge_costs_to_premium,ratio,higher_is_adverse,0.1250454557338129,0.06,0.34304456331025895,-0.21799910757644606,bracketing_secant,0.01,0.04,300.0,0.06515493089680004,6.515493089680004,,0.06515493089680004,0.5210499695046641
0.04,4.0,lsmc,hedge_costs_to_premium,lsmc_hedge_costs_to_premium,ratio,higher_is_adverse,0.2663859809057576,0.06,0.34304456331025895,-0.07665858240450135,bracketing_secant,0.02,0.06,399.99999999999994,0.05449977689411152,5.449977689411152,,0.05449977689411152,0.20458950845987847
0.06,6.0,lsmc,hedge_costs_to_premium,lsmc_hedge_costs_to_premium,ratio,higher_is_adverse,0.34304456331025895,0.06,0.34304456331025895,0.0,bracketing_secant,0.04,0.08,400.0,0.059998991160341686,5.999899116034168,,0.059998991160341686,0.17490144890031953
0.08,8.0,lsmc,hedge_costs_to_premium,lsmc_hedge_costs_to_premium,ratio,higher_is_adverse,0.5063819455471243,0.06,0.34304456331025895,0.1633373822368654,bracketing_secant,0.06,0.12,600.0,0.046244585803642116,4.6244585803642115,,0.046244585803642116,0.091323528041026
0.12,12.0,lsmc,hedge_costs_to_premium,lsmc_hedge_costs_to_premium,ratio,higher_is_adverse,0.6205120781321116,0.06,0.34304456331025895,0.27746751482185267,backward_secant,0.08,0.12,399.99999999999994,0.028532533146246822,2.8532533146246823,,0.028532533146246822,0.045982236529765075
0.0025,0.25,lsmc,money_market_income_to_premium,lsmc_money_market_income_to_premium,ratio,lower_is_adverse,0.27053024692061867,0.06,0.3708034069099966,-0.10027315998937791,forward_secant,0.0025,0.005,25.0,0.015537481121659535,1.5537481121659535,,-0.015537481121659535,0.05743343414837705
0.005,0.5,lsmc,money_market_income_to_premium,lsmc_money_market_income_to_premium,ratio,lower_is_adverse,0.27441461720103355,0.06,0.3708034069099966,-0.09638878970896303,bracketing_secant,0.0025,0.01,75.0,0.015809354020816478,1.5809354020816477,,-0.015809354020816478,0.057611194994159856
0.01,1.0,lsmc,money_market_income_to_premium,lsmc_money_market_income_to_premium,ratio,lower_is_adverse,0.282387262436231,0.06,0.3708034069099966,-0.08841614447376556,bracketing_secant,0.005,0.02,150.0,0.016453478701147144,1.6453478701147144,,-0.016453478701147144,0.05826565461628314
0.02,2.0,lsmc,money_market_income_to_premium,lsmc_money_market_income_to_premium,ratio,lower_is_adverse,0.29909483525275427,0.06,0.3708034069099966,-0.07170857165724231,bracketing_secant,0.01,0.04,300.0,0.03333835244061214,3.333835244061214,,-0.03333835244061214,0.11146415287458608
0.04,4.0,lsmc,money_market_income_to_premium,lsmc_money_market_income_to_premium,ratio,lower_is_adverse,0.38240231975806743,0.06,0.3708034069099966,0.011598912848070853,bracketing_secant,0.02,0.06,399.99999999999994,0.017927142914310582,1.7927142914310583,,-0.017927142914310582,0.046880319464726206
0.06,6.0,lsmc,money_market_income_to_premium,lsmc_money_market_income_to_premium,ratio,lower_is_adverse,0.3708034069099966,0.06,0.3708034069099966,0.0,bracketing_secant,0.04,0.08,400.0,0.023539659215307512,2.3539659215307513,,-0.023539659215307512,0.06348285581157345
0.08,8.0,lsmc,money_market_income_to_premium,lsmc_money_market_income_to_premium,ratio,lower_is_adverse,0.4765609566192975,0.06,0.3708034069099966,0.1057575497093009,bracketing_secant,0.06,0.12,600.0,0.023914070770373167,2.3914070770373166,,-0.023914070770373167,0.05018050773613209
0.12,12.0,lsmc,money_market_income_to_premium,lsmc_money_market_income_to_premium,ratio,lower_is_adverse,0.5142878315322356,0.06,0.3708034069099966,0.14348442462223898,backward_secant,0.08,0.12,399.99999999999994,0.009431718728234522,0.9431718728234522,,-0.009431718728234522,0.018339377581877207
0.0025,0.25,lsmc,hedge_gain_to_premium,lsmc_hedge_gain_to_premium,ratio,lower_is_adverse,0.0,0.06,0.0,0.0,forward_secant,0.0025,0.005,25.0,0.0,0.0,,-0.0,
0.005,0.5,lsmc,hedge_gain_to_premium,lsmc_hedge_gain_to_premium,ratio,lower_is_adverse,0.0,0.06,0.0,0.0,bracketing_secant,0.0025,0.01,75.0,0.0,0.0,,-0.0,
0.01,1.0,lsmc,hedge_gain_to_premium,lsmc_hedge_gain_to_premium,ratio,lower_is_adverse,0.0,0.06,0.0,0.0,bracketing_secant,0.005,0.02,150.0,0.0,0.0,,-0.0,
0.02,2.0,lsmc,hedge_gain_to_premium,lsmc_hedge_gain_to_premium,ratio,lower_is_adverse,0.0,0.06,0.0,0.0,bracketing_secant,0.01,0.04,300.0,0.0,0.0,,-0.0,
0.04,4.0,lsmc,hedge_gain_to_premium,lsmc_hedge_gain_to_premium,ratio,lower_is_adverse,0.0,0.06,0.0,0.0,bracketing_secant,0.02,0.06,399.99999999999994,0.0,0.0,,-0.0,
0.06,6.0,lsmc,hedge_gain_to_premium,lsmc_hedge_gain_to_premium,ratio,lower_is_adverse,0.0,0.06,0.0,0.0,bracketing_secant,0.04,0.08,400.0,0.0,0.0,,-0.0,
0.08,8.0,lsmc,hedge_gain_to_premium,lsmc_hedge_gain_to_premium,ratio,lower_is_adverse,0.0,0.06,0.0,0.0,bracketing_secant,0.06,0.12,600.0,0.0,0.0,,-0.0,
0.12,12.0,lsmc,hedge_gain_to_premium,lsmc_hedge_gain_to_premium,ratio,lower_is_adverse,0.0,0.06,0.0,0.0,backward_secant,0.08,0.12,399.99999999999994,0.0,0.0,,-0.0,
0.0025,0.25,lsmc,claims_to_future_fees,lsmc_claims_to_future_fees,ratio,higher_is_adverse,3.6161873606557684,0.06,1.691648986619392,1.9245383740363764,forward_secant,0.0025,0.005,25.0,-0.4084392318975709,-40.84392318975709,,-0.4084392318975709,-0.11294747510635166
0.005,0.5,lsmc,claims_to_future_fees,lsmc_claims_to_future_fees,ratio,higher_is_adverse,3.5140775526813757,0.06,1.691648986619392,1.8224285660619837,bracketing_secant,0.0025,0.01,75.0,-0.404458962006529,-40.445896200652896,,-0.404458962006529,-0.11509676606252224
0.01,1.0,lsmc,claims_to_future_fees,lsmc_claims_to_future_fees,ratio,higher_is_adverse,3.3128431391508717,0.06,1.691648986619392,1.6211941525314797,bracketing_secant,0.005,0.02,150.0,-0.39416594424178114,-39.416594424178115,,-0.39416594424178114,-0.11898116744000485
0.02,2.0,lsmc,claims_to_future_fees,lsmc_claims_to_future_fees,ratio,higher_is_adverse,2.922828636318704,0.06,1.691648986619392,1.231179649699312,bracketing_secant,0.01,0.04,300.0,-0.41537315306667943,-41.53731530666794,,-0.41537315306667943,-0.14211341298128274
0.04,4.0,lsmc,claims_to_future_fees,lsmc_claims_to_future_fees,ratio,higher_is_adverse,2.0667236799508335,0.06,1.691648986619392,0.3750746933314415,bracketing_secant,0.02,0.06,399.99999999999994,-0.30779491242482804,-30.779491242482806,,-0.30779491242482804,-0.14892891362823615
0.06,6.0,lsmc,claims_to_future_fees,lsmc_claims_to_future_fees,ratio,higher_is_adverse,1.691648986619392,0.06,1.691648986619392,0.0,bracketing_secant,0.04,0.08,400.0,-0.18005441276095707,-18.005441276095706,,-0.18005441276095707,-0.10643721846857816
0.08,8.0,lsmc,claims_to_future_fees,lsmc_claims_to_future_fees,ratio,higher_is_adverse,1.3465060289070052,0.06,1.691648986619392,-0.3451429577123868,bracketing_secant,0.06,0.12,600.0,-0.1042114745136125,-10.42114745136125,,-0.1042114745136125,-0.07739399028031366
0.12,12.0,lsmc,claims_to_future_fees,lsmc_claims_to_future_fees,ratio,higher_is_adverse,1.066380139537717,0.06,1.691648986619392,-0.625268847081675,backward_secant,0.08,0.12,399.99999999999994,-0.07003147234232206,-7.003147234232205,,-0.07003147234232206,-0.06567214611918895
0.0025,0.25,lsmc,fee_coverage_ratio,lsmc_fee_coverage_ratio,ratio,lower_is_adverse,0.23109317191547174,0.06,0.1980292026931222,0.033063969222349526,forward_secant,0.0025,0.005,25.0,-0.009013273506996544,-0.9013273506996544,,0.009013273506996544,-0.03900276859020906
0.005,0.5,lsmc,fee_coverage_ratio,lsmc_fee_coverage_ratio,ratio,lower_is_adverse,0.2288398535387226,0.06,0.1980292026931222,0.03081065084560039,bracketing_secant,0.0025,0.01,75.0,-0.00864830914722059,-0.864830914722059,,0.00864830914722059,-0.037791971168855805
0.01,1.0,lsmc,fee_coverage_ratio,lsmc_fee_coverage_ratio,ratio,lower_is_adverse,0.2246069400550563,0.06,0.1980292026931222,0.026577737361934084,bracketing_secant,0.005,0.02,150.0,-0.007598427044795316,-0.7598427044795316,,0.007598427044795316,-0.033829885411967985
0.02,2.0,lsmc,fee_coverage_ratio,lsmc_fee_coverage_ratio,ratio,lower_is_adverse,0.21744221297152963,0.06,0.1980292026931222,0.019413010278407417,bracketing_secant,0.01,0.04,300.0,-0.003063191820660431,-0.3063191820660431,,0.003063191820660431,-0.01408738339625666
0.04,4.0,lsmc,fee_coverage_ratio,lsmc_fee_coverage_ratio,ratio,lower_is_adverse,0.215417364593075,0.06,0.1980292026931222,0.017388161899952792,bracketing_secant,0.02,0.06,399.99999999999994,-0.004853252569601855,-0.4853252569601855,,0.004853252569601855,-0.02252953274574538
0.06,6.0,lsmc,fee_coverage_ratio,lsmc_fee_coverage_ratio,ratio,lower_is_adverse,0.1980292026931222,0.06,0.1980292026931222,0.0,bracketing_secant,0.04,0.08,400.0,-0.005560073737161296,-0.5560073737161296,,0.005560073737161296,-0.028077039454516794
0.08,8.0,lsmc,fee_coverage_ratio,lsmc_fee_coverage_ratio,ratio,lower_is_adverse,0.19317706964442982,0.06,0.1980292026931222,-0.004852133048692392,bracketing_secant,0.06,0.12,600.0,-0.0022130943535062972,-0.22130943535062972,,0.0022130943535062972,-0.011456299433363471
0.12,12.0,lsmc,fee_coverage_ratio,lsmc_fee_coverage_ratio,ratio,lower_is_adverse,0.18475063657208443,0.06,0.1980292026931222,-0.013278566121037783,backward_secant,0.08,0.12,399.99999999999994,-0.002106608268086348,-0.21066082680863482,,0.002106608268086348,-0.011402441188690625
0.0025,0.25,lsmc,income_start_year_mean,lsmc_income_start_year_mean,years,diagnostic,1.0,0.06,1.0171136711283157,-0.017113671128315744,forward_secant,0.0025,0.005,25.0,0.0,,,,0.0
0.005,0.5,lsmc,income_start_year_mean,lsmc_income_start_year_mean,years,diagnostic,1.0,0.06,1.0171136711283157,-0.017113671128315744,bracketing_secant,0.0025,0.01,75.0,0.0,,,,0.0
0.01,1.0,lsmc,income_start_year_mean,lsmc_income_start_year_mean,years,diagnostic,1.0,0.06,1.0171136711283157,-0.017113671128315744,bracketing_secant,0.005,0.02,150.0,0.0,,,,0.0
0.02,2.0,lsmc,income_start_year_mean,lsmc_income_start_year_mean,years,diagnostic,1.0,0.06,1.0171136711283157,-0.017113671128315744,bracketing_secant,0.01,0.04,300.0,0.6606330339567374,,,,0.6606330339567374
0.04,4.0,lsmc,income_start_year_mean,lsmc_income_start_year_mean,years,diagnostic,2.981899101870212,0.06,1.0171136711283157,1.9647854307418964,bracketing_secant,0.02,0.06,399.99999999999994,0.004278417782078937,,,,0.0014347962945478483
0.06,6.0,lsmc,income_start_year_mean,lsmc_income_start_year_mean,years,diagnostic,1.0171136711283157,0.06,1.0171136711283157,0.0,bracketing_secant,0.04,0.08,400.0,0.25455005638496275,,,,0.25026706808746607
0.08,8.0,lsmc,income_start_year_mean,lsmc_income_start_year_mean,years,diagnostic,4.000099327410063,0.06,1.0171136711283157,2.9829856562817474,bracketing_secant,0.06,0.12,600.0,0.49958148203979974,,,,0.12489226920354071
0.12,12.0,lsmc,income_start_year_mean,lsmc_income_start_year_mean,years,diagnostic,4.014602563367114,0.06,1.0171136711283157,2.997488892238798,backward_secant,0.08,0.12,399.99999999999994,0.0036258089892626803,,,,0.0009031551522304749
0.0025,0.25,lsmc,income_start_year_median,lsmc_income_start_year_median,years,diagnostic,1.0,0.06,1.0,0.0,forward_secant,0.0025,0.005,25.0,0.0,,,,0.0
0.005,0.5,lsmc,income_start_year_median,lsmc_income_start_year_median,years,diagnostic,1.0,0.06,1.0,0.0,bracketing_secant,0.0025,0.01,75.0,0.0,,,,0.0
0.01,1.0,lsmc,income_start_year_median,lsmc_income_start_year_median,years,diagnostic,1.0,0.06,1.0,0.0,bracketing_secant,0.005,0.02,150.0,0.0,,,,0.0
0.02,2.0,lsmc,income_start_year_median,lsmc_income_start_year_median,years,diagnostic,1.0,0.06,1.0,0.0,bracketing_secant,0.01,0.04,300.0,0.6666666666666667,,,,0.6666666666666667
0.04,4.0,lsmc,income_start_year_median,lsmc_income_start_year_median,years,diagnostic,3.0,0.06,1.0,2.0,bracketing_secant,0.02,0.06,399.99999999999994,0.0,,,,0.0
0.06,6.0,lsmc,income_start_year_median,lsmc_income_start_year_median,years,diagnostic,1.0,0.06,1.0,0.0,bracketing_secant,0.04,0.08,400.0,0.25,,,,0.25
0.08,8.0,lsmc,income_start_year_median,lsmc_income_start_year_median,years,diagnostic,4.0,0.06,1.0,3.0,bracketing_secant,0.06,0.12,600.0,0.5,,,,0.125
0.12,12.0,lsmc,income_start_year_median,lsmc_income_start_year_median,years,diagnostic,4.0,0.06,1.0,3.0,backward_secant,0.08,0.12,399.99999999999994,0.0,,,,0.0
0.0025,0.25,lsmc,income_start_year_p10,lsmc_income_start_year_p10,years,diagnostic,1.0,0.06,1.0,0.0,forward_secant,0.0025,0.005,25.0,0.0,,,,0.0
0.005,0.5,lsmc,income_start_year_p10,lsmc_income_start_year_p10,years,diagnostic,1.0,0.06,1.0,0.0,bracketing_secant,0.0025,0.01,75.0,0.0,,,,0.0
0.01,1.0,lsmc,income_start_year_p10,lsmc_income_start_year_p10,years,diagnostic,1.0,0.06,1.0,0.0,bracketing_secant,0.005,0.02,150.0,0.0,,,,0.0
0.02,2.0,lsmc,income_start_year_p10,lsmc_income_start_year_p10,years,diagnostic,1.0,0.06,1.0,0.0,bracketing_secant,0.01,0.04,300.0,0.6666666666666667,,,,0.6666666666666667
0.04,4.0,lsmc,income_start_year_p10,lsmc_income_start_year_p10,years,diagnostic,3.0,0.06,1.0,2.0,bracketing_secant,0.02,0.06,399.99999999999994,0.0,,,,0.0
0.06,6.0,lsmc,income_start_year_p10,lsmc_income_start_year_p10,years,diagnostic,1.0,0.06,1.0,0.0,bracketing_secant,0.04,0.08,400.0,0.25,,,,0.25
0.08,8.0,lsmc,income_start_year_p10,lsmc_income_start_year_p10,years,diagnostic,4.0,0.06,1.0,3.0,bracketing_secant,0.06,0.12,600.0,0.5,,,,0.125
0.12,12.0,lsmc,income_start_year_p10,lsmc_income_start_year_p10,years,diagnostic,4.0,0.06,1.0,3.0,backward_secant,0.08,0.12,399.99999999999994,0.0,,,,0.0
0.0025,0.25,lsmc,income_start_year_p90,lsmc_income_start_year_p90,years,diagnostic,1.0,0.06,1.0,0.0,forward_secant,0.0025,0.005,25.0,0.0,,,,0.0
0.005,0.5,lsmc,income_start_year_p90,lsmc_income_start_year_p90,years,diagnostic,1.0,0.06,1.0,0.0,bracketing_secant,0.0025,0.01,75.0,0.0,,,,0.0
0.01,1.0,lsmc,income_start_year_p90,lsmc_income_start_year_p90,years,diagnostic,1.0,0.06,1.0,0.0,bracketing_secant,0.005,0.02,150.0,0.0,,,,0.0
0.02,2.0,lsmc,income_start_year_p90,lsmc_income_start_year_p90,years,diagnostic,1.0,0.06,1.0,0.0,bracketing_secant,0.01,0.04,300.0,0.6666666666666667,,,,0.6666666666666667
0.04,4.0,lsmc,income_start_year_p90,lsmc_income_start_year_p90,years,diagnostic,3.0,0.06,1.0,2.0,bracketing_secant,0.02,0.06,399.99999999999994,0.0,,,,0.0
0.06,6.0,lsmc,income_start_year_p90,lsmc_income_start_year_p90,years,diagnostic,1.0,0.06,1.0,0.0,bracketing_secant,0.04,0.08,400.0,0.25,,,,0.25
0.08,8.0,lsmc,income_start_year_p90,lsmc_income_start_year_p90,years,diagnostic,4.0,0.06,1.0,3.0,bracketing_secant,0.06,0.12,600.0,0.5,,,,0.125
0.12,12.0,lsmc,income_start_year_p90,lsmc_income_start_year_p90,years,diagnostic,4.0,0.06,1.0,3.0,backward_secant,0.08,0.12,399.99999999999994,0.0,,,,0.0
0.0025,0.25,lsmc,income_election_share,lsmc_income_election_share,ratio,diagnostic,0.9952043165588565,0.06,0.9951107986931574,9.351786569911091e-05,forward_secant,0.0025,0.005,25.0,0.0,0.0,,,0.0
0.005,0.5,lsmc,income_election_share,lsmc_income_election_share,ratio,diagnostic,0.9952043165588565,0.06,0.9951107986931574,9.351786569911091e-05,bracketing_secant,0.0025,0.01,75.0,0.0,0.0,,,0.0
0.01,1.0,lsmc,income_election_share,lsmc_income_election_share,ratio,diagnostic,0.9952043165588565,0.06,0.9951107986931574,9.351786569911091e-05,bracketing_secant,0.005,0.02,150.0,0.0,0.0,,,0.0
0.02,2.0,lsmc,income_election_share,lsmc_income_election_share,ratio,diagnostic,0.9952043165588565,0.06,0.9951107986931574,9.351786569911091e-05,bracketing_secant,0.01,0.04,300.0,-0.003570053185079562,-0.3570053185079562,,,-0.003587256531828385
0.04,4.0,lsmc,income_election_share,lsmc_income_election_share,ratio,diagnostic,0.9844941570036179,0.06,0.9951107986931574,-0.010616641689539574,bracketing_secant,0.02,0.06,399.99999999999994,-2.3379466424777732e-05,-0.0023379466424777733,,,-2.3747694446389504e-05
0.06,6.0,lsmc,income_election_share,lsmc_income_election_share,ratio,diagnostic,0.9951107986931574,0.06,0.9951107986931574,0.0,bracketing_secant,0.04,0.08,400.0,-0.0015459497329177452,-0.15459497329177452,,,-0.0015535453287694038
0.08,8.0,lsmc,income_election_share,lsmc_income_election_share,ratio,diagnostic,0.9783103580719469,0.06,0.9951107986931574,-0.016800440621210555,bracketing_secant,0.06,0.12,600.0,-0.002816086412914402,-0.2816086412914402,,,-0.0028785204916610945
0.12,12.0,lsmc,income_election_share,lsmc_income_election_share,ratio,diagnostic,0.978214280215671,0.06,0.9951107986931574,-0.01689651847748641,backward_secant,0.08,0.12,399.99999999999994,-2.401946406896394e-05,-0.002401946406896394,,,-2.4554399332289718e-05
0.0025,0.25,lsmc,forced_income_election_share,lsmc_forced_income_election_share,ratio,diagnostic,0.0,0.06,0.0,0.0,forward_secant,0.0025,0.005,25.0,0.0,0.0,,,
0.005,0.5,lsmc,forced_income_election_share,lsmc_forced_income_election_share,ratio,diagnostic,0.0,0.06,0.0,0.0,bracketing_secant,0.0025,0.01,75.0,0.0,0.0,,,
0.01,1.0,lsmc,forced_income_election_share,lsmc_forced_income_election_share,ratio,diagnostic,0.0,0.06,0.0,0.0,bracketing_secant,0.005,0.02,150.0,0.0,0.0,,,
0.02,2.0,lsmc,forced_income_election_share,lsmc_forced_income_election_share,ratio,diagnostic,0.0,0.06,0.0,0.0,bracketing_secant,0.01,0.04,300.0,0.0,0.0,,,
0.04,4.0,lsmc,forced_income_election_share,lsmc_forced_income_election_share,ratio,diagnostic,0.0,0.06,0.0,0.0,bracketing_secant,0.02,0.06,399.99999999999994,0.0,0.0,,,
0.06,6.0,lsmc,forced_income_election_share,lsmc_forced_income_election_share,ratio,diagnostic,0.0,0.06,0.0,0.0,bracketing_secant,0.04,0.08,400.0,0.0,0.0,,,
0.08,8.0,lsmc,forced_income_election_share,lsmc_forced_income_election_share,ratio,diagnostic,0.0,0.06,0.0,0.0,bracketing_secant,0.06,0.12,600.0,0.0,0.0,,,
0.12,12.0,lsmc,forced_income_election_share,lsmc_forced_income_election_share,ratio,diagnostic,0.0,0.06,0.0,0.0,backward_secant,0.08,0.12,399.99999999999994,0.0,0.0,,,
0.0025,0.25,lsmc,mean_growth_duration,lsmc_mean_growth_duration,years,diagnostic,0.9978000706063692,0.06,1.0149292930331824,-0.01712922242681314,forward_secant,0.0025,0.005,25.0,0.0,,,,0.0
0.005,0.5,lsmc,mean_growth_duration,lsmc_mean_growth_duration,years,diagnostic,0.9978000706063692,0.06,1.0149292930331824,-0.01712922242681314,bracketing_secant,0.0025,0.01,75.0,0.0,,,,0.0
0.01,1.0,lsmc,mean_growth_duration,lsmc_mean_growth_duration,years,diagnostic,0.9978000706063692,0.06,1.0149292930331824,-0.01712922242681314,bracketing_secant,0.005,0.02,150.0,0.0,,,,0.0
0.02,2.0,lsmc,mean_growth_duration,lsmc_mean_growth_duration,years,diagnostic,0.9978000706063692,0.06,1.0149292930331824,-0.01712922242681314,bracketing_secant,0.01,0.04,300.0,0.6541610365315939,,,,0.6556033175404129
0.04,4.0,lsmc,mean_growth_duration,lsmc_mean_growth_duration,years,diagnostic,2.9602831802011504,0.06,1.0149292930331824,1.945353887167968,bracketing_secant,0.02,0.06,399.99999999999994,0.004282305606703286,,,,0.0014465864736671254
0.06,6.0,lsmc,mean_growth_duration,lsmc_mean_growth_duration,years,diagnostic,1.0149292930331824,0.06,1.0149292930331824,0.0,bracketing_secant,0.04,0.08,400.0,0.24986841340961363,,,,0.2461929270588551
0.08,8.0,lsmc,mean_growth_duration,lsmc_mean_growth_duration,years,diagnostic,3.959756833839605,0.06,1.0149292930331824,2.944827540806423,bracketing_secant,0.06,0.12,600.0,0.49317779871585105,,,,0.12454749607380255
0.12,12.0,lsmc,mean_growth_duration,lsmc_mean_growth_duration,years,diagnostic,3.9739960853282885,0.06,1.0149292930331824,2.959066792295106,backward_secant,0.08,0.12,399.99999999999994,0.003559812872170887,,,,0.0008957766428893736
0.0025,0.25,lsmc,growth_phase_exposure,lsmc_growth_phase_exposure,ratio,diagnostic,0.018826416426535268,0.06,0.019149609302512874,-0.00032319287597760635,forward_secant,0.0025,0.005,25.0,0.0,0.0,,,0.0
0.005,0.5,lsmc,growth_phase_exposure,lsmc_growth_phase_exposure,ratio,diagnostic,0.018826416426535268,0.06,0.019149609302512874,-0.00032319287597760635,bracketing_secant,0.0025,0.01,75.0,0.0,0.0,,,0.0
0.01,1.0,lsmc,growth_phase_exposure,lsmc_growth_phase_exposure,ratio,diagnostic,0.018826416426535268,0.06,0.019149609302512874,-0.00032319287597760635,bracketing_secant,0.005,0.02,150.0,0.0,0.0,,,0.0
0.02,2.0,lsmc,growth_phase_exposure,lsmc_growth_phase_exposure,ratio,diagnostic,0.018826416426535268,0.06,0.019149609302512874,-0.00032319287597760635,bracketing_secant,0.01,0.04,300.0,0.012342661066633847,1.2342661066633847,,,0.6556033175404129
0.04,4.0,lsmc,growth_phase_exposure,lsmc_growth_phase_exposure,ratio,diagnostic,0.055854399626436804,0.06,0.019149609302512874,0.03670479032392393,bracketing_secant,0.02,0.06,399.99999999999994,8.07982189944016e-05,0.00807982189944016,,,0.001446586473667125
0.06,6.0,lsmc,growth_phase_exposure,lsmc_growth_phase_exposure,ratio,diagnostic,0.019149609302512874,0.06,0.019149609302512874,0.0,bracketing_secant,0.04,0.08,400.0,0.0047144983662191255,0.47144983662191253,,,0.24619292705885512
0.08,8.0,lsmc,growth_phase_exposure,lsmc_growth_phase_exposure,ratio,diagnostic,0.0747123930913133,0.06,0.019149609302512874,0.05556278378880043,bracketing_secant,0.06,0.12,600.0,0.009305241485204738,0.9305241485204738,,,0.12454749607380257
0.12,12.0,lsmc,growth_phase_exposure,lsmc_growth_phase_exposure,ratio,diagnostic,0.07498105821374129,0.06,0.019149609302512874,0.05583144891122842,backward_secant,0.08,0.12,399.99999999999994,6.716628060699643e-05,0.006716628060699644,,,0.0008957766428893545
0.0025,0.25,lsmc,income_phase_exposure,lsmc_income_phase_exposure,ratio,diagnostic,0.5267426303318224,0.06,0.5264194374558449,0.00032319287597759594,forward_secant,0.0025,0.005,25.0,0.0,0.0,,,0.0
0.005,0.5,lsmc,income_phase_exposure,lsmc_income_phase_exposure,ratio,diagnostic,0.5267426303318224,0.06,0.5264194374558449,0.00032319287597759594,bracketing_secant,0.0025,0.01,75.0,0.0,0.0,,,0.0
0.01,1.0,lsmc,income_phase_exposure,lsmc_income_phase_exposure,ratio,diagnostic,0.5267426303318224,0.06,0.5264194374558449,0.00032319287597759594,bracketing_secant,0.005,0.02,150.0,0.0,0.0,,,0.0
0.02,2.0,lsmc,income_phase_exposure,lsmc_income_phase_exposure,ratio,diagnostic,0.5267426303318224,0.06,0.5264194374558449,0.00032319287597759594,bracketing_secant,0.01,0.04,300.0,-0.012342661066633863,-1.2342661066633862,,,-0.023432052687397984
0.04,4.0,lsmc,income_phase_exposure,lsmc_income_phase_exposure,ratio,diagnostic,0.48971464713192087,0.06,0.5264194374558449,-0.036704790323923986,bracketing_secant,0.02,0.06,399.99999999999994,-8.0798218994399e-05,-0.0080798218994399,,,-0.00016499040710259442
0.06,6.0,lsmc,income_phase_exposure,lsmc_income_phase_exposure,ratio,diagnostic,0.5264194374558449,0.06,0.5264194374558449,0.0,bracketing_secant,0.04,0.08,400.0,-0.004714498366219108,-0.4714498366219108,,,-0.008955783222982818
0.08,8.0,lsmc,income_phase_exposure,lsmc_income_phase_exposure,ratio,diagnostic,0.47085665366704443,0.06,0.5264194374558449,-0.05556278378880042,bracketing_secant,0.06,0.12,600.0,-0.009305709462403491,-0.9305709462403491,,,-0.019763359803732988
0.12,12.0,lsmc,income_phase_exposure,lsmc_income_phase_exposure,ratio,diagnostic,0.4705851806814239,0.06,0.5264194374558449,-0.05583425677442094,backward_secant,0.08,0.12,399.99999999999994,-6.786824640513113e-05,-0.006786824640513113,,,-0.0001442209597566492
0.0025,0.25,lsmc,ordinary_income_lapse_rate,lsmc_ordinary_income_lapse_rate,ratio,diagnostic,0.0,0.06,0.0,0.0,forward_secant,0.0025,0.005,25.0,0.0,0.0,,,
0.005,0.5,lsmc,ordinary_income_lapse_rate,lsmc_ordinary_income_lapse_rate,ratio,diagnostic,0.0,0.06,0.0,0.0,bracketing_secant,0.0025,0.01,75.0,0.0,0.0,,,
0.01,1.0,lsmc,ordinary_income_lapse_rate,lsmc_ordinary_income_lapse_rate,ratio,diagnostic,0.0,0.06,0.0,0.0,bracketing_secant,0.005,0.02,150.0,0.0,0.0,,,
0.02,2.0,lsmc,ordinary_income_lapse_rate,lsmc_ordinary_income_lapse_rate,ratio,diagnostic,0.0,0.06,0.0,0.0,bracketing_secant,0.01,0.04,300.0,0.0,0.0,,,
0.04,4.0,lsmc,ordinary_income_lapse_rate,lsmc_ordinary_income_lapse_rate,ratio,diagnostic,0.0,0.06,0.0,0.0,bracketing_secant,0.02,0.06,399.99999999999994,0.0,0.0,,,
0.06,6.0,lsmc,ordinary_income_lapse_rate,lsmc_ordinary_income_lapse_rate,ratio,diagnostic,0.0,0.06,0.0,0.0,bracketing_secant,0.04,0.08,400.0,0.0,0.0,,,
0.08,8.0,lsmc,ordinary_income_lapse_rate,lsmc_ordinary_income_lapse_rate,ratio,diagnostic,0.0,0.06,0.0,0.0,bracketing_secant,0.06,0.12,600.0,1.2526961770575863e-08,1.2526961770575863e-06,,,
0.12,12.0,lsmc,ordinary_income_lapse_rate,lsmc_ordinary_income_lapse_rate,ratio,diagnostic,7.516177062345517e-08,0.06,0.0,7.516177062345517e-08,backward_secant,0.08,0.12,399.99999999999994,1.8790442655863795e-08,1.8790442655863796e-06,,,0.25000000000000006
0.0025,0.25,lsmc,performance_income_lapse_rate,lsmc_performance_income_lapse_rate,ratio,diagnostic,0.0,0.06,0.0,0.0,forward_secant,0.0025,0.005,25.0,0.0,0.0,,,
0.005,0.5,lsmc,performance_income_lapse_rate,lsmc_performance_income_lapse_rate,ratio,diagnostic,0.0,0.06,0.0,0.0,bracketing_secant,0.0025,0.01,75.0,0.0,0.0,,,
0.01,1.0,lsmc,performance_income_lapse_rate,lsmc_performance_income_lapse_rate,ratio,diagnostic,0.0,0.06,0.0,0.0,bracketing_secant,0.005,0.02,150.0,0.0,0.0,,,
0.02,2.0,lsmc,performance_income_lapse_rate,lsmc_performance_income_lapse_rate,ratio,diagnostic,0.0,0.06,0.0,0.0,bracketing_secant,0.01,0.04,300.0,0.0,0.0,,,
0.04,4.0,lsmc,performance_income_lapse_rate,lsmc_performance_income_lapse_rate,ratio,diagnostic,0.0,0.06,0.0,0.0,bracketing_secant,0.02,0.06,399.99999999999994,0.0,0.0,,,
0.06,6.0,lsmc,performance_income_lapse_rate,lsmc_performance_income_lapse_rate,ratio,diagnostic,0.0,0.06,0.0,0.0,bracketing_secant,0.04,0.08,400.0,0.0,0.0,,,
0.08,8.0,lsmc,performance_income_lapse_rate,lsmc_performance_income_lapse_rate,ratio,diagnostic,0.0,0.06,0.0,0.0,bracketing_secant,0.06,0.12,600.0,0.0,0.0,,,
0.12,12.0,lsmc,performance_income_lapse_rate,lsmc_performance_income_lapse_rate,ratio,diagnostic,0.0,0.06,0.0,0.0,backward_secant,0.08,0.12,399.99999999999994,0.0,0.0,,,
0.0025,0.25,lsmc,total_income_lapse_rate,lsmc_total_income_lapse_rate,ratio,diagnostic,0.0,0.06,0.0,0.0,forward_secant,0.0025,0.005,25.0,0.0,0.0,,,
0.005,0.5,lsmc,total_income_lapse_rate,lsmc_total_income_lapse_rate,ratio,diagnostic,0.0,0.06,0.0,0.0,bracketing_secant,0.0025,0.01,75.0,0.0,0.0,,,
0.01,1.0,lsmc,total_income_lapse_rate,lsmc_total_income_lapse_rate,ratio,diagnostic,0.0,0.06,0.0,0.0,bracketing_secant,0.005,0.02,150.0,0.0,0.0,,,
0.02,2.0,lsmc,total_income_lapse_rate,lsmc_total_income_lapse_rate,ratio,diagnostic,0.0,0.06,0.0,0.0,bracketing_secant,0.01,0.04,300.0,0.0,0.0,,,
0.04,4.0,lsmc,total_income_lapse_rate,lsmc_total_income_lapse_rate,ratio,diagnostic,0.0,0.06,0.0,0.0,bracketing_secant,0.02,0.06,399.99999999999994,0.0,0.0,,,
0.06,6.0,lsmc,total_income_lapse_rate,lsmc_total_income_lapse_rate,ratio,diagnostic,0.0,0.06,0.0,0.0,bracketing_secant,0.04,0.08,400.0,0.0,0.0,,,
0.08,8.0,lsmc,total_income_lapse_rate,lsmc_total_income_lapse_rate,ratio,diagnostic,0.0,0.06,0.0,0.0,bracketing_secant,0.06,0.12,600.0,1.2526961770575863e-08,1.2526961770575863e-06,,,
0.12,12.0,lsmc,total_income_lapse_rate,lsmc_total_income_lapse_rate,ratio,diagnostic,7.516177062345517e-08,0.06,0.0,7.516177062345517e-08,backward_secant,0.08,0.12,399.99999999999994,1.8790442655863795e-08,1.8790442655863796e-06,,,0.25000000000000006
0.0025,0.25,dynamic,negative_value_contract_share,dynamic_negative_value_contract_share,ratio,higher_is_adverse,0.0,0.06,1.0,-1.0,forward_secant,0.0025,0.005,25.0,0.0,0.0,,0.0,
0.005,0.5,dynamic,negative_value_contract_share,dynamic_negative_value_contract_share,ratio,higher_is_adverse,0.0,0.06,1.0,-1.0,bracketing_secant,0.0025,0.01,75.0,0.0,0.0,,0.0,
0.01,1.0,dynamic,negative_value_contract_share,dynamic_negative_value_contract_share,ratio,higher_is_adverse,0.0,0.06,1.0,-1.0,bracketing_secant,0.005,0.02,150.0,0.0,0.0,,0.0,
0.02,2.0,dynamic,negative_value_contract_share,dynamic_negative_value_contract_share,ratio,higher_is_adverse,0.0,0.06,1.0,-1.0,bracketing_secant,0.01,0.04,300.0,0.0,0.0,,0.0,
0.04,4.0,dynamic,negative_value_contract_share,dynamic_negative_value_contract_share,ratio,higher_is_adverse,0.0,0.06,1.0,-1.0,bracketing_secant,0.02,0.06,399.99999999999994,0.25000000000000006,25.000000000000007,,0.25000000000000006,
0.06,6.0,dynamic,negative_value_contract_share,dynamic_negative_value_contract_share,ratio,higher_is_adverse,1.0,0.06,1.0,0.0,bracketing_secant,0.04,0.08,400.0,0.25,25.0,,0.25,0.25
0.08,8.0,dynamic,negative_value_contract_share,dynamic_negative_value_contract_share,ratio,higher_is_adverse,1.0,0.06,1.0,0.0,bracketing_secant,0.06,0.12,600.0,0.0,0.0,,0.0,0.0
0.12,12.0,dynamic,negative_value_contract_share,dynamic_negative_value_contract_share,ratio,higher_is_adverse,1.0,0.06,1.0,0.0,backward_secant,0.08,0.12,399.99999999999994,0.0,0.0,,0.0,0.0
0.0025,0.25,dynamic,model_point_csm_to_premium_weighted_p10,dynamic_model_point_csm_to_premium_weighted_p10,ratio,lower_is_adverse,0.1628611893959447,0.06,-0.03177442702131515,0.19463561641725985,forward_secant,0.0025,0.005,25.0,-0.03471589833523303,-3.471589833523303,,0.03471589833523303,-0.21316250031081663
0.005,0.5,dynamic,model_point_csm_to_premium_weighted_p10,dynamic_model_point_csm_to_premium_weighted_p10,ratio,lower_is_adverse,0.15418221481213645,0.06,-0.03177442702131515,0.18595664183345162,bracketing_secant,0.0025,0.01,75.0,-0.03505468934352163,-3.505468934352163,,0.03505468934352163,-0.2273588389311573
0.01,1.0,dynamic,model_point_csm_to_premium_weighted_p10,dynamic_model_point_csm_to_premium_weighted_p10,ratio,lower_is_adverse,0.1365701723883035,0.06,-0.03177442702131515,0.16834459940961866,bracketing_secant,0.005,0.02,150.0,-0.03531606877182288,-3.531606877182288,,0.03531606877182288,-0.2585928402536564
0.02,2.0,dynamic,model_point_csm_to_premium_weighted_p10,dynamic_model_point_csm_to_premium_weighted_p10,ratio,lower_is_adverse,0.10120811165440213,0.06,-0.03177442702131515,0.1329825386757173,bracketing_secant,0.01,0.04,300.0,-0.03518609800128007,-3.518609800128007,,0.03518609800128007,-0.3476608487808855
0.04,4.0,dynamic,model_point_csm_to_premium_weighted_p10,dynamic_model_point_csm_to_premium_weighted_p10,ratio,lower_is_adverse,0.03101187838446329,0.06,-0.03177442702131515,0.06278630540577844,bracketing_secant,0.02,0.06,399.99999999999994,-0.03324563466892933,-3.324563466892933,,0.03324563466892933,-1.0720290546987679
0.06,6.0,dynamic,model_point_csm_to_premium_weighted_p10,dynamic_model_point_csm_to_premium_weighted_p10,ratio,lower_is_adverse,-0.03177442702131515,0.06,-0.03177442702131515,0.0,bracketing_secant,0.04,0.08,400.0,-0.02801548023643203,-2.801548023643203,,0.02801548023643203,-0.8816989907524841
0.08,8.0,dynamic,model_point_csm_to_premium_weighted_p10,dynamic_model_point_csm_to_premium_weighted_p10,ratio,lower_is_adverse,-0.08105004256126483,0.06,-0.03177442702131515,-0.04927561553994968,bracketing_secant,0.06,0.12,600.0,-0.01687148181235259,-1.687148181235259,,0.01687148181235259,-0.2081612949135668
0.12,12.0,dynamic,model_point_csm_to_premium_weighted_p10,dynamic_model_point_csm_to_premium_weighted_p10,ratio,lower_is_adverse,-0.13300331789543068,0.06,-0.03177442702131515,-0.10122889087411553,backward_secant,0.08,0.12,399.99999999999994,-0.012988318833541465,-1.2988318833541466,,0.012988318833541465,-0.09765409644707576
0.0025,0.25,dynamic,model_point_csm_to_premium_weighted_lower_tail_mean_10pct,dynamic_model_point_csm_to_premium_weighted_lower_tail_mean_10pct,ratio,lower_is_adverse,0.16286118939594468,0.06,-0.03177442702131515,0.19463561641725985,forward_secant,0.0025,0.005,25.0,-0.03471589833523292,-3.471589833523292,,0.03471589833523292,-0.213162500310816
0.005,0.5,dynamic,model_point_csm_to_premium_weighted_lower_tail_mean_10pct,dynamic_model_point_csm_to_premium_weighted_lower_tail_mean_10pct,ratio,lower_is_adverse,0.15418221481213645,0.06,-0.03177442702131515,0.18595664183345162,bracketing_secant,0.0025,0.01,75.0,-0.03505468934352159,-3.5054689343521592,,0.03505468934352159,-0.22735883893115708
0.01,1.0,dynamic,model_point_csm_to_premium_weighted_lower_tail_mean_10pct,dynamic_model_point_csm_to_premium_weighted_lower_tail_mean_10pct,ratio,lower_is_adverse,0.1365701723883035,0.06,-0.03177442702131515,0.16834459940961866,bracketing_secant,0.005,0.02,150.0,-0.03531606877182288,-3.531606877182288,,0.03531606877182288,-0.2585928402536564
0.02,2.0,dynamic,model_point_csm_to_premium_weighted_lower_tail_mean_10pct,dynamic_model_point_csm_to_premium_weighted_lower_tail_mean_10pct,ratio,lower_is_adverse,0.10120811165440213,0.06,-0.03177442702131515,0.1329825386757173,bracketing_secant,0.01,0.04,300.0,-0.03518609800128007,-3.518609800128007,,0.03518609800128007,-0.3476608487808855
0.04,4.0,dynamic,model_point_csm_to_premium_weighted_lower_tail_mean_10pct,dynamic_model_point_csm_to_premium_weighted_lower_tail_mean_10pct,ratio,lower_is_adverse,0.03101187838446329,0.06,-0.03177442702131515,0.06278630540577844,bracketing_secant,0.02,0.06,399.99999999999994,-0.03324563466892933,-3.324563466892933,,0.03324563466892933,-1.0720290546987679
0.06,6.0,dynamic,model_point_csm_to_premium_weighted_lower_tail_mean_10pct,dynamic_model_point_csm_to_premium_weighted_lower_tail_mean_10pct,ratio,lower_is_adverse,-0.03177442702131515,0.06,-0.03177442702131515,0.0,bracketing_secant,0.04,0.08,400.0,-0.02801548023643203,-2.801548023643203,,0.02801548023643203,-0.8816989907524841
0.08,8.0,dynamic,model_point_csm_to_premium_weighted_lower_tail_mean_10pct,dynamic_model_point_csm_to_premium_weighted_lower_tail_mean_10pct,ratio,lower_is_adverse,-0.08105004256126483,0.06,-0.03177442702131515,-0.04927561553994968,bracketing_secant,0.06,0.12,600.0,-0.01687148181235259,-1.687148181235259,,0.01687148181235259,-0.2081612949135668
0.12,12.0,dynamic,model_point_csm_to_premium_weighted_lower_tail_mean_10pct,dynamic_model_point_csm_to_premium_weighted_lower_tail_mean_10pct,ratio,lower_is_adverse,-0.13300331789543068,0.06,-0.03177442702131515,-0.10122889087411553,backward_secant,0.08,0.12,399.99999999999994,-0.012988318833541465,-1.2988318833541466,,0.012988318833541465,-0.09765409644707576
0.0025,0.25,dynamic,guarantee_claims_hhi,dynamic_guarantee_claims_hhi,index,diagnostic,1.0,0.06,1.0,0.0,forward_secant,0.0025,0.005,25.0,0.0,,,,0.0
0.005,0.5,dynamic,guarantee_claims_hhi,dynamic_guarantee_claims_hhi,index,diagnostic,1.0,0.06,1.0,0.0,bracketing_secant,0.0025,0.01,75.0,0.0,,,,0.0
0.01,1.0,dynamic,guarantee_claims_hhi,dynamic_guarantee_claims_hhi,index,diagnostic,1.0,0.06,1.0,0.0,bracketing_secant,0.005,0.02,150.0,0.0,,,,0.0
0.02,2.0,dynamic,guarantee_claims_hhi,dynamic_guarantee_claims_hhi,index,diagnostic,1.0,0.06,1.0,0.0,bracketing_secant,0.01,0.04,300.0,0.0,,,,0.0
0.04,4.0,dynamic,guarantee_claims_hhi,dynamic_guarantee_claims_hhi,index,diagnostic,1.0,0.06,1.0,0.0,bracketing_secant,0.02,0.06,399.99999999999994,0.0,,,,0.0
0.06,6.0,dynamic,guarantee_claims_hhi,dynamic_guarantee_claims_hhi,index,diagnostic,1.0,0.06,1.0,0.0,bracketing_secant,0.04,0.08,400.0,0.0,,,,0.0
0.08,8.0,dynamic,guarantee_claims_hhi,dynamic_guarantee_claims_hhi,index,diagnostic,1.0,0.06,1.0,0.0,bracketing_secant,0.06,0.12,600.0,0.0,,,,0.0
0.12,12.0,dynamic,guarantee_claims_hhi,dynamic_guarantee_claims_hhi,index,diagnostic,1.0,0.06,1.0,0.0,backward_secant,0.08,0.12,399.99999999999994,0.0,,,,0.0
0.0025,0.25,dynamic,top_5_guarantee_claim_share,dynamic_top_5_guarantee_claim_share,ratio,diagnostic,1.0,0.06,1.0,0.0,forward_secant,0.0025,0.005,25.0,0.0,0.0,,,0.0
0.005,0.5,dynamic,top_5_guarantee_claim_share,dynamic_top_5_guarantee_claim_share,ratio,diagnostic,1.0,0.06,1.0,0.0,bracketing_secant,0.0025,0.01,75.0,0.0,0.0,,,0.0
0.01,1.0,dynamic,top_5_guarantee_claim_share,dynamic_top_5_guarantee_claim_share,ratio,diagnostic,1.0,0.06,1.0,0.0,bracketing_secant,0.005,0.02,150.0,0.0,0.0,,,0.0
0.02,2.0,dynamic,top_5_guarantee_claim_share,dynamic_top_5_guarantee_claim_share,ratio,diagnostic,1.0,0.06,1.0,0.0,bracketing_secant,0.01,0.04,300.0,0.0,0.0,,,0.0
0.04,4.0,dynamic,top_5_guarantee_claim_share,dynamic_top_5_guarantee_claim_share,ratio,diagnostic,1.0,0.06,1.0,0.0,bracketing_secant,0.02,0.06,399.99999999999994,0.0,0.0,,,0.0
0.06,6.0,dynamic,top_5_guarantee_claim_share,dynamic_top_5_guarantee_claim_share,ratio,diagnostic,1.0,0.06,1.0,0.0,bracketing_secant,0.04,0.08,400.0,0.0,0.0,,,0.0
0.08,8.0,dynamic,top_5_guarantee_claim_share,dynamic_top_5_guarantee_claim_share,ratio,diagnostic,1.0,0.06,1.0,0.0,bracketing_secant,0.06,0.12,600.0,0.0,0.0,,,0.0
0.12,12.0,dynamic,top_5_guarantee_claim_share,dynamic_top_5_guarantee_claim_share,ratio,diagnostic,1.0,0.06,1.0,0.0,backward_secant,0.08,0.12,399.99999999999994,0.0,0.0,,,0.0
0.0025,0.25,dynamic,joint_life_guarantee_claim_share,dynamic_joint_life_guarantee_claim_share,ratio,diagnostic,0.0,0.06,0.0,0.0,forward_secant,0.0025,0.005,25.0,0.0,0.0,,,
0.005,0.5,dynamic,joint_life_guarantee_claim_share,dynamic_joint_life_guarantee_claim_share,ratio,diagnostic,0.0,0.06,0.0,0.0,bracketing_secant,0.0025,0.01,75.0,0.0,0.0,,,
0.01,1.0,dynamic,joint_life_guarantee_claim_share,dynamic_joint_life_guarantee_claim_share,ratio,diagnostic,0.0,0.06,0.0,0.0,bracketing_secant,0.005,0.02,150.0,0.0,0.0,,,
0.02,2.0,dynamic,joint_life_guarantee_claim_share,dynamic_joint_life_guarantee_claim_share,ratio,diagnostic,0.0,0.06,0.0,0.0,bracketing_secant,0.01,0.04,300.0,0.0,0.0,,,
0.04,4.0,dynamic,joint_life_guarantee_claim_share,dynamic_joint_life_guarantee_claim_share,ratio,diagnostic,0.0,0.06,0.0,0.0,bracketing_secant,0.02,0.06,399.99999999999994,0.0,0.0,,,
0.06,6.0,dynamic,joint_life_guarantee_claim_share,dynamic_joint_life_guarantee_claim_share,ratio,diagnostic,0.0,0.06,0.0,0.0,bracketing_secant,0.04,0.08,400.0,0.0,0.0,,,
0.08,8.0,dynamic,joint_life_guarantee_claim_share,dynamic_joint_life_guarantee_claim_share,ratio,diagnostic,0.0,0.06,0.0,0.0,bracketing_secant,0.06,0.12,600.0,0.0,0.0,,,
0.12,12.0,dynamic,joint_life_guarantee_claim_share,dynamic_joint_life_guarantee_claim_share,ratio,diagnostic,0.0,0.06,0.0,0.0,backward_secant,0.08,0.12,399.99999999999994,0.0,0.0,,,
0.0025,0.25,lsmc,negative_value_contract_share,lsmc_negative_value_contract_share,ratio,higher_is_adverse,1.0,0.06,1.0,0.0,forward_secant,0.0025,0.005,25.0,0.0,0.0,,0.0,0.0
0.005,0.5,lsmc,negative_value_contract_share,lsmc_negative_value_contract_share,ratio,higher_is_adverse,1.0,0.06,1.0,0.0,bracketing_secant,0.0025,0.01,75.0,0.0,0.0,,0.0,0.0
0.01,1.0,lsmc,negative_value_contract_share,lsmc_negative_value_contract_share,ratio,higher_is_adverse,1.0,0.06,1.0,0.0,bracketing_secant,0.005,0.02,150.0,0.0,0.0,,0.0,0.0
0.02,2.0,lsmc,negative_value_contract_share,lsmc_negative_value_contract_share,ratio,higher_is_adverse,1.0,0.06,1.0,0.0,bracketing_secant,0.01,0.04,300.0,0.0,0.0,,0.0,0.0
0.04,4.0,lsmc,negative_value_contract_share,lsmc_negative_value_contract_share,ratio,higher_is_adverse,1.0,0.06,1.0,0.0,bracketing_secant,0.02,0.06,399.99999999999994,0.0,0.0,,0.0,0.0
0.06,6.0,lsmc,negative_value_contract_share,lsmc_negative_value_contract_share,ratio,higher_is_adverse,1.0,0.06,1.0,0.0,bracketing_secant,0.04,0.08,400.0,0.0,0.0,,0.0,0.0
0.08,8.0,lsmc,negative_value_contract_share,lsmc_negative_value_contract_share,ratio,higher_is_adverse,1.0,0.06,1.0,0.0,bracketing_secant,0.06,0.12,600.0,0.0,0.0,,0.0,0.0
0.12,12.0,lsmc,negative_value_contract_share,lsmc_negative_value_contract_share,ratio,higher_is_adverse,1.0,0.06,1.0,0.0,backward_secant,0.08,0.12,399.99999999999994,0.0,0.0,,0.0,0.0
0.0025,0.25,lsmc,model_point_csm_to_premium_weighted_p10,lsmc_model_point_csm_to_premium_weighted_p10,ratio,lower_is_adverse,-0.00695212628776892,0.06,-0.07751715270900639,0.07056502642123746,forward_secant,0.0025,0.005,25.0,-0.013114549336040617,-1.3114549336040617,,0.013114549336040617,-1.8864083869007715
0.005,0.5,lsmc,model_point_csm_to_premium_weighted_p10,lsmc_model_point_csm_to_premium_weighted_p10,ratio,lower_is_adverse,-0.010230763621779075,0.06,-0.07751715270900639,0.06728638908722731,bracketing_secant,0.0025,0.01,75.0,-0.012878677250620266,-1.2878677250620265,,0.012878677250620266,-1.2588187672721083
0.01,1.0,lsmc,model_point_csm_to_premium_weighted_p10,lsmc_model_point_csm_to_premium_weighted_p10,ratio,lower_is_adverse,-0.01661113422573412,0.06,-0.07751715270900639,0.06090601848327227,bracketing_secant,0.005,0.02,150.0,-0.012783199984036908,-1.2783199984036908,,0.012783199984036908,-0.7695561188249903
0.02,2.0,lsmc,model_point_csm_to_premium_weighted_p10,lsmc_model_point_csm_to_premium_weighted_p10,ratio,lower_is_adverse,-0.029405563597834434,0.06,-0.07751715270900639,0.04811158911117196,bracketing_secant,0.01,0.04,300.0,-0.006149989262779752,-0.6149989262779751,,0.006149989262779752,-0.2091437303120647
0.04,4.0,lsmc,model_point_csm_to_premium_weighted_p10,lsmc_model_point_csm_to_premium_weighted_p10,ratio,lower_is_adverse,-0.03506110201407337,0.06,-0.07751715270900639,0.042456050694933016,bracketing_secant,0.02,0.06,399.99999999999994,-0.012027897277792993,-1.2027897277792992,,0.012027897277792993,-0.3430553116375249
0.06,6.0,lsmc,model_point_csm_to_premium_weighted_p10,lsmc_model_point_csm_to_premium_weighted_p10,ratio,lower_is_adverse,-0.07751715270900639,0.06,-0.07751715270900639,0.0,bracketing_secant,0.04,0.08,400.0,-0.018264089076056624,-1.8264089076056624,,0.018264089076056624,-0.2356135182701905
0.08,8.0,lsmc,model_point_csm_to_premium_weighted_p10,lsmc_model_point_csm_to_premium_weighted_p10,ratio,lower_is_adverse,-0.10811745831829986,0.06,-0.07751715270900639,-0.03060030560929347,bracketing_secant,0.06,0.12,600.0,-0.011470244199584465,-1.1470244199584465,,0.011470244199584465,-0.10609058313057866
0.12,12.0,lsmc,model_point_csm_to_premium_weighted_p10,lsmc_model_point_csm_to_premium_weighted_p10,ratio,lower_is_adverse,-0.14633861790651317,0.06,-0.07751715270900639,-0.06882146519750679,backward_secant,0.08,0.12,399.99999999999994,-0.00955528989705333,-0.9555289897053331,,0.00955528989705333,-0.06529575059371973
0.0025,0.25,lsmc,model_point_csm_to_premium_weighted_lower_tail_mean_10pct,lsmc_model_point_csm_to_premium_weighted_lower_tail_mean_10pct,ratio,lower_is_adverse,-0.00695212628776892,0.06,-0.07751715270900639,0.07056502642123746,forward_secant,0.0025,0.005,25.0,-0.013114549336040617,-1.3114549336040617,,0.013114549336040617,-1.8864083869007715
0.005,0.5,lsmc,model_point_csm_to_premium_weighted_lower_tail_mean_10pct,lsmc_model_point_csm_to_premium_weighted_lower_tail_mean_10pct,ratio,lower_is_adverse,-0.010230763621779075,0.06,-0.07751715270900639,0.06728638908722731,bracketing_secant,0.0025,0.01,75.0,-0.012878677250620266,-1.2878677250620265,,0.012878677250620266,-1.2588187672721083
0.01,1.0,lsmc,model_point_csm_to_premium_weighted_lower_tail_mean_10pct,lsmc_model_point_csm_to_premium_weighted_lower_tail_mean_10pct,ratio,lower_is_adverse,-0.01661113422573412,0.06,-0.07751715270900639,0.06090601848327227,bracketing_secant,0.005,0.02,150.0,-0.012783199984036908,-1.2783199984036908,,0.012783199984036908,-0.7695561188249903
0.02,2.0,lsmc,model_point_csm_to_premium_weighted_lower_tail_mean_10pct,lsmc_model_point_csm_to_premium_weighted_lower_tail_mean_10pct,ratio,lower_is_adverse,-0.029405563597834434,0.06,-0.07751715270900639,0.04811158911117196,bracketing_secant,0.01,0.04,300.0,-0.006149989262779752,-0.6149989262779751,,0.006149989262779752,-0.2091437303120647
0.04,4.0,lsmc,model_point_csm_to_premium_weighted_lower_tail_mean_10pct,lsmc_model_point_csm_to_premium_weighted_lower_tail_mean_10pct,ratio,lower_is_adverse,-0.03506110201407337,0.06,-0.07751715270900639,0.042456050694933016,bracketing_secant,0.02,0.06,399.99999999999994,-0.012027897277792993,-1.2027897277792992,,0.012027897277792993,-0.3430553116375249
0.06,6.0,lsmc,model_point_csm_to_premium_weighted_lower_tail_mean_10pct,lsmc_model_point_csm_to_premium_weighted_lower_tail_mean_10pct,ratio,lower_is_adverse,-0.07751715270900639,0.06,-0.07751715270900639,0.0,bracketing_secant,0.04,0.08,400.0,-0.018264089076056624,-1.8264089076056624,,0.018264089076056624,-0.2356135182701905
0.08,8.0,lsmc,model_point_csm_to_premium_weighted_lower_tail_mean_10pct,lsmc_model_point_csm_to_premium_weighted_lower_tail_mean_10pct,ratio,lower_is_adverse,-0.10811745831829986,0.06,-0.07751715270900639,-0.03060030560929347,bracketing_secant,0.06,0.12,600.0,-0.011470244199584465,-1.1470244199584465,,0.011470244199584465,-0.10609058313057866
0.12,12.0,lsmc,model_point_csm_to_premium_weighted_lower_tail_mean_10pct,lsmc_model_point_csm_to_premium_weighted_lower_tail_mean_10pct,ratio,lower_is_adverse,-0.14633861790651317,0.06,-0.07751715270900639,-0.06882146519750679,backward_secant,0.08,0.12,399.99999999999994,-0.00955528989705333,-0.9555289897053331,,0.00955528989705333,-0.06529575059371973
0.0025,0.25,lsmc,guarantee_claims_hhi,lsmc_guarantee_claims_hhi,index,diagnostic,1.0,0.06,1.0,0.0,forward_secant,0.0025,0.005,25.0,0.0,,,,0.0
0.005,0.5,lsmc,guarantee_claims_hhi,lsmc_guarantee_claims_hhi,index,diagnostic,1.0,0.06,1.0,0.0,bracketing_secant,0.0025,0.01,75.0,0.0,,,,0.0
0.01,1.0,lsmc,guarantee_claims_hhi,lsmc_guarantee_claims_hhi,index,diagnostic,1.0,0.06,1.0,0.0,bracketing_secant,0.005,0.02,150.0,0.0,,,,0.0
0.02,2.0,lsmc,guarantee_claims_hhi,lsmc_guarantee_claims_hhi,index,diagnostic,1.0,0.06,1.0,0.0,bracketing_secant,0.01,0.04,300.0,0.0,,,,0.0
0.04,4.0,lsmc,guarantee_claims_hhi,lsmc_guarantee_claims_hhi,index,diagnostic,1.0,0.06,1.0,0.0,bracketing_secant,0.02,0.06,399.99999999999994,0.0,,,,0.0
0.06,6.0,lsmc,guarantee_claims_hhi,lsmc_guarantee_claims_hhi,index,diagnostic,1.0,0.06,1.0,0.0,bracketing_secant,0.04,0.08,400.0,0.0,,,,0.0
0.08,8.0,lsmc,guarantee_claims_hhi,lsmc_guarantee_claims_hhi,index,diagnostic,1.0,0.06,1.0,0.0,bracketing_secant,0.06,0.12,600.0,0.0,,,,0.0
0.12,12.0,lsmc,guarantee_claims_hhi,lsmc_guarantee_claims_hhi,index,diagnostic,1.0,0.06,1.0,0.0,backward_secant,0.08,0.12,399.99999999999994,0.0,,,,0.0
0.0025,0.25,lsmc,top_5_guarantee_claim_share,lsmc_top_5_guarantee_claim_share,ratio,diagnostic,1.0,0.06,1.0,0.0,forward_secant,0.0025,0.005,25.0,0.0,0.0,,,0.0
0.005,0.5,lsmc,top_5_guarantee_claim_share,lsmc_top_5_guarantee_claim_share,ratio,diagnostic,1.0,0.06,1.0,0.0,bracketing_secant,0.0025,0.01,75.0,0.0,0.0,,,0.0
0.01,1.0,lsmc,top_5_guarantee_claim_share,lsmc_top_5_guarantee_claim_share,ratio,diagnostic,1.0,0.06,1.0,0.0,bracketing_secant,0.005,0.02,150.0,0.0,0.0,,,0.0
0.02,2.0,lsmc,top_5_guarantee_claim_share,lsmc_top_5_guarantee_claim_share,ratio,diagnostic,1.0,0.06,1.0,0.0,bracketing_secant,0.01,0.04,300.0,0.0,0.0,,,0.0
0.04,4.0,lsmc,top_5_guarantee_claim_share,lsmc_top_5_guarantee_claim_share,ratio,diagnostic,1.0,0.06,1.0,0.0,bracketing_secant,0.02,0.06,399.99999999999994,0.0,0.0,,,0.0
0.06,6.0,lsmc,top_5_guarantee_claim_share,lsmc_top_5_guarantee_claim_share,ratio,diagnostic,1.0,0.06,1.0,0.0,bracketing_secant,0.04,0.08,400.0,0.0,0.0,,,0.0
0.08,8.0,lsmc,top_5_guarantee_claim_share,lsmc_top_5_guarantee_claim_share,ratio,diagnostic,1.0,0.06,1.0,0.0,bracketing_secant,0.06,0.12,600.0,0.0,0.0,,,0.0
0.12,12.0,lsmc,top_5_guarantee_claim_share,lsmc_top_5_guarantee_claim_share,ratio,diagnostic,1.0,0.06,1.0,0.0,backward_secant,0.08,0.12,399.99999999999994,0.0,0.0,,,0.0
0.0025,0.25,lsmc,joint_life_guarantee_claim_share,lsmc_joint_life_guarantee_claim_share,ratio,diagnostic,0.0,0.06,0.0,0.0,forward_secant,0.0025,0.005,25.0,0.0,0.0,,,
0.005,0.5,lsmc,joint_life_guarantee_claim_share,lsmc_joint_life_guarantee_claim_share,ratio,diagnostic,0.0,0.06,0.0,0.0,bracketing_secant,0.0025,0.01,75.0,0.0,0.0,,,
0.01,1.0,lsmc,joint_life_guarantee_claim_share,lsmc_joint_life_guarantee_claim_share,ratio,diagnostic,0.0,0.06,0.0,0.0,bracketing_secant,0.005,0.02,150.0,0.0,0.0,,,
0.02,2.0,lsmc,joint_life_guarantee_claim_share,lsmc_joint_life_guarantee_claim_share,ratio,diagnostic,0.0,0.06,0.0,0.0,bracketing_secant,0.01,0.04,300.0,0.0,0.0,,,
0.04,4.0,lsmc,joint_life_guarantee_claim_share,lsmc_joint_life_guarantee_claim_share,ratio,diagnostic,0.0,0.06,0.0,0.0,bracketing_secant,0.02,0.06,399.99999999999994,0.0,0.0,,,
0.06,6.0,lsmc,joint_life_guarantee_claim_share,lsmc_joint_life_guarantee_claim_share,ratio,diagnostic,0.0,0.06,0.0,0.0,bracketing_secant,0.04,0.08,400.0,0.0,0.0,,,
0.08,8.0,lsmc,joint_life_guarantee_claim_share,lsmc_joint_life_guarantee_claim_share,ratio,diagnostic,0.0,0.06,0.0,0.0,bracketing_secant,0.06,0.12,600.0,0.0,0.0,,,
0.12,12.0,lsmc,joint_life_guarantee_claim_share,lsmc_joint_life_guarantee_claim_share,ratio,diagnostic,0.0,0.06,0.0,0.0,backward_secant,0.08,0.12,399.99999999999994,0.0,0.0,,,
0.0025,0.25,behaviour_difference,behaviour_model_csm_gap_aud,behaviour_model_csm_gap_aud,AUD,higher_is_adverse,54354.08891708449,0.06,14641.397050213942,39712.69186687055,forward_secant,0.0025,0.005,25.0,-6914.19067759061,,-2.160134899919252,-6914.19067759061,-0.1272064496957717
0.005,0.5,behaviour_difference,behaviour_model_csm_gap_aud,behaviour_model_csm_gap_aud,AUD,higher_is_adverse,52625.54124768684,0.06,14641.397050213942,37984.144197472895,bracketing_secant,0.0025,0.01,75.0,-7098.129662393167,,-2.217601209290138,-7098.129662393167,-0.13487993651191504
0.01,1.0,behaviour_difference,behaviour_model_csm_gap_aud,behaviour_model_csm_gap_aud,AUD,higher_is_adverse,49030.491670289615,0.06,14641.397050213942,34389.09462007567,bracketing_secant,0.005,0.02,150.0,-7212.352863596898,,-2.2532868787785962,-7212.352863596898,-0.14709933794050195
0.02,2.0,behaviour_difference,behaviour_model_csm_gap_aud,behaviour_model_csm_gap_aud,AUD,higher_is_adverse,41807.01195229149,0.06,14641.397050213942,27165.61490207755,bracketing_secant,0.01,0.04,300.0,-9293.919206654678,,-2.903610873850032,-9293.919206654678,-0.2223052730307665
0.04,4.0,behaviour_difference,behaviour_model_csm_gap_aud,behaviour_model_csm_gap_aud,AUD,higher_is_adverse,21148.734050325584,0.06,14641.397050213942,6507.337000111642,bracketing_secant,0.02,0.06,399.99999999999994,-6791.403725519389,,-2.121773739113634,-6791.403725519389,-0.32112578035917166
0.06,6.0,behaviour_difference,behaviour_model_csm_gap_aud,behaviour_model_csm_gap_aud,AUD,higher_is_adverse,14641.397050213942,0.06,14641.397050213942,0.0,bracketing_secant,0.04,0.08,400.0,-3121.23922710232,,-0.9751391160375408,-3121.23922710232,-0.21317905773593593
0.08,8.0,behaviour_difference,behaviour_model_csm_gap_aud,behaviour_model_csm_gap_aud,AUD,higher_is_adverse,8663.777141916304,0.06,14641.397050213942,-5977.619908297638,bracketing_secant,0.06,0.12,600.0,-1728.8358588646079,,-0.5401237612768126,-1728.8358588646079,-0.19954759114247184
0.12,12.0,behaviour_difference,behaviour_model_csm_gap_aud,behaviour_model_csm_gap_aud,AUD,higher_is_adverse,4268.381897026295,0.06,14641.397050213942,-10373.015153187647,backward_secant,0.08,0.12,399.99999999999994,-1098.8488112225025,,-0.34330289364881383,-1098.8488112225025,-0.2574391977409638
0.0025,0.25,behaviour_difference,behaviour_model_csm_gap_to_premium,behaviour_model_csm_gap_to_premium,ratio,higher_is_adverse,0.16981331568371363,0.06,0.04574272568769123,0.12407058999602241,forward_secant,0.0025,0.005,25.0,-0.021601348999192527,-2.1601348999192527,,-0.021601348999192527,-0.12720644969577174
0.005,0.5,behaviour_difference,behaviour_model_csm_gap_to_premium,behaviour_model_csm_gap_to_premium,ratio,higher_is_adverse,0.1644129784339155,0.06,0.04574272568769123,0.11867025274622428,bracketing_secant,0.0025,0.01,75.0,-0.022176012092901362,-2.217601209290136,,-0.022176012092901362,-0.13487993651191493
0.01,1.0,behaviour_difference,behaviour_model_csm_gap_to_premium,behaviour_model_csm_gap_to_premium,ratio,higher_is_adverse,0.15318130661403762,0.06,0.04574272568769123,0.1074385809263464,bracketing_secant,0.005,0.02,150.0,-0.02253286878778595,-2.253286878778595,,-0.02253286878778595,-0.14709933794050184
0.02,2.0,behaviour_difference,behaviour_model_csm_gap_to_premium,behaviour_model_csm_gap_to_premium,ratio,higher_is_adverse,0.13061367525223658,0.06,0.04574272568769123,0.08487094956454536,bracketing_secant,0.01,0.04,300.0,-0.02903610873850032,-2.903610873850032,,-0.02903610873850032,-0.2223052730307665
0.04,4.0,behaviour_difference,behaviour_model_csm_gap_to_premium,behaviour_model_csm_gap_to_premium,ratio,higher_is_adverse,0.06607298039853667,0.06,0.04574272568769123,0.020330254710845437,bracketing_secant,0.02,0.06,399.99999999999994,-0.021217737391136346,-2.1217737391136344,,-0.021217737391136346,-0.3211257803591718
0.06,6.0,behaviour_difference,behaviour_model_csm_gap_to_premium,behaviour_model_csm_gap_to_premium,ratio,higher_is_adverse,0.04574272568769123,0.06,0.04574272568769123,0.0,bracketing_secant,0.04,0.08,400.0,-0.009751391160375409,-0.9751391160375409,,-0.009751391160375409,-0.21317905773593596
0.08,8.0,behaviour_difference,behaviour_model_csm_gap_to_premium,behaviour_model_csm_gap_to_premium,ratio,higher_is_adverse,0.027067415757035026,0.06,0.04574272568769123,-0.018675309930656202,bracketing_secant,0.06,0.12,600.0,-0.005401237612768125,-0.5401237612768125,,-0.005401237612768125,-0.19954759114247184
0.12,12.0,behaviour_difference,behaviour_model_csm_gap_to_premium,behaviour_model_csm_gap_to_premium,ratio,higher_is_adverse,0.013335300011082477,0.06,0.04574272568769123,-0.03240742567660875,backward_secant,0.08,0.12,399.99999999999994,-0.0034330289364881378,-0.3433028936488138,,-0.0034330289364881378,-0.25743919774096374
0.0025,0.25,behaviour_difference,lsmc_guarantee_claim_difference_vs_dynamic_to_premium,lsmc_guarantee_claim_difference_vs_dynamic_to_premium,ratio,higher_is_adverse,0.0792144753004981,0.06,0.0013639359413182594,0.07785053935917985,forward_secant,0.0025,0.005,25.0,-0.01492393135609471,-1.492393135609471,,-0.01492393135609471,-0.18839904322386983
0.005,0.5,behaviour_difference,lsmc_guarantee_claim_difference_vs_dynamic_to_premium,lsmc_guarantee_claim_difference_vs_dynamic_to_premium,ratio,higher_is_adverse,0.07548349246147443,0.06,0.0013639359413182594,0.07411955652015617,bracketing_secant,0.0025,0.01,75.0,-0.015326625273779891,-1.532662527377989,,-0.015326625273779891,-0.20304605383226482
0.01,1.0,behaviour_difference,lsmc_guarantee_claim_difference_vs_dynamic_to_premium,lsmc_guarantee_claim_difference_vs_dynamic_to_premium,ratio,higher_is_adverse,0.06771950634516319,0.06,0.0013639359413182594,0.06635557040384493,bracketing_secant,0.005,0.02,150.0,-0.015201742153432507,-1.5201742153432507,,-0.015201742153432507,-0.22448099482518274
0.02,2.0,behaviour_difference,lsmc_guarantee_claim_difference_vs_dynamic_to_premium,lsmc_guarantee_claim_difference_vs_dynamic_to_premium,ratio,higher_is_adverse,0.05268087923132567,0.06,0.0013639359413182594,0.05131694329000741,bracketing_secant,0.01,0.04,300.0,-0.010705125604963481,-1.0705125604963481,,-0.010705125604963481,-0.20320704136232193
0.04,4.0,behaviour_difference,lsmc_guarantee_claim_difference_vs_dynamic_to_premium,lsmc_guarantee_claim_difference_vs_dynamic_to_premium,ratio,higher_is_adverse,0.03560412953027275,0.06,0.0013639359413182594,0.03424019358895449,bracketing_secant,0.02,0.06,399.99999999999994,-0.012829235822501854,-1.2829235822501854,,-0.012829235822501854,-0.360329995193217
0.06,6.0,behaviour_difference,lsmc_guarantee_claim_difference_vs_dynamic_to_premium,lsmc_guarantee_claim_difference_vs_dynamic_to_premium,ratio,higher_is_adverse,0.0013639359413182594,0.06,0.0013639359413182594,0.0,bracketing_secant,0.04,0.08,400.0,-0.004519565194981702,-0.45195651949817023,,-0.004519565194981702,-3.3136198395164307
0.08,8.0,behaviour_difference,lsmc_guarantee_claim_difference_vs_dynamic_to_premium,lsmc_guarantee_claim_difference_vs_dynamic_to_premium,ratio,higher_is_adverse,0.017525868750345938,0.06,0.0013639359413182594,0.01616193280902768,bracketing_secant,0.06,0.12,600.0,0.0011386037444191038,0.11386037444191038,,0.0011386037444191038,0.0649670359077994
0.12,12.0,behaviour_difference,lsmc_guarantee_claim_difference_vs_dynamic_to_premium,lsmc_guarantee_claim_difference_vs_dynamic_to_premium,ratio,higher_is_adverse,0.008195558407832882,0.06,0.0013639359413182594,0.006831622466514623,backward_secant,0.08,0.12,399.99999999999994,-0.0023325775856282644,-0.23325775856282643,,-0.0023325775856282644,-0.28461484496271905
0.0025,0.25,behaviour_difference,lsmc_policyholder_benefit_difference_vs_dynamic_to_premium,lsmc_policyholder_benefit_difference_vs_dynamic_to_premium,ratio,diagnostic,0.17292366530367417,0.06,0.05244651311039967,0.12047715219327451,forward_secant,0.0025,0.005,25.0,-0.021318379986609015,-2.1318379986609015,,,-0.12328202706767433
0.005,0.5,behaviour_difference,lsmc_policyholder_benefit_difference_vs_dynamic_to_premium,lsmc_policyholder_benefit_difference_vs_dynamic_to_premium,ratio,diagnostic,0.16759407030702192,0.06,0.05244651311039967,0.11514755719662226,bracketing_secant,0.0025,0.01,75.0,-0.02162238428470857,-2.162238428470857,,,-0.12901640401177503
0.01,1.0,behaviour_difference,lsmc_policyholder_benefit_difference_vs_dynamic_to_premium,lsmc_policyholder_benefit_difference_vs_dynamic_to_premium,ratio,diagnostic,0.15670687709014275,0.06,0.05244651311039967,0.10426036397974309,bracketing_secant,0.005,0.02,150.0,-0.02186735387213168,-2.186735387213168,,,-0.13954303906875054
0.02,2.0,behaviour_difference,lsmc_policyholder_benefit_difference_vs_dynamic_to_premium,lsmc_policyholder_benefit_difference_vs_dynamic_to_premium,ratio,diagnostic,0.1347930394988244,0.06,0.05244651311039967,0.08234652638842474,bracketing_secant,0.01,0.04,300.0,-0.029417605447322966,-2.9417605447322965,,,-0.2182427635484808
0.04,4.0,behaviour_difference,lsmc_policyholder_benefit_difference_vs_dynamic_to_premium,lsmc_policyholder_benefit_difference_vs_dynamic_to_premium,ratio,diagnostic,0.06845406074817385,0.06,0.05244651311039967,0.016007547637774185,bracketing_secant,0.02,0.06,399.99999999999994,-0.02058663159710619,-2.0586631597106186,,,-0.3007364555455591
0.06,6.0,behaviour_difference,lsmc_policyholder_benefit_difference_vs_dynamic_to_premium,lsmc_policyholder_benefit_difference_vs_dynamic_to_premium,ratio,diagnostic,0.05244651311039967,0.06,0.05244651311039967,0.0,bracketing_secant,0.04,0.08,400.0,-0.009884296009441877,-0.9884296009441876,,,-0.18846431198648952
0.08,8.0,behaviour_difference,lsmc_policyholder_benefit_difference_vs_dynamic_to_premium,lsmc_policyholder_benefit_difference_vs_dynamic_to_premium,ratio,diagnostic,0.028916876710406346,0.06,0.05244651311039967,-0.023529636399993323,bracketing_secant,0.06,0.12,600.0,-0.006131812590385228,-0.6131812590385228,,,-0.21204961558585497
0.12,12.0,behaviour_difference,lsmc_policyholder_benefit_difference_vs_dynamic_to_premium,lsmc_policyholder_benefit_difference_vs_dynamic_to_premium,ratio,diagnostic,0.0156556375680883,0.06,0.05244651311039967,-0.03679087554231137,backward_secant,0.08,0.12,399.99999999999994,-0.0033153097855795123,-0.3315309785579512,,,-0.21176459733184427
0.0025,0.25,behaviour_difference,lsmc_unweighted_income_election_action_rate,lsmc_unweighted_income_election_action_rate,ratio,diagnostic,1.0,0.06,0.982994200334218,0.017005799665781973,forward_secant,0.0025,0.005,25.0,0.0,0.0,,,0.0
0.005,0.5,behaviour_difference,lsmc_unweighted_income_election_action_rate,lsmc_unweighted_income_election_action_rate,ratio,diagnostic,1.0,0.06,0.982994200334218,0.017005799665781973,bracketing_secant,0.0025,0.01,75.0,0.0,0.0,,,0.0
0.01,1.0,behaviour_difference,lsmc_unweighted_income_election_action_rate,lsmc_unweighted_income_election_action_rate,ratio,diagnostic,1.0,0.06,0.982994200334218,0.017005799665781973,bracketing_secant,0.005,0.02,150.0,0.0,0.0,,,0.0
0.02,2.0,behaviour_difference,lsmc_unweighted_income_election_action_rate,lsmc_unweighted_income_election_action_rate,ratio,diagnostic,1.0,0.06,0.982994200334218,0.017005799665781973,bracketing_secant,0.01,0.04,300.0,-0.22155153141068634,-22.155153141068634,,,-0.22155153141068634
0.04,4.0,behaviour_difference,lsmc_unweighted_income_election_action_rate,lsmc_unweighted_income_election_action_rate,ratio,diagnostic,0.335345405767941,0.06,0.982994200334218,-0.647648794566277,bracketing_secant,0.02,0.06,399.99999999999994,-0.004251449916445494,-0.42514499164454944,,,-0.012677823650840464
0.06,6.0,behaviour_difference,lsmc_unweighted_income_election_action_rate,lsmc_unweighted_income_election_action_rate,ratio,diagnostic,0.982994200334218,0.06,0.982994200334218,0.0,bracketing_secant,0.04,0.08,400.0,-0.021337913902923722,-2.133791390292372,,,-0.021707059813444302
0.08,8.0,behaviour_difference,lsmc_unweighted_income_election_action_rate,lsmc_unweighted_income_election_action_rate,ratio,diagnostic,0.2499937501562461,0.06,0.982994200334218,-0.7330004501779719,bracketing_secant,0.06,0.12,600.0,-0.1223182643818046,-12.231826438180459,,,-0.48928528935365656
0.12,12.0,behaviour_difference,lsmc_unweighted_income_election_action_rate,lsmc_unweighted_income_election_action_rate,ratio,diagnostic,0.24908461404339055,0.06,0.982994200334218,-0.7339095862908275,backward_secant,0.08,0.12,399.99999999999994,-0.00022728402821388385,-0.022728402821388386,,,-0.0009124771880702795
0.0025,0.25,behaviour_difference,lsmc_unweighted_full_withdrawal_action_rate,lsmc_unweighted_full_withdrawal_action_rate,ratio,diagnostic,0.0,0.06,0.0,0.0,forward_secant,0.0025,0.005,25.0,0.0,0.0,,,
0.005,0.5,behaviour_difference,lsmc_unweighted_full_withdrawal_action_rate,lsmc_unweighted_full_withdrawal_action_rate,ratio,diagnostic,0.0,0.06,0.0,0.0,bracketing_secant,0.0025,0.01,75.0,0.0,0.0,,,
0.01,1.0,behaviour_difference,lsmc_unweighted_full_withdrawal_action_rate,lsmc_unweighted_full_withdrawal_action_rate,ratio,diagnostic,0.0,0.06,0.0,0.0,bracketing_secant,0.005,0.02,150.0,0.0,0.0,,,
0.02,2.0,behaviour_difference,lsmc_unweighted_full_withdrawal_action_rate,lsmc_unweighted_full_withdrawal_action_rate,ratio,diagnostic,0.0,0.06,0.0,0.0,bracketing_secant,0.01,0.04,300.0,0.0,0.0,,,
0.04,4.0,behaviour_difference,lsmc_unweighted_full_withdrawal_action_rate,lsmc_unweighted_full_withdrawal_action_rate,ratio,diagnostic,0.0,0.06,0.0,0.0,bracketing_secant,0.02,0.06,399.99999999999994,0.0,0.0,,,
0.06,6.0,behaviour_difference,lsmc_unweighted_full_withdrawal_action_rate,lsmc_unweighted_full_withdrawal_action_rate,ratio,diagnostic,0.0,0.06,0.0,0.0,bracketing_secant,0.04,0.08,400.0,0.0,0.0,,,
0.08,8.0,behaviour_difference,lsmc_unweighted_full_withdrawal_action_rate,lsmc_unweighted_full_withdrawal_action_rate,ratio,diagnostic,0.0,0.06,0.0,0.0,bracketing_secant,0.06,0.12,600.0,4.5309185349909245e-07,4.5309185349909245e-05,,,
0.12,12.0,behaviour_difference,lsmc_unweighted_full_withdrawal_action_rate,lsmc_unweighted_full_withdrawal_action_rate,ratio,diagnostic,2.7185511209945546e-06,0.06,0.0,2.7185511209945546e-06,backward_secant,0.08,0.12,399.99999999999994,6.796377802486389e-07,6.796377802486388e-05,,,0.25000000000000006
