crediting_cap_rate,crediting_cap_rate_percent,method,risk_metric,source_field,unit,adverse_direction,value,baseline_rate,baseline_value,delta_vs_baseline,finite_difference_scheme,finite_difference_lower_cap_rate,finite_difference_upper_cap_rate,finite_difference_span_bp,finite_difference_change_per_100bp,finite_difference_change_per_100bp_percentage_points,finite_difference_change_per_100bp_as_percent_of_premium,adverse_finite_difference_change_per_100bp,finite_difference_change_as_fraction_of_current_value
0.0025,0.25,dynamic,pv_policyholder_benefits_aud,dynamic_pv_policyholder_benefits_aud,AUD,diagnostic,257031.112978381,0.06,315642.99838151643,-58611.88540313544,forward_secant,0.0025,0.01,75.0,10638.718244597007,,3.1570566623330527,,0.04139077997725448
0.01,1.0,dynamic,pv_policyholder_benefits_aud,dynamic_pv_policyholder_benefits_aud,AUD,diagnostic,265010.15166182874,0.06,315642.99838151643,-50632.84671968769,bracketing_secant,0.0025,0.06,575.0,10193.371374458338,,3.0248992660100043,,0.03846407886844193
0.06,6.0,dynamic,pv_policyholder_benefits_aud,dynamic_pv_policyholder_benefits_aud,AUD,diagnostic,315642.99838151643,0.06,315642.99838151643,0.0,bracketing_secant,0.01,0.12,1100.0,7272.460576993879,,2.158114313048311,,0.023040145399340316
0.12,12.0,dynamic,pv_policyholder_benefits_aud,dynamic_pv_policyholder_benefits_aud,AUD,diagnostic,345007.2180087614,0.06,315642.99838151643,29364.21962724498,backward_secant,0.06,0.12,600.0,4894.03660454083,,1.4523131934539482,,0.01418531656464227
0.0025,0.25,dynamic,pv_policyholder_benefits_pre_election_aud,dynamic_pv_policyholder_benefits_pre_election_aud,AUD,diagnostic,20048.172301372055,0.06,25793.80369232516,-5745.631390953105,forward_secant,0.0025,0.01,75.0,843.6443413419379,,0.25035280822723166,,0.04208086047246315
0.01,1.0,dynamic,pv_policyholder_benefits_pre_election_aud,dynamic_pv_policyholder_benefits_pre_election_aud,AUD,diagnostic,20680.905557378508,0.06,25793.80369232516,-5112.898134946652,bracketing_secant,0.0025,0.06,575.0,999.240241904888,,0.29652614069173666,,0.048317044876614715
0.06,6.0,dynamic,pv_policyholder_benefits_pre_election_aud,dynamic_pv_policyholder_benefits_pre_election_aud,AUD,diagnostic,25793.80369232516,0.06,25793.80369232516,0.0,bracketing_secant,0.01,0.12,1100.0,702.8785990370379,,0.208580348955868,,0.027249901077838184
0.12,12.0,dynamic,pv_policyholder_benefits_pre_election_aud,dynamic_pv_policyholder_benefits_pre_election_aud,AUD,diagnostic,28412.570146785925,0.06,25793.80369232516,2618.766454460765,backward_secant,0.06,0.12,600.0,436.4610757434609,,0.12952052261791433,,0.015361548550117142
0.0025,0.25,dynamic,pv_policyholder_benefits_post_election_aud,dynamic_pv_policyholder_benefits_post_election_aud,AUD,diagnostic,236982.94067700897,0.06,289849.19468919124,-52866.25401218227,forward_secant,0.0025,0.01,75.0,9795.073903255048,,2.906703854105815,,0.04133240086933111
0.01,1.0,dynamic,pv_policyholder_benefits_post_election_aud,dynamic_pv_policyholder_benefits_post_election_aud,AUD,diagnostic,244329.24610445026,0.06,289849.19468919124,-45519.94858474098,bracketing_secant,0.0025,0.06,575.0,9194.131132553439,,2.728373125318264,,0.037630088412023206
0.06,6.0,dynamic,pv_policyholder_benefits_post_election_aud,dynamic_pv_policyholder_benefits_post_election_aud,AUD,diagnostic,289849.19468919124,0.06,289849.19468919124,0.0,bracketing_secant,0.01,0.12,1100.0,6569.581977956844,,1.9495339640924438,,0.022665517442618688
0.12,12.0,dynamic,pv_policyholder_benefits_post_election_aud,dynamic_pv_policyholder_benefits_post_election_aud,AUD,diagnostic,316594.64786197554,0.06,289849.19468919124,26745.4531727843,backward_secant,0.06,0.12,600.0,4457.575528797383,,1.322792670836038,,0.014079756429555102
0.0025,0.25,dynamic,pv_guarantee_claims_aud,dynamic_pv_guarantee_claims_aud,AUD,higher_is_adverse,68698.33018784663,0.06,56928.72381528938,11769.606372557253,forward_secant,0.0025,0.01,75.0,-1411.8707189931497,,-0.4189748950268515,-1411.8707189931497,-0.020551747256921285
0.01,1.0,dynamic,pv_guarantee_claims_aud,dynamic_pv_guarantee_claims_aud,AUD,higher_is_adverse,67639.42714860177,0.06,56928.72381528938,10710.70333331239,bracketing_secant,0.0025,0.06,575.0,-2046.888064792566,,-0.6074173084981597,-2046.888064792566,-0.030261759318209704
0.06,6.0,dynamic,pv_guarantee_claims_aud,dynamic_pv_guarantee_claims_aud,AUD,higher_is_adverse,56928.72381528938,0.06,56928.72381528938,0.0,bracketing_secant,0.01,0.12,1100.0,-1938.3885560231865,,-0.5752199056583772,-1938.3885560231865,-0.03404939415667337
0.12,12.0,dynamic,pv_guarantee_claims_aud,dynamic_pv_guarantee_claims_aud,AUD,higher_is_adverse,46317.153032346716,0.06,56928.72381528938,-10611.570782942661,backward_secant,0.06,0.12,600.0,-1768.5951304904436,,-0.5248334349413117,-1768.5951304904436,-0.038184452512772145
0.0025,0.25,dynamic,guarantee_value_aud,dynamic_guarantee_value_aud,AUD,higher_is_adverse,41691.65342118525,0.06,21833.594328155108,19858.05909303014,forward_secant,0.0025,0.01,75.0,-2810.96617468592,,-0.8341587102273335,-2810.96617468592,-0.06742275597200355
0.01,1.0,dynamic,guarantee_value_aud,dynamic_guarantee_value_aud,AUD,higher_is_adverse,39583.42879017081,0.06,21833.594328155108,17749.8344620157,bracketing_secant,0.0025,0.06,575.0,-3453.5754944400246,,-1.024854054117781,-3453.5754944400246,-0.08724801261525889
0.06,6.0,dynamic,guarantee_value_aud,dynamic_guarantee_value_aud,AUD,higher_is_adverse,21833.594328155108,0.06,21833.594328155108,0.0,bracketing_secant,0.01,0.12,1100.0,-3010.335779292816,,-0.8933219594101535,-3010.335779292816,-0.13787632645582742
0.12,12.0,dynamic,guarantee_value_aud,dynamic_guarantee_value_aud,AUD,higher_is_adverse,6469.735217949837,0.06,21833.594328155108,-15363.85911020527,backward_secant,0.06,0.12,600.0,-2560.643185034212,,-0.7598749625008243,-2560.643185034212,-0.39578794166566245
0.0025,0.25,dynamic,pv_future_fees_aud,dynamic_pv_future_fees_aud,AUD,lower_is_adverse,34051.89679274696,0.06,44250.38065769104,-10198.483864944086,forward_secant,0.0025,0.01,75.0,1764.076878916967,,0.5234926365571281,-1764.076878916967,0.051805539340549
0.01,1.0,dynamic,pv_future_fees_aud,dynamic_pv_future_fees_aud,AUD,lower_is_adverse,35374.95445193468,0.06,44250.38065769104,-8875.426205756361,bracketing_secant,0.0025,0.06,575.0,1773.6493678163629,,0.5263332879551755,-1773.6493678163629,0.050138562587445555
0.06,6.0,dynamic,pv_future_fees_aud,dynamic_pv_future_fees_aud,AUD,lower_is_adverse,44250.38065769104,0.06,44250.38065769104,0.0,bracketing_secant,0.01,0.12,1100.0,1351.5856293399677,,0.40108519820876143,-1351.5856293399677,0.03054404525455878
0.12,12.0,dynamic,pv_future_fees_aud,dynamic_pv_future_fees_aud,AUD,lower_is_adverse,50242.396374674325,0.06,44250.38065769104,5992.015716983282,backward_secant,0.06,0.12,600.0,998.6692861638803,,0.2963567086619937,-998.6692861638803,0.019877023355264943
0.0025,0.25,dynamic,pv_crediting_margin_aud,dynamic_pv_crediting_margin_aud,AUD,lower_is_adverse,113457.53394179883,0.06,151371.6732871755,-37914.13934537668,forward_secant,0.0025,0.01,75.0,6469.213944780506,,1.9197495896462506,-6469.213944780506,0.057018813295369765
0.01,1.0,dynamic,pv_crediting_margin_aud,dynamic_pv_crediting_margin_aud,AUD,lower_is_adverse,118309.4444003842,0.06,151371.6732871755,-33062.2288867913,bracketing_secant,0.0025,0.06,575.0,6593.763364413337,,1.9567098292165805,-6593.763364413337,0.055733195247698444
0.06,6.0,dynamic,pv_crediting_margin_aud,dynamic_pv_crediting_margin_aud,AUD,lower_is_adverse,151371.6732871755,0.06,151371.6732871755,0.0,bracketing_secant,0.01,0.12,1100.0,5112.2642601190155,,1.5170725994376837,-5112.2642601190155,0.03377292560161014
0.12,12.0,dynamic,pv_crediting_margin_aud,dynamic_pv_crediting_margin_aud,AUD,lower_is_adverse,174544.35126169337,0.06,151371.6732871755,23172.677974517865,backward_secant,0.06,0.12,600.0,3862.1129957529774,,1.1460882113423119,-3862.1129957529774,0.022126828899564518
0.0025,0.25,dynamic,pv_money_market_income_aud,dynamic_pv_money_market_income_aud,AUD,lower_is_adverse,113457.53394179883,0.06,151371.6732871755,-37914.13934537668,forward_secant,0.0025,0.01,75.0,6469.213944780506,,1.9197495896462506,-6469.213944780506,0.057018813295369765
0.01,1.0,dynamic,pv_money_market_income_aud,dynamic_pv_money_market_income_aud,AUD,lower_is_adverse,118309.4444003842,0.06,151371.6732871755,-33062.2288867913,bracketing_secant,0.0025,0.06,575.0,6593.763364413337,,1.9567098292165805,-6593.763364413337,0.055733195247698444
0.06,6.0,dynamic,pv_money_market_income_aud,dynamic_pv_money_market_income_aud,AUD,lower_is_adverse,151371.6732871755,0.06,151371.6732871755,0.0,bracketing_secant,0.01,0.12,1100.0,5112.2642601190155,,1.5170725994376837,-5112.2642601190155,0.03377292560161014
0.12,12.0,dynamic,pv_money_market_income_aud,dynamic_pv_money_market_income_aud,AUD,lower_is_adverse,174544.35126169337,0.06,151371.6732871755,23172.677974517865,backward_secant,0.06,0.12,600.0,3862.1129957529774,,1.1460882113423119,-3862.1129957529774,0.022126828899564518
0.0025,0.25,dynamic,pv_hedge_gain_aud,dynamic_pv_hedge_gain_aud,AUD,lower_is_adverse,0.0,0.06,0.0,0.0,forward_secant,0.0025,0.01,75.0,0.0,,0.0,-0.0,
0.01,1.0,dynamic,pv_hedge_gain_aud,dynamic_pv_hedge_gain_aud,AUD,lower_is_adverse,0.0,0.06,0.0,0.0,bracketing_secant,0.0025,0.06,575.0,0.0,,0.0,-0.0,
0.06,6.0,dynamic,pv_hedge_gain_aud,dynamic_pv_hedge_gain_aud,AUD,lower_is_adverse,0.0,0.06,0.0,0.0,bracketing_secant,0.01,0.12,1100.0,0.0,,0.0,-0.0,
0.12,12.0,dynamic,pv_hedge_gain_aud,dynamic_pv_hedge_gain_aud,AUD,lower_is_adverse,0.0,0.06,0.0,0.0,backward_secant,0.06,0.12,600.0,0.0,,0.0,-0.0,
0.0025,0.25,dynamic,pv_growth_fees_aud,dynamic_pv_growth_fees_aud,AUD,diagnostic,20253.2468419341,0.06,23279.699831607813,-3026.452989673715,forward_secant,0.0025,0.01,75.0,616.822199701351,,0.1830429747522507,,0.03045547237513682
0.01,1.0,dynamic,pv_growth_fees_aud,dynamic_pv_growth_fees_aud,AUD,diagnostic,20715.86349171011,0.06,23279.699831607813,-2563.8363398977017,bracketing_secant,0.0025,0.06,575.0,526.3396503780374,,0.15619213345742453,,0.025407565105295432
0.06,6.0,dynamic,pv_growth_fees_aud,dynamic_pv_growth_fees_aud,AUD,diagnostic,23279.699831607813,0.06,23279.699831607813,0.0,bracketing_secant,0.01,0.12,1100.0,357.0915246027018,,0.10596748131591589,,0.015339180796389127
0.12,12.0,dynamic,pv_growth_fees_aud,dynamic_pv_growth_fees_aud,AUD,diagnostic,24643.87026233983,0.06,23279.699831607813,1364.1704307320178,backward_secant,0.06,0.12,600.0,227.3617384553363,,0.06746995969317866,,0.009225894148728134
0.0025,0.25,dynamic,pv_growth_crediting_margin_aud,dynamic_pv_growth_crediting_margin_aud,AUD,diagnostic,65105.47055487778,0.06,75600.69882079428,-10495.2282659165,forward_secant,0.0025,0.01,75.0,2137.3623161124706,,0.6342656873471965,,0.03282922768081179
0.01,1.0,dynamic,pv_growth_crediting_margin_aud,dynamic_pv_growth_crediting_margin_aud,AUD,diagnostic,66708.49229196213,0.06,75600.69882079428,-8892.206528832146,bracketing_secant,0.0025,0.06,575.0,1825.257089724609,,0.5416479620101073,,0.02736169004893757
0.06,6.0,dynamic,pv_growth_crediting_margin_aud,dynamic_pv_growth_crediting_margin_aud,AUD,diagnostic,75600.69882079428,0.06,75600.69882079428,0.0,bracketing_secant,0.01,0.12,1100.0,1251.9194617830244,,0.37150910350819455,,0.01655962816892215
0.12,12.0,dynamic,pv_growth_crediting_margin_aud,dynamic_pv_growth_crediting_margin_aud,AUD,diagnostic,80479.6063715754,0.06,75600.69882079428,4878.907550781121,backward_secant,0.06,0.12,600.0,813.1512584635202,,0.24130393709040338,,0.010103817539926702
0.0025,0.25,dynamic,pv_post_election_guarantee_claims_aud,dynamic_pv_post_election_guarantee_claims_aud,AUD,higher_is_adverse,68698.33018784663,0.06,56928.72381528938,11769.606372557253,forward_secant,0.0025,0.01,75.0,-1411.8707189931497,,-0.4189748950268515,-1411.8707189931497,-0.020551747256921285
0.01,1.0,dynamic,pv_post_election_guarantee_claims_aud,dynamic_pv_post_election_guarantee_claims_aud,AUD,higher_is_adverse,67639.42714860177,0.06,56928.72381528938,10710.70333331239,bracketing_secant,0.0025,0.06,575.0,-2046.888064792566,,-0.6074173084981597,-2046.888064792566,-0.030261759318209704
0.06,6.0,dynamic,pv_post_election_guarantee_claims_aud,dynamic_pv_post_election_guarantee_claims_aud,AUD,higher_is_adverse,56928.72381528938,0.06,56928.72381528938,0.0,bracketing_secant,0.01,0.12,1100.0,-1938.3885560231865,,-0.5752199056583772,-1938.3885560231865,-0.03404939415667337
0.12,12.0,dynamic,pv_post_election_guarantee_claims_aud,dynamic_pv_post_election_guarantee_claims_aud,AUD,higher_is_adverse,46317.153032346716,0.06,56928.72381528938,-10611.570782942661,backward_secant,0.06,0.12,600.0,-1768.5951304904436,,-0.5248334349413117,-1768.5951304904436,-0.038184452512772145
0.0025,0.25,dynamic,pv_expenses_aud,dynamic_pv_expenses_aud,AUD,higher_is_adverse,9220.023549088291,0.06,9672.985170114653,-452.9616210263612,forward_secant,0.0025,0.01,75.0,78.42229834286022,,0.023271942518501728,78.42229834286022,0.008505650546913721
0.01,1.0,dynamic,pv_expenses_aud,dynamic_pv_expenses_aud,AUD,higher_is_adverse,9278.840272845437,0.06,9672.985170114653,-394.144897269216,bracketing_secant,0.0025,0.06,575.0,78.77593409154107,,0.023376884492783176,78.77593409154107,0.00848984698250267
0.06,6.0,dynamic,pv_expenses_aud,dynamic_pv_expenses_aud,AUD,higher_is_adverse,9672.985170114653,0.06,9672.985170114653,0.0,bracketing_secant,0.01,0.12,1100.0,59.724623140719736,,0.01772337748370198,59.724623140719736,0.006174373483507763
0.12,12.0,dynamic,pv_expenses_aud,dynamic_pv_expenses_aud,AUD,higher_is_adverse,9935.811127393354,0.06,9672.985170114653,262.825957278701,backward_secant,0.06,0.12,600.0,43.80432621311684,,0.012999003896015804,43.80432621311684,0.004408731773528473
0.0025,0.25,dynamic,pv_hedge_costs_aud,dynamic_pv_hedge_costs_aud,AUD,higher_is_adverse,12755.273071925712,0.06,136241.2130182698,-123485.9399463441,forward_secant,0.0025,0.01,75.0,21104.728173692707,,6.262861855686689,21104.728173692707,1.6545885027067042
0.01,1.0,dynamic,pv_hedge_costs_aud,dynamic_pv_hedge_costs_aud,AUD,higher_is_adverse,28583.81920219524,0.06,136241.2130182698,-107657.39381607456,bracketing_secant,0.0025,0.06,575.0,21475.815642842455,,6.372982655942162,21475.815642842455,0.751327717647791
0.06,6.0,dynamic,pv_hedge_costs_aud,dynamic_pv_hedge_costs_aud,AUD,higher_is_adverse,136241.2130182698,0.06,136241.2130182698,0.0,bracketing_secant,0.01,0.12,1100.0,16351.814397945667,,4.852427087491065,16351.814397945667,0.12002105703325547
0.12,12.0,dynamic,pv_hedge_costs_aud,dynamic_pv_hedge_costs_aud,AUD,higher_is_adverse,208453.77757959758,0.06,136241.2130182698,72212.56456132777,backward_secant,0.06,0.12,600.0,12035.427426887964,,3.571532347083217,12035.427426887964,0.0577366722092252
0.0025,0.25,dynamic,pv_hedge_option_fair_value_costs_aud,dynamic_pv_hedge_option_fair_value_costs_aud,AUD,higher_is_adverse,5024.422613453797,0.06,125580.64816317278,-120556.22554971898,forward_secant,0.0025,0.01,75.0,20599.997720329946,,6.113082286020902,20599.997720329946,4.099973132269914
0.01,1.0,dynamic,pv_hedge_option_fair_value_costs_aud,dynamic_pv_hedge_option_fair_value_costs_aud,AUD,higher_is_adverse,20474.420903701255,0.06,125580.64816317278,-105106.22725947152,bracketing_secant,0.0025,0.06,575.0,20966.300095603303,,6.221783102011822,20966.300095603303,1.0240240832312444
0.06,6.0,dynamic,pv_hedge_option_fair_value_costs_aud,dynamic_pv_hedge_option_fair_value_costs_aud,AUD,higher_is_adverse,125580.64816317278,0.06,125580.64816317278,0.0,bracketing_secant,0.01,0.12,1100.0,15963.579219265714,,4.737217676994073,15963.579219265714,0.12711814640838207
0.12,12.0,dynamic,pv_hedge_option_fair_value_costs_aud,dynamic_pv_hedge_option_fair_value_costs_aud,AUD,higher_is_adverse,196073.7923156241,0.06,125580.64816317278,70493.14415245132,backward_secant,0.06,0.12,600.0,11748.857358741889,,3.4864922208137514,11748.857358741889,0.05992059020223114
0.0025,0.25,dynamic,pv_hedge_option_markup_costs_aud,dynamic_pv_hedge_option_markup_costs_aud,AUD,higher_is_adverse,25.122113067268977,0.06,627.9032408158638,-602.7811277485948,forward_secant,0.0025,0.01,75.0,102.99998860164976,,0.030565411430104526,102.99998860164976,4.099973132269915
0.01,1.0,dynamic,pv_hedge_option_markup_costs_aud,dynamic_pv_hedge_option_markup_costs_aud,AUD,higher_is_adverse,102.37210451850629,0.06,627.9032408158638,-525.5311362973575,bracketing_secant,0.0025,0.06,575.0,104.8315004780165,,0.031108915510059103,104.8315004780165,1.024024083231244
0.06,6.0,dynamic,pv_hedge_option_markup_costs_aud,dynamic_pv_hedge_option_markup_costs_aud,AUD,higher_is_adverse,627.9032408158638,0.06,627.9032408158638,0.0,bracketing_secant,0.01,0.12,1100.0,79.81789609632857,,0.023686088384970366,79.81789609632857,0.1271181464083821
0.12,12.0,dynamic,pv_hedge_option_markup_costs_aud,dynamic_pv_hedge_option_markup_costs_aud,AUD,higher_is_adverse,980.3689615781205,0.06,627.9032408158638,352.46572076225675,backward_secant,0.06,0.12,600.0,58.74428679370946,,0.017432461104068764,58.74428679370946,0.05992059020223116
0.0025,0.25,dynamic,pv_hedge_management_fee_costs_aud,dynamic_pv_hedge_management_fee_costs_aud,AUD,higher_is_adverse,7705.728345404647,0.06,10032.661614281165,-2326.933268876518,forward_secant,0.0025,0.01,75.0,401.7304647611079,,0.11921415823568056,401.7304647611079,0.05213400301097845
0.01,1.0,dynamic,pv_hedge_management_fee_costs_aud,dynamic_pv_hedge_management_fee_costs_aud,AUD,higher_is_adverse,8007.026193975478,0.06,10032.661614281165,-2025.6354203056871,bracketing_secant,0.0025,0.06,575.0,404.6840467611336,,0.12009063842028023,404.6840467611336,0.05054111688377136
0.06,6.0,dynamic,pv_hedge_management_fee_costs_aud,dynamic_pv_hedge_management_fee_costs_aud,AUD,higher_is_adverse,10032.661614281165,0.06,10032.661614281165,0.0,bracketing_secant,0.01,0.12,1100.0,308.41728258362525,,0.09152332211202133,308.41728258362525,0.030741322137746913
0.12,12.0,dynamic,pv_hedge_management_fee_costs_aud,dynamic_pv_hedge_management_fee_costs_aud,AUD,higher_is_adverse,11399.616302395356,0.06,10032.661614281165,1366.9546881141905,backward_secant,0.06,0.12,600.0,227.82578135236508,,0.06760766516539728,227.82578135236508,0.019985390324452672
0.0025,0.25,dynamic,pv_hedge_execution_costs_aud,dynamic_pv_hedge_execution_costs_aud,AUD,higher_is_adverse,0.0,0.06,0.0,0.0,forward_secant,0.0025,0.01,75.0,0.0,,0.0,0.0,
0.01,1.0,dynamic,pv_hedge_execution_costs_aud,dynamic_pv_hedge_execution_costs_aud,AUD,higher_is_adverse,0.0,0.06,0.0,0.0,bracketing_secant,0.0025,0.06,575.0,0.0,,0.0,0.0,
0.06,6.0,dynamic,pv_hedge_execution_costs_aud,dynamic_pv_hedge_execution_costs_aud,AUD,higher_is_adverse,0.0,0.06,0.0,0.0,bracketing_secant,0.01,0.12,1100.0,0.0,,0.0,0.0,
0.12,12.0,dynamic,pv_hedge_execution_costs_aud,dynamic_pv_hedge_execution_costs_aud,AUD,higher_is_adverse,0.0,0.06,0.0,0.0,backward_secant,0.06,0.12,600.0,0.0,,0.0,0.0,
0.0025,0.25,dynamic,bel_nonunit_aud,dynamic_bel_nonunit_aud,AUD,higher_is_adverse,-57630.460865063746,0.06,6696.553575571814,-64327.01444063556,forward_secant,0.0025,0.01,75.0,11581.647076147805,,3.4368723018970773,11581.647076147805,0.20096398505757454
0.01,1.0,dynamic,bel_nonunit_aud,dynamic_bel_nonunit_aud,AUD,higher_is_adverse,-48944.225557952894,0.06,6696.553575571814,-55640.77913352471,bracketing_secant,0.0025,0.06,575.0,11187.306859240967,,3.319851211537451,11187.306859240967,0.22857255849302438
0.06,6.0,dynamic,bel_nonunit_aud,dynamic_bel_nonunit_aud,AUD,higher_is_adverse,6696.553575571814,0.06,6696.553575571814,0.0,bracketing_secant,0.01,0.12,1100.0,8041.896259309529,,2.3864455829665716,8041.896259309529,1.2009007571663963
0.12,12.0,dynamic,bel_nonunit_aud,dynamic_bel_nonunit_aud,AUD,higher_is_adverse,39516.63329445193,0.06,6696.553575571814,32820.079718880115,backward_secant,0.06,0.12,600.0,5470.013286480019,,1.6232351954524589,5470.013286480019,0.13842305961950457
0.0025,0.25,dynamic,bel_total_aud,dynamic_bel_total_aud,AUD,higher_is_adverse,279351.7153349362,0.06,343678.7297755718,-64327.01444063557,forward_secant,0.0025,0.01,75.0,11581.647076147765,,3.4368723018970653,11581.647076147765,0.04145901542885333
0.01,1.0,dynamic,bel_total_aud,dynamic_bel_total_aud,AUD,higher_is_adverse,288037.95064204704,0.06,343678.7297755718,-55640.779133524746,bracketing_secant,0.0025,0.06,575.0,11187.306859240969,,3.3198512115374514,11187.306859240969,0.03883969745758868
0.06,6.0,dynamic,bel_total_aud,dynamic_bel_total_aud,AUD,higher_is_adverse,343678.7297755718,0.06,343678.7297755718,0.0,bracketing_secant,0.01,0.12,1100.0,8041.896259309533,,2.386445582966573,8041.896259309533,0.02339945874614071
0.12,12.0,dynamic,bel_total_aud,dynamic_bel_total_aud,AUD,higher_is_adverse,376498.8094944519,0.06,343678.7297755718,32820.07971888012,backward_secant,0.06,0.12,600.0,5470.013286480022,,1.6232351954524595,5470.013286480022,0.014528633686318808
0.0025,0.25,dynamic,csm_aud,dynamic_csm_aud,AUD,lower_is_adverse,57630.46086506374,0.06,-6696.55357557183,64327.01444063557,forward_secant,0.0025,0.01,75.0,-11581.647076147805,,-3.4368723018970773,11581.647076147805,-0.20096398505757457
0.01,1.0,dynamic,csm_aud,dynamic_csm_aud,AUD,lower_is_adverse,48944.22555795289,0.06,-6696.55357557183,55640.77913352472,bracketing_secant,0.0025,0.06,575.0,-11187.306859240969,,-3.3198512115374514,11187.306859240969,-0.22857255849302446
0.06,6.0,dynamic,csm_aud,dynamic_csm_aud,AUD,lower_is_adverse,-6696.55357557183,0.06,-6696.55357557183,0.0,bracketing_secant,0.01,0.12,1100.0,-8041.896259309527,,-2.3864455829665707,8041.896259309527,-1.200900757166393
0.12,12.0,dynamic,csm_aud,dynamic_csm_aud,AUD,lower_is_adverse,-39516.633294451894,0.06,-6696.55357557183,-32820.079718880064,backward_secant,0.06,0.12,600.0,-5470.013286480011,,-1.6232351954524564,5470.013286480011,-0.1384230596195045
0.0025,0.25,dynamic,csm_pv_fee_income_aud,dynamic_csm_pv_fee_income_aud,AUD,lower_is_adverse,34051.89679274696,0.06,44250.38065769104,-10198.483864944086,forward_secant,0.0025,0.01,75.0,1764.076878916967,,0.5234926365571281,-1764.076878916967,0.051805539340549
0.01,1.0,dynamic,csm_pv_fee_income_aud,dynamic_csm_pv_fee_income_aud,AUD,lower_is_adverse,35374.95445193468,0.06,44250.38065769104,-8875.426205756361,bracketing_secant,0.0025,0.06,575.0,1773.6493678163629,,0.5263332879551755,-1773.6493678163629,0.050138562587445555
0.06,6.0,dynamic,csm_pv_fee_income_aud,dynamic_csm_pv_fee_income_aud,AUD,lower_is_adverse,44250.38065769104,0.06,44250.38065769104,0.0,bracketing_secant,0.01,0.12,1100.0,1351.5856293399677,,0.40108519820876143,-1351.5856293399677,0.03054404525455878
0.12,12.0,dynamic,csm_pv_fee_income_aud,dynamic_csm_pv_fee_income_aud,AUD,lower_is_adverse,50242.396374674325,0.06,44250.38065769104,5992.015716983282,backward_secant,0.06,0.12,600.0,998.6692861638803,,0.2963567086619937,-998.6692861638803,0.019877023355264943
0.0025,0.25,dynamic,csm_pv_other_income_aud,dynamic_csm_pv_other_income_aud,AUD,lower_is_adverse,114252.1908811774,0.06,151895.98777041095,-37643.79688923355,forward_secant,0.0025,0.01,75.0,6425.555797977664,,1.9067939647241392,-6425.555797977664,0.05624011013198215
0.01,1.0,dynamic,csm_pv_other_income_aud,dynamic_csm_pv_other_income_aud,AUD,lower_is_adverse,119071.35772966065,0.06,151895.98777041095,-32824.6300407503,bracketing_secant,0.0025,0.06,575.0,6546.747285084096,,1.9427577324441576,-6546.747285084096,0.05498171357000746
0.06,6.0,dynamic,csm_pv_other_income_aud,dynamic_csm_pv_other_income_aud,AUD,lower_is_adverse,151895.98777041095,0.06,151895.98777041095,0.0,bracketing_secant,0.01,0.12,1100.0,5079.668576413706,,1.507399778141057,-5079.668576413706,0.03344175610544478
0.12,12.0,dynamic,csm_pv_other_income_aud,dynamic_csm_pv_other_income_aud,AUD,lower_is_adverse,174947.71207021142,0.06,151895.98777041095,23051.724299800466,backward_secant,0.06,0.12,600.0,3841.9540499667446,,1.1401060119234712,-3841.9540499667446,0.021960584705588267
0.0025,0.25,dynamic,csm_pv_claims_aud,dynamic_csm_pv_claims_aud,AUD,higher_is_adverse,68698.33018784663,0.06,56928.72381528938,11769.606372557253,forward_secant,0.0025,0.01,75.0,-1411.8707189931497,,-0.4189748950268515,-1411.8707189931497,-0.020551747256921285
0.01,1.0,dynamic,csm_pv_claims_aud,dynamic_csm_pv_claims_aud,AUD,higher_is_adverse,67639.42714860177,0.06,56928.72381528938,10710.70333331239,bracketing_secant,0.0025,0.06,575.0,-2046.888064792566,,-0.6074173084981597,-2046.888064792566,-0.030261759318209704
0.06,6.0,dynamic,csm_pv_claims_aud,dynamic_csm_pv_claims_aud,AUD,higher_is_adverse,56928.72381528938,0.06,56928.72381528938,0.0,bracketing_secant,0.01,0.12,1100.0,-1938.3885560231865,,-0.5752199056583772,-1938.3885560231865,-0.03404939415667337
0.12,12.0,dynamic,csm_pv_claims_aud,dynamic_csm_pv_claims_aud,AUD,higher_is_adverse,46317.153032346716,0.06,56928.72381528938,-10611.570782942661,backward_secant,0.06,0.12,600.0,-1768.5951304904436,,-0.5248334349413117,-1768.5951304904436,-0.038184452512772145
0.0025,0.25,dynamic,csm_pv_costs_aud,dynamic_csm_pv_costs_aud,AUD,higher_is_adverse,21975.296621014004,0.06,145914.19818838444,-123938.90156737044,forward_secant,0.0025,0.01,75.0,21183.15047203557,,6.286133798205192,21183.15047203557,0.963952880243676
0.01,1.0,dynamic,csm_pv_costs_aud,dynamic_csm_pv_costs_aud,AUD,higher_is_adverse,37862.65947504068,0.06,145914.19818838444,-108051.53871334376,bracketing_secant,0.0025,0.06,575.0,21554.59157693399,,6.396359540434943,21554.59157693399,0.569283612820249
0.06,6.0,dynamic,csm_pv_costs_aud,dynamic_csm_pv_costs_aud,AUD,higher_is_adverse,145914.19818838444,0.06,145914.19818838444,0.0,bracketing_secant,0.01,0.12,1100.0,16411.539021086388,,4.870150464974767,16411.539021086388,0.11247390058572679
0.12,12.0,dynamic,csm_pv_costs_aud,dynamic_csm_pv_costs_aud,AUD,higher_is_adverse,218389.58870699094,0.06,145914.19818838444,72475.3905186065,backward_secant,0.06,0.12,600.0,12079.231753101083,,3.5845313509792343,12079.231753101083,0.05531047438945248
0.0025,0.25,dynamic,csm_reconciliation_gap_aud,dynamic_csm_reconciliation_gap_aud,AUD,diagnostic,7.275957614183426e-12,0.06,-1.9099388737231493e-11,2.637534635141492e-11,forward_secant,0.0025,0.01,75.0,-1.940255363782247e-11,,-5.7577388384799894e-15,,-2.666666666666667
0.01,1.0,dynamic,csm_reconciliation_gap_aud,dynamic_csm_reconciliation_gap_aud,AUD,diagnostic,-7.275957614183426e-12,0.06,-1.9099388737231493e-11,1.1823431123048067e-11,bracketing_secant,0.0025,0.06,575.0,-4.587016756767812e-12,,-1.361204562358041e-15,,-0.6304347826086957
0.06,6.0,dynamic,csm_reconciliation_gap_aud,dynamic_csm_reconciliation_gap_aud,AUD,diagnostic,-1.9099388737231493e-11,0.06,-1.9099388737231493e-11,0.0,bracketing_secant,0.01,0.12,1100.0,2.6458027687939735e-12,,7.851462052472713e-16,,0.13852813852813856
0.12,12.0,dynamic,csm_reconciliation_gap_aud,dynamic_csm_reconciliation_gap_aud,AUD,diagnostic,2.1827872842550278e-11,0.06,-1.9099388737231493e-11,4.092726157978177e-11,backward_secant,0.06,0.12,600.0,6.821210263296962e-12,,2.0242050604031212e-15,,0.3125
0.0025,0.25,dynamic,csm_to_premium,dynamic_csm_to_premium,ratio,lower_is_adverse,0.17101931477485585,0.06,-0.019872129888547592,0.19089144466340344,forward_secant,0.0025,0.01,75.0,-0.03436872301897076,-3.436872301897076,,0.03436872301897076,-0.20096398505757448
0.01,1.0,dynamic,csm_to_premium,dynamic_csm_to_premium,ratio,lower_is_adverse,0.14524277251062778,0.06,-0.019872129888547592,0.16511490239917537,bracketing_secant,0.0025,0.06,575.0,-0.033198512115374515,-3.3198512115374514,,0.033198512115374515,-0.22857255849302446
0.06,6.0,dynamic,csm_to_premium,dynamic_csm_to_premium,ratio,lower_is_adverse,-0.019872129888547592,0.06,-0.019872129888547592,0.0,bracketing_secant,0.01,0.12,1100.0,-0.023864455829665707,-2.3864455829665707,,0.023864455829665707,-1.2009007571663928
0.12,12.0,dynamic,csm_to_premium,dynamic_csm_to_premium,ratio,lower_is_adverse,-0.11726624161569497,0.06,-0.019872129888547592,-0.09739411172714738,backward_secant,0.06,0.12,600.0,-0.016232351954524566,-1.6232351954524566,,0.016232351954524566,-0.13842305961950452
0.0025,0.25,dynamic,insurer_net_present_value_before_risk_margin_aud,dynamic_insurer_net_present_value_before_risk_margin_aud,AUD,lower_is_adverse,57630.46086506373,0.06,-6696.553575571811,64327.01444063554,forward_secant,0.0025,0.01,75.0,-11581.647076147783,,-3.436872301897071,11581.647076147783,-0.2009639850575742
0.01,1.0,dynamic,insurer_net_present_value_before_risk_margin_aud,dynamic_insurer_net_present_value_before_risk_margin_aud,AUD,lower_is_adverse,48944.225557952894,0.06,-6696.553575571811,55640.7791335247,bracketing_secant,0.0025,0.06,575.0,-11187.306859240965,,-3.31985121153745,11187.306859240965,-0.22857255849302435
0.06,6.0,dynamic,insurer_net_present_value_before_risk_margin_aud,dynamic_insurer_net_present_value_before_risk_margin_aud,AUD,lower_is_adverse,-6696.553575571811,0.06,-6696.553575571811,0.0,bracketing_secant,0.01,0.12,1100.0,-8041.896259309528,,-2.386445582966571,8041.896259309528,-1.2009007571663965
0.12,12.0,dynamic,insurer_net_present_value_before_risk_margin_aud,dynamic_insurer_net_present_value_before_risk_margin_aud,AUD,lower_is_adverse,-39516.633294451916,0.06,-6696.553575571811,-32820.07971888011,backward_secant,0.06,0.12,600.0,-5470.013286480018,,-1.6232351954524584,5470.013286480018,-0.1384230596195046
0.0025,0.25,dynamic,new_business_margin_before_risk_margin,dynamic_new_business_margin_before_risk_margin,ratio,lower_is_adverse,0.17101931477485582,0.06,-0.019872129888547533,0.19089144466340335,forward_secant,0.0025,0.01,75.0,-0.03436872301897069,-3.436872301897069,,0.03436872301897069,-0.20096398505757412
0.01,1.0,dynamic,new_business_margin_before_risk_margin,dynamic_new_business_margin_before_risk_margin,ratio,lower_is_adverse,0.1452427725106278,0.06,-0.019872129888547533,0.16511490239917534,bracketing_secant,0.0025,0.06,575.0,-0.033198512115374494,-3.319851211537449,,0.033198512115374494,-0.22857255849302427
0.06,6.0,dynamic,new_business_margin_before_risk_margin,dynamic_new_business_margin_before_risk_margin,ratio,lower_is_adverse,-0.019872129888547533,0.06,-0.019872129888547533,0.0,bracketing_secant,0.01,0.12,1100.0,-0.023864455829665718,-2.3864455829665716,,0.023864455829665718,-1.2009007571663968
0.12,12.0,dynamic,new_business_margin_before_risk_margin,dynamic_new_business_margin_before_risk_margin,ratio,lower_is_adverse,-0.11726624161569504,0.06,-0.019872129888547533,-0.09739411172714751,backward_secant,0.06,0.12,600.0,-0.016232351954524587,-1.6232351954524586,,0.016232351954524587,-0.1384230596195046
0.0025,0.25,dynamic,guarantee_claims_to_premium,dynamic_guarantee_claims_to_premium,ratio,higher_is_adverse,0.20386339408964455,0.06,0.16893689885100036,0.03492649523864419,forward_secant,0.0025,0.01,75.0,-0.004189748950268543,-0.41897489502685425,,-0.004189748950268543,-0.02055174725692142
0.01,1.0,dynamic,guarantee_claims_to_premium,dynamic_guarantee_claims_to_premium,ratio,higher_is_adverse,0.20072108237694314,0.06,0.16893689885100036,0.03178418352594278,bracketing_secant,0.0025,0.06,575.0,-0.0060741730849815994,-0.6074173084981599,,-0.0060741730849815994,-0.030261759318209718
0.06,6.0,dynamic,guarantee_claims_to_premium,dynamic_guarantee_claims_to_premium,ratio,higher_is_adverse,0.16893689885100036,0.06,0.16893689885100036,0.0,bracketing_secant,0.01,0.12,1100.0,-0.005752199056583771,-0.5752199056583771,,-0.005752199056583771,-0.034049394156673365
0.12,12.0,dynamic,guarantee_claims_to_premium,dynamic_guarantee_claims_to_premium,ratio,higher_is_adverse,0.13744689275452165,0.06,0.16893689885100036,-0.0314900060964787,backward_secant,0.06,0.12,600.0,-0.005248334349413118,-0.5248334349413117,,-0.005248334349413118,-0.038184452512772145
0.0025,0.25,dynamic,guarantee_value_to_premium,dynamic_guarantee_value_to_premium,ratio,higher_is_adverse,0.12372064864475539,0.06,0.06479154053298297,0.05892910811177242,forward_secant,0.0025,0.01,75.0,-0.00834158710227334,-0.834158710227334,,-0.00834158710227334,-0.06742275597200359
0.01,1.0,dynamic,guarantee_value_to_premium,dynamic_guarantee_value_to_premium,ratio,higher_is_adverse,0.11746445831805039,0.06,0.06479154053298297,0.052672917785067414,bracketing_secant,0.0025,0.06,575.0,-0.010248540541177813,-1.0248540541177813,,-0.010248540541177813,-0.0872480126152589
0.06,6.0,dynamic,guarantee_value_to_premium,dynamic_guarantee_value_to_premium,ratio,higher_is_adverse,0.06479154053298297,0.06,0.06479154053298297,0.0,bracketing_secant,0.01,0.12,1100.0,-0.008933219594101535,-0.8933219594101535,,-0.008933219594101535,-0.13787632645582742
0.12,12.0,dynamic,guarantee_value_to_premium,dynamic_guarantee_value_to_premium,ratio,higher_is_adverse,0.019199042782933506,0.06,0.06479154053298297,-0.04559249775004946,backward_secant,0.06,0.12,600.0,-0.007598749625008244,-0.7598749625008244,,-0.007598749625008244,-0.39578794166566245
0.0025,0.25,dynamic,bel_total_to_premium,dynamic_bel_total_to_premium,ratio,higher_is_adverse,0.828980685225144,0.06,1.0198721298885476,-0.19089144466340358,forward_secant,0.0025,0.01,75.0,0.03436872301897065,3.436872301897065,,0.03436872301897065,0.04145901542885333
0.01,1.0,dynamic,bel_total_to_premium,dynamic_bel_total_to_premium,ratio,higher_is_adverse,0.854757227489372,0.06,1.0198721298885476,-0.1651149023991756,bracketing_secant,0.0025,0.06,575.0,0.033198512115374536,3.3198512115374537,,0.033198512115374536,0.03883969745758871
0.06,6.0,dynamic,bel_total_to_premium,dynamic_bel_total_to_premium,ratio,higher_is_adverse,1.0198721298885476,0.06,1.0198721298885476,0.0,bracketing_secant,0.01,0.12,1100.0,0.02386445582966574,2.386445582966574,,0.02386445582966574,0.02339945874614072
0.12,12.0,dynamic,bel_total_to_premium,dynamic_bel_total_to_premium,ratio,higher_is_adverse,1.117266241615695,0.06,1.0198721298885476,0.09739411172714751,backward_secant,0.06,0.12,600.0,0.016232351954524587,1.6232351954524586,,0.016232351954524587,0.0145286336863188
0.0025,0.25,dynamic,expenses_to_premium,dynamic_expenses_to_premium,ratio,higher_is_adverse,0.027360567413560112,0.06,0.028704738271895146,-0.0013441708583350337,forward_secant,0.0025,0.01,75.0,0.00023271942518501842,0.023271942518501842,,0.00023271942518501842,0.008505650546913763
0.01,1.0,dynamic,expenses_to_premium,dynamic_expenses_to_premium,ratio,higher_is_adverse,0.027535106982448876,0.06,0.028704738271895146,-0.0011696312894462699,bracketing_secant,0.0025,0.06,575.0,0.00023376884492783197,0.023376884492783197,,0.00023376884492783197,0.008489846982502677
0.06,6.0,dynamic,expenses_to_premium,dynamic_expenses_to_premium,ratio,higher_is_adverse,0.028704738271895146,0.06,0.028704738271895146,0.0,bracketing_secant,0.01,0.12,1100.0,0.0001772337748370198,0.01772337748370198,,0.0001772337748370198,0.006174373483507762
0.12,12.0,dynamic,expenses_to_premium,dynamic_expenses_to_premium,ratio,higher_is_adverse,0.029484678505656094,0.06,0.028704738271895146,0.0007799402337609479,backward_secant,0.06,0.12,600.0,0.00012999003896015798,0.012999003896015798,,0.00012999003896015798,0.004408731773528471
0.0025,0.25,dynamic,hedge_costs_to_premium,dynamic_hedge_costs_to_premium,ratio,higher_is_adverse,0.03785147694089143,0.06,0.40429797965756564,-0.3664465027166742,forward_secant,0.0025,0.01,75.0,0.0626286185568669,6.2628618556866895,,0.0626286185568669,1.6545885027067044
0.01,1.0,dynamic,hedge_costs_to_premium,dynamic_hedge_costs_to_premium,ratio,higher_is_adverse,0.0848229408585416,0.06,0.40429797965756564,-0.31947503879902406,bracketing_secant,0.0025,0.06,575.0,0.06372982655942161,6.372982655942161,,0.06372982655942161,0.7513277176477909
0.06,6.0,dynamic,hedge_costs_to_premium,dynamic_hedge_costs_to_premium,ratio,higher_is_adverse,0.40429797965756564,0.06,0.40429797965756564,0.0,bracketing_secant,0.01,0.12,1100.0,0.048524270874910645,4.852427087491065,,0.048524270874910645,0.12002105703325547
0.12,12.0,dynamic,hedge_costs_to_premium,dynamic_hedge_costs_to_premium,ratio,higher_is_adverse,0.6185899204825587,0.06,0.40429797965756564,0.21429194082499303,backward_secant,0.06,0.12,600.0,0.03571532347083217,3.571532347083217,,0.03571532347083217,0.0577366722092252
0.0025,0.25,dynamic,money_market_income_to_premium,dynamic_money_market_income_to_premium,ratio,lower_is_adverse,0.3366870474314387,0.06,0.44919786261139205,-0.11251081517995337,forward_secant,0.0025,0.01,75.0,0.019197495896462545,1.9197495896462544,,-0.019197495896462545,0.05701881329536988
0.01,1.0,dynamic,money_market_income_to_premium,dynamic_money_market_income_to_premium,ratio,lower_is_adverse,0.3510851693537856,0.06,0.44919786261139205,-0.09811269325760646,bracketing_secant,0.0025,0.06,575.0,0.019567098292165807,1.9567098292165808,,-0.019567098292165807,0.055733195247698444
0.06,6.0,dynamic,money_market_income_to_premium,dynamic_money_market_income_to_premium,ratio,lower_is_adverse,0.44919786261139205,0.06,0.44919786261139205,0.0,bracketing_secant,0.01,0.12,1100.0,0.015170725994376839,1.517072599437684,,-0.015170725994376839,0.033772925601610146
0.12,12.0,dynamic,money_market_income_to_premium,dynamic_money_market_income_to_premium,ratio,lower_is_adverse,0.5179631552919308,0.06,0.44919786261139205,0.06876529268053877,backward_secant,0.06,0.12,600.0,0.01146088211342313,1.146088211342313,,-0.01146088211342313,0.02212682889956454
0.0025,0.25,dynamic,hedge_gain_to_premium,dynamic_hedge_gain_to_premium,ratio,lower_is_adverse,0.0,0.06,0.0,0.0,forward_secant,0.0025,0.01,75.0,0.0,0.0,,-0.0,
0.01,1.0,dynamic,hedge_gain_to_premium,dynamic_hedge_gain_to_premium,ratio,lower_is_adverse,0.0,0.06,0.0,0.0,bracketing_secant,0.0025,0.06,575.0,0.0,0.0,,-0.0,
0.06,6.0,dynamic,hedge_gain_to_premium,dynamic_hedge_gain_to_premium,ratio,lower_is_adverse,0.0,0.06,0.0,0.0,bracketing_secant,0.01,0.12,1100.0,0.0,0.0,,-0.0,
0.12,12.0,dynamic,hedge_gain_to_premium,dynamic_hedge_gain_to_premium,ratio,lower_is_adverse,0.0,0.06,0.0,0.0,backward_secant,0.06,0.12,600.0,0.0,0.0,,-0.0,
0.0025,0.25,dynamic,claims_to_future_fees,dynamic_claims_to_future_fees,ratio,higher_is_adverse,2.01745972055452,0.06,1.28651376483458,0.7309459557199403,forward_secant,0.0025,0.01,75.0,-0.14051819551948047,-14.051819551948046,,-0.14051819551948047,-0.0696510537919724
0.01,1.0,dynamic,claims_to_future_fees,dynamic_claims_to_future_fees,ratio,higher_is_adverse,1.9120710739149098,0.06,1.28651376483458,0.6255573090803299,bracketing_secant,0.0025,0.06,575.0,-0.12712103577738093,-12.712103577738093,,-0.12712103577738093,-0.06648342601465349
0.06,6.0,dynamic,claims_to_future_fees,dynamic_claims_to_future_fees,ratio,higher_is_adverse,1.28651376483458,0.06,1.28651376483458,0.0,bracketing_secant,0.01,0.12,1100.0,-0.09001792645549411,-9.001792645549411,,-0.09001792645549411,-0.06997043398682068
0.12,12.0,dynamic,claims_to_future_fees,dynamic_claims_to_future_fees,ratio,higher_is_adverse,0.9218738829044746,0.06,1.28651376483458,-0.3646398819301053,backward_secant,0.06,0.12,600.0,-0.06077331365501756,-6.077331365501756,,-0.06077331365501756,-0.06592367435721677
0.0025,0.25,dynamic,fee_coverage_ratio,dynamic_fee_coverage_ratio,ratio,lower_is_adverse,0.3755435620164187,0.06,0.21815097229219363,0.15739258972422507,forward_secant,0.0025,0.01,75.0,-0.0536567581393704,-5.36567581393704,,0.0536567581393704,-0.14287758749283136
0.01,1.0,dynamic,fee_coverage_ratio,dynamic_fee_coverage_ratio,ratio,lower_is_adverse,0.3353009934118909,0.06,0.21815097229219363,0.11715002111969727,bracketing_secant,0.0025,0.06,575.0,-0.02737262429986523,-2.737262429986523,,0.02737262429986523,-0.08163597733884467
0.06,6.0,dynamic,fee_coverage_ratio,dynamic_fee_coverage_ratio,ratio,lower_is_adverse,0.21815097229219363,0.06,0.21815097229219363,0.0,bracketing_secant,0.01,0.12,1100.0,-0.013227000099768047,-1.3227000099768047,,0.013227000099768047,-0.06063232247276748
0.12,12.0,dynamic,fee_coverage_ratio,dynamic_fee_coverage_ratio,ratio,lower_is_adverse,0.1898039923144424,0.06,0.21815097229219363,-0.028346979977751235,backward_secant,0.06,0.12,600.0,-0.0047244966629585395,-0.47244966629585394,,0.0047244966629585395,-0.024891450413390737
0.0025,0.25,dynamic,income_start_year_mean,dynamic_income_start_year_mean,years,diagnostic,5.066419782939079,0.06,5.347807615314192,-0.28138783237511333,forward_secant,0.0025,0.01,75.0,0.06998187548843168,,,,0.013812885328628361
0.01,1.0,dynamic,income_start_year_mean,dynamic_income_start_year_mean,years,diagnostic,5.118906189555402,0.06,5.347807615314192,-0.22890142575878958,bracketing_secant,0.0025,0.06,575.0,0.04893701432610668,,,,0.0095600529710737
0.06,6.0,dynamic,income_start_year_mean,dynamic_income_start_year_mean,years,diagnostic,5.347807615314192,0.06,5.347807615314192,0.0,bracketing_secant,0.01,0.12,1100.0,0.03207047354562231,,,,0.005996938531181272
0.12,12.0,dynamic,income_start_year_mean,dynamic_income_start_year_mean,years,diagnostic,5.471681398557248,0.06,5.347807615314192,0.12387378324305587,backward_secant,0.06,0.12,600.0,0.020645630540509316,,,,0.0037731784869552303
0.0025,0.25,dynamic,income_start_year_median,dynamic_income_start_year_median,years,diagnostic,5.0,0.06,5.0,0.0,forward_secant,0.0025,0.01,75.0,0.0,,,,0.0
0.01,1.0,dynamic,income_start_year_median,dynamic_income_start_year_median,years,diagnostic,5.0,0.06,5.0,0.0,bracketing_secant,0.0025,0.06,575.0,0.0,,,,0.0
0.06,6.0,dynamic,income_start_year_median,dynamic_income_start_year_median,years,diagnostic,5.0,0.06,5.0,0.0,bracketing_secant,0.01,0.12,1100.0,0.0,,,,0.0
0.12,12.0,dynamic,income_start_year_median,dynamic_income_start_year_median,years,diagnostic,5.0,0.06,5.0,0.0,backward_secant,0.06,0.12,600.0,0.0,,,,0.0
0.0025,0.25,dynamic,income_start_year_p10,dynamic_income_start_year_p10,years,diagnostic,2.0,0.06,2.0,0.0,forward_secant,0.0025,0.01,75.0,0.0,,,,0.0
0.01,1.0,dynamic,income_start_year_p10,dynamic_income_start_year_p10,years,diagnostic,2.0,0.06,2.0,0.0,bracketing_secant,0.0025,0.06,575.0,0.0,,,,0.0
0.06,6.0,dynamic,income_start_year_p10,dynamic_income_start_year_p10,years,diagnostic,2.0,0.06,2.0,0.0,bracketing_secant,0.01,0.12,1100.0,0.0,,,,0.0
0.12,12.0,dynamic,income_start_year_p10,dynamic_income_start_year_p10,years,diagnostic,2.0,0.06,2.0,0.0,backward_secant,0.06,0.12,600.0,0.0,,,,0.0
0.0025,0.25,dynamic,income_start_year_p90,dynamic_income_start_year_p90,years,diagnostic,8.0,0.06,9.0,-1.0,forward_secant,0.0025,0.01,75.0,0.0,,,,0.0
0.01,1.0,dynamic,income_start_year_p90,dynamic_income_start_year_p90,years,diagnostic,8.0,0.06,9.0,-1.0,bracketing_secant,0.0025,0.06,575.0,0.1739130434782609,,,,0.02173913043478261
0.06,6.0,dynamic,income_start_year_p90,dynamic_income_start_year_p90,years,diagnostic,9.0,0.06,9.0,0.0,bracketing_secant,0.01,0.12,1100.0,0.09090909090909093,,,,0.010101010101010104
0.12,12.0,dynamic,income_start_year_p90,dynamic_income_start_year_p90,years,diagnostic,9.0,0.06,9.0,0.0,backward_secant,0.06,0.12,600.0,0.0,,,,0.0
0.0025,0.25,dynamic,income_election_share,dynamic_income_election_share,ratio,diagnostic,0.9242554742341081,0.06,0.9156409869009784,0.00861448733312975,forward_secant,0.0025,0.01,75.0,-0.000948563515388301,-0.0948563515388301,,,-0.0010263001321948737
0.01,1.0,dynamic,income_election_share,dynamic_income_election_share,ratio,diagnostic,0.9235440515975669,0.06,0.9156409869009784,0.007903064696588524,bracketing_secant,0.0025,0.06,575.0,-0.001498171710109522,-0.14981717101095218,,,-0.0016221984295366869
0.06,6.0,dynamic,income_election_share,dynamic_income_election_share,ratio,diagnostic,0.9156409869009784,0.06,0.9156409869009784,0.0,bracketing_secant,0.01,0.12,1100.0,-0.0009779647426495207,-0.09779647426495207,,,-0.001068065712042314
0.12,12.0,dynamic,income_election_share,dynamic_income_election_share,ratio,diagnostic,0.9127864394284222,0.06,0.9156409869009784,-0.0028545474725562014,backward_secant,0.06,0.12,600.0,-0.00047575791209270024,-0.047575791209270024,,,-0.0005212149211929738
0.0025,0.25,dynamic,forced_income_election_share,dynamic_forced_income_election_share,ratio,diagnostic,0.0002510951899629395,0.06,0.0005402022361657422,-0.0002891070462028027,forward_secant,0.0025,0.01,75.0,4.42609974676707e-05,0.00442609974676707,,,0.1762717855097241
0.01,1.0,dynamic,forced_income_election_share,dynamic_forced_income_election_share,ratio,diagnostic,0.0002842909380636925,0.06,0.0005402022361657422,-0.00025591129810204966,bracketing_secant,0.0025,0.06,575.0,5.02794862961396e-05,0.00502794862961396,,,0.17685926480313977
0.06,6.0,dynamic,forced_income_election_share,dynamic_forced_income_election_share,ratio,diagnostic,0.0005402022361657422,0.06,0.0005402022361657422,0.0,bracketing_secant,0.01,0.12,1100.0,3.446913980509875e-05,0.003446913980509875,,,0.06380784361381854
0.12,12.0,dynamic,forced_income_election_share,dynamic_forced_income_election_share,ratio,diagnostic,0.0006634514759197788,0.06,0.0005402022361657422,0.00012324923975403658,backward_secant,0.06,0.12,600.0,2.0541539959006098e-05,0.0020541539959006098,,,0.030961631264032154
0.0025,0.25,dynamic,mean_growth_duration,dynamic_mean_growth_duration,years,diagnostic,5.026669282846648,0.06,5.324764269604497,-0.2980949867578486,forward_secant,0.0025,0.01,75.0,0.07089009329846738,,,,0.014102796366647316
0.01,1.0,dynamic,mean_growth_duration,dynamic_mean_growth_duration,years,diagnostic,5.079836852820499,0.06,5.324764269604497,-0.2449274167839981,bracketing_secant,0.0025,0.06,575.0,0.05184260639266933,,,,0.010205565236585215
0.06,6.0,dynamic,mean_growth_duration,dynamic_mean_growth_duration,years,diagnostic,5.324764269604497,0.06,5.324764269604497,0.0,bracketing_secant,0.01,0.12,1100.0,0.034298925039458895,,,,0.006441397835252242
0.12,12.0,dynamic,mean_growth_duration,dynamic_mean_growth_duration,years,diagnostic,5.457125028254547,0.06,5.324764269604497,0.1323607586500497,backward_secant,0.06,0.12,600.0,0.022060126441674953,,,,0.004042444753869026
0.0025,0.25,dynamic,growth_phase_exposure,dynamic_growth_phase_exposure,ratio,diagnostic,0.102548796172455,0.06,0.10869259071946956,-0.006143794547014553,forward_secant,0.0025,0.01,75.0,0.0014375417409415725,0.14375417409415725,,,0.014018124001417597
0.01,1.0,dynamic,growth_phase_exposure,dynamic_growth_phase_exposure,ratio,diagnostic,0.10362695247816119,0.06,0.10869259071946956,-0.005065638241308373,bracketing_secant,0.0025,0.06,575.0,0.0010684860081764441,0.10684860081764441,,,0.010310889036340441
0.06,6.0,dynamic,growth_phase_exposure,dynamic_growth_phase_exposure,ratio,diagnostic,0.10869259071946956,0.06,0.10869259071946956,0.0,bracketing_secant,0.01,0.12,1100.0,0.0007058818812491335,0.07058818812491334,,,0.006494296221818663
0.12,12.0,dynamic,growth_phase_exposure,dynamic_growth_phase_exposure,ratio,diagnostic,0.11139165317190165,0.06,0.10869259071946956,0.002699062452432094,backward_secant,0.06,0.12,600.0,0.0004498437420720157,0.04498437420720157,,,0.00403839721615235
0.0025,0.25,dynamic,income_phase_exposure,dynamic_income_phase_exposure,ratio,diagnostic,0.37434457992271003,0.06,0.3872486739489865,-0.012904094026276458,forward_secant,0.0025,0.01,75.0,0.0017919268933431396,0.17919268933431395,,,0.004786838088354623
0.01,1.0,dynamic,income_phase_exposure,dynamic_income_phase_exposure,ratio,diagnostic,0.3756885250927174,0.06,0.3872486739489865,-0.011560148856269103,bracketing_secant,0.0025,0.06,575.0,0.002244190265439384,0.22441902654393842,,,0.005973539556166995
0.06,6.0,dynamic,income_phase_exposure,dynamic_income_phase_exposure,ratio,diagnostic,0.3872486739489865,0.06,0.3872486739489865,0.0,bracketing_secant,0.01,0.12,1100.0,0.0017622379244825663,0.17622379244825662,,,0.004550662256663302
0.12,12.0,dynamic,income_phase_exposure,dynamic_income_phase_exposure,ratio,diagnostic,0.3950731422620256,0.06,0.3872486739489865,0.007824468313039123,backward_secant,0.06,0.12,600.0,0.0013040780521731874,0.13040780521731873,,,0.003300852203484588
0.0025,0.25,dynamic,ordinary_income_lapse_rate,dynamic_ordinary_income_lapse_rate,ratio,diagnostic,9.821440945858925e-05,0.06,0.00014246081842014067,-4.424640896155143e-05,forward_secant,0.0025,0.01,75.0,6.519682290998535e-06,0.0006519682290998535,,,0.06638213605252567
0.01,1.0,dynamic,ordinary_income_lapse_rate,dynamic_ordinary_income_lapse_rate,ratio,diagnostic,0.00010310417117683815,0.06,0.00014246081842014067,-3.935664724330253e-05,bracketing_secant,0.0025,0.06,575.0,7.695027645487206e-06,0.0007695027645487206,,,0.07463352411115504
0.06,6.0,dynamic,ordinary_income_lapse_rate,dynamic_ordinary_income_lapse_rate,ratio,diagnostic,0.00014246081842014067,0.06,0.00014246081842014067,0.0,bracketing_secant,0.01,0.12,1100.0,7.431834708457929e-06,0.0007431834708457928,,,0.05216756993870561
0.12,12.0,dynamic,ordinary_income_lapse_rate,dynamic_ordinary_income_lapse_rate,ratio,diagnostic,0.00018485435296987536,0.06,0.00014246081842014067,4.239353454973469e-05,backward_secant,0.06,0.12,600.0,7.065589091622449e-06,0.0007065589091622449,,,0.038222465298255036
0.0025,0.25,dynamic,performance_income_lapse_rate,dynamic_performance_income_lapse_rate,ratio,diagnostic,0.00044430204046818744,0.06,0.0001879858913691363,0.00025631614909905117,forward_secant,0.0025,0.01,75.0,-3.9732473844051024e-05,-0.003973247384405102,,,-0.08942671927003207
0.01,1.0,dynamic,performance_income_lapse_rate,dynamic_performance_income_lapse_rate,ratio,diagnostic,0.00041450268508514917,0.06,0.0001879858913691363,0.00022651679371601287,bracketing_secant,0.0025,0.06,575.0,-4.457672158244369e-05,-0.004457672158244368,,,-0.1075426606061346
0.06,6.0,dynamic,performance_income_lapse_rate,dynamic_performance_income_lapse_rate,ratio,diagnostic,0.0001879858913691363,0.06,0.0001879858913691363,0.0,bracketing_secant,0.01,0.12,1100.0,-3.5155510026107195e-05,-0.0035155510026107194,,,-0.18701142819848374
0.12,12.0,dynamic,performance_income_lapse_rate,dynamic_performance_income_lapse_rate,ratio,diagnostic,2.7792074797970038e-05,0.06,0.0001879858913691363,-0.00016019381657116625,backward_secant,0.06,0.12,600.0,-2.669896942852771e-05,-0.002669896942852771,,,-0.9606684503626131
0.0025,0.25,dynamic,total_income_lapse_rate,dynamic_total_income_lapse_rate,ratio,diagnostic,0.0005425164499267765,0.06,0.000330446709789277,0.00021206974013749953,forward_secant,0.0025,0.01,75.0,-3.321279155305233e-05,-0.003321279155305233,,,-0.061219879245200885
0.01,1.0,dynamic,total_income_lapse_rate,dynamic_total_income_lapse_rate,ratio,diagnostic,0.0005176068562619873,0.06,0.000330446709789277,0.00018716014647271028,bracketing_secant,0.0025,0.06,575.0,-3.688169393695644e-05,-0.003688169393695644,,,-0.07125426081738132
0.06,6.0,dynamic,total_income_lapse_rate,dynamic_total_income_lapse_rate,ratio,diagnostic,0.000330446709789277,0.06,0.000330446709789277,0.0,bracketing_secant,0.01,0.12,1100.0,-2.772367531764927e-05,-0.0027723675317649268,,,-0.08389756803851493
0.12,12.0,dynamic,total_income_lapse_rate,dynamic_total_income_lapse_rate,ratio,diagnostic,0.0002126464277678454,0.06,0.000330446709789277,-0.00011780028202143162,backward_secant,0.06,0.12,600.0,-1.963338033690527e-05,-0.001963338033690527,,,-0.09232875690881492
0.0025,0.25,lsmc,pv_policyholder_benefits_aud,lsmc_pv_policyholder_benefits_aud,AUD,diagnostic,313707.2956153674,0.06,333039.4693933789,-19332.173778011464,forward_secant,0.0025,0.01,75.0,3581.961340890033,,1.06295275948486,,0.011418163973087292
0.01,1.0,lsmc,pv_policyholder_benefits_aud,lsmc_pv_policyholder_benefits_aud,AUD,diagnostic,316393.76662103494,0.06,333039.4693933789,-16645.70277234394,bracketing_secant,0.0025,0.06,575.0,3362.1171787846024,,0.9977136526025564,,0.01062636983873208
0.06,6.0,lsmc,pv_policyholder_benefits_aud,lsmc_pv_policyholder_benefits_aud,AUD,diagnostic,333039.4693933789,0.06,333039.4693933789,0.0,bracketing_secant,0.01,0.12,1100.0,3321.3968490855395,,0.9856298296068573,,0.009972982647178009
0.12,12.0,lsmc,pv_policyholder_benefits_aud,lsmc_pv_policyholder_benefits_aud,AUD,diagnostic,352929.1319609759,0.06,333039.4693933789,19889.662567597,backward_secant,0.06,0.12,600.0,3314.943761266167,,0.9837148654707295,,0.009392661191915173
0.0025,0.25,lsmc,pv_policyholder_benefits_pre_election_aud,lsmc_pv_policyholder_benefits_pre_election_aud,AUD,diagnostic,3361.190988830075,0.06,3472.96772041712,-111.77673158704465,forward_secant,0.0025,0.01,75.0,25.80442796816169,,0.007657505289789179,,0.007677168019881964
0.01,1.0,lsmc,pv_policyholder_benefits_pre_election_aud,lsmc_pv_policyholder_benefits_pre_election_aud,AUD,diagnostic,3380.5443098061965,0.06,3472.96772041712,-92.42341061092338,bracketing_secant,0.0025,0.06,575.0,19.439431580355592,,0.005768682426935907,,0.005750385085610677
0.06,6.0,lsmc,pv_policyholder_benefits_pre_election_aud,lsmc_pv_policyholder_benefits_pre_election_aud,AUD,diagnostic,3472.96772041712,0.06,3472.96772041712,0.0,bracketing_secant,0.01,0.12,1100.0,1675.071869360317,,0.4970802575523034,,0.4823171432065982
0.12,12.0,lsmc,pv_policyholder_benefits_pre_election_aud,lsmc_pv_policyholder_benefits_pre_election_aud,AUD,diagnostic,21806.33487276968,0.06,3472.96772041712,18333.36715235256,backward_secant,0.06,0.12,600.0,3055.5611920587603,,0.906742673014633,,0.14012263912696052
0.0025,0.25,lsmc,pv_policyholder_benefits_post_election_aud,lsmc_pv_policyholder_benefits_post_election_aud,AUD,diagnostic,310346.1046265375,0.06,329566.5016729616,-19220.3970464241,forward_secant,0.0025,0.01,75.0,3556.1569129216177,,1.0552952541949956,,0.01145868067911149
0.01,1.0,lsmc,pv_policyholder_benefits_post_election_aud,lsmc_pv_policyholder_benefits_post_election_aud,AUD,diagnostic,313013.2223112287,0.06,329566.5016729616,-16553.279361732886,bracketing_secant,0.0025,0.06,575.0,3342.6777472041913,,0.991944970175604,,0.01067903049756975
0.06,6.0,lsmc,pv_policyholder_benefits_post_election_aud,lsmc_pv_policyholder_benefits_post_election_aud,AUD,diagnostic,329566.5016729616,0.06,329566.5016729616,0.0,bracketing_secant,0.01,0.12,1100.0,1646.3249797252356,,0.48854957205455773,,0.004995425722481139
0.12,12.0,lsmc,pv_policyholder_benefits_post_election_aud,lsmc_pv_policyholder_benefits_post_election_aud,AUD,diagnostic,331122.7970882063,0.06,329566.5016729616,1556.2954152447055,backward_secant,0.06,0.12,600.0,259.38256920745096,,0.07697219245610977,,0.0007833425287789992
0.0025,0.25,lsmc,pv_guarantee_claims_aud,lsmc_pv_guarantee_claims_aud,AUD,higher_is_adverse,95416.13629978684,0.06,58208.22853822495,37207.907761561895,forward_secant,0.0025,0.01,75.0,-6426.15159257451,,-1.9069707677240972,-6426.15159257451,-0.06734868798694865
0.01,1.0,lsmc,pv_guarantee_claims_aud,lsmc_pv_guarantee_claims_aud,AUD,higher_is_adverse,90596.52260535596,0.06,58208.22853822495,32388.294067131013,bracketing_secant,0.0025,0.06,575.0,-6470.940480271635,,-1.920261941815911,-6470.940480271635,-0.07142592556735816
0.06,6.0,lsmc,pv_guarantee_claims_aud,lsmc_pv_guarantee_claims_aud,AUD,higher_is_adverse,58208.22853822495,0.06,58208.22853822495,0.0,bracketing_secant,0.01,0.12,1100.0,-3415.9907262532256,,-1.0137007140181278,-3415.9907262532256,-0.05868570152431229
0.12,12.0,lsmc,pv_guarantee_claims_aud,lsmc_pv_guarantee_claims_aud,AUD,higher_is_adverse,53020.62461657048,0.06,58208.22853822495,-5187.603921654467,backward_secant,0.06,0.12,600.0,-864.6006536090779,,-0.25657162742516526,-864.6006536090779,-0.016306874161925004
0.0025,0.25,lsmc,guarantee_value_aud,lsmc_guarantee_value_aud,AUD,higher_is_adverse,73584.99917223728,0.06,29428.437436443375,44156.561735793905,forward_secant,0.0025,0.01,75.0,-7551.140413908153,,-2.2408130005744065,-7551.140413908153,-0.10261793162806893
0.01,1.0,lsmc,guarantee_value_aud,lsmc_guarantee_value_aud,AUD,higher_is_adverse,67921.64386180617,0.06,29428.437436443375,38493.20642536279,bracketing_secant,0.0025,0.06,575.0,-7679.402041007636,,-2.278874843650451,-7679.402041007636,-0.11306266462914531
0.06,6.0,lsmc,guarantee_value_aud,lsmc_guarantee_value_aud,AUD,higher_is_adverse,29428.437436443375,0.06,29428.437436443375,0.0,bracketing_secant,0.01,0.12,1100.0,-4960.289651524478,,-1.4719738911593148,-4960.289651524478,-0.16855429929765114
0.12,12.0,lsmc,guarantee_value_aud,lsmc_guarantee_value_aud,AUD,higher_is_adverse,13358.4576950369,0.06,29428.437436443375,-16069.979741406476,backward_secant,0.06,0.12,600.0,-2678.329956901079,,-0.7947987003655297,-2678.329956901079,-0.20049694493520503
0.0025,0.25,lsmc,pv_future_fees_aud,lsmc_pv_future_fees_aud,AUD,lower_is_adverse,27526.21637821467,0.06,36287.56269355068,-8761.34631533601,forward_secant,0.0025,0.01,75.0,1418.4641660293905,,0.4209315109851767,-1418.4641660293905,0.051531389077941664
0.01,1.0,lsmc,pv_future_fees_aud,lsmc_pv_future_fees_aud,AUD,lower_is_adverse,28590.064502736714,0.06,36287.56269355068,-7697.498190813967,bracketing_secant,0.0025,0.06,575.0,1523.7124026671322,,0.45216409361746307,-1523.7124026671322,0.053295171912650936
0.06,6.0,lsmc,pv_future_fees_aud,lsmc_pv_future_fees_aud,AUD,lower_is_adverse,36287.56269355068,0.06,36287.56269355068,0.0,bracketing_secant,0.01,0.12,1100.0,1947.1595144724495,,0.577822701612801,-1947.1595144724495,0.053659142966317616
0.12,12.0,lsmc,pv_future_fees_aud,lsmc_pv_future_fees_aud,AUD,lower_is_adverse,50008.81916193366,0.06,36287.56269355068,13721.256468382977,backward_secant,0.06,0.12,600.0,2286.8760780638295,,0.6786341354465469,-2286.8760780638295,0.04572945565178597
0.0025,0.25,lsmc,pv_crediting_margin_aud,lsmc_pv_crediting_margin_aud,AUD,lower_is_adverse,89374.72751077494,0.06,121609.71566959233,-32234.98815881739,forward_secant,0.0025,0.01,75.0,5144.114102341856,,1.52652409108095,-5144.114102341856,0.05755669690541642
0.01,1.0,lsmc,pv_crediting_margin_aud,lsmc_pv_crediting_margin_aud,AUD,lower_is_adverse,93232.81308753134,0.06,121609.71566959233,-28376.902582060997,bracketing_secant,0.0025,0.06,575.0,5606.084897185633,,1.6636146636605502,-5606.084897185633,0.060129955447363555
0.06,6.0,lsmc,pv_crediting_margin_aud,lsmc_pv_crediting_margin_aud,AUD,lower_is_adverse,121609.71566959233,0.06,121609.71566959233,0.0,bracketing_secant,0.01,0.12,1100.0,7173.231934952192,,2.128668054744491,-7173.231934952192,0.058985681328632605
0.12,12.0,lsmc,pv_crediting_margin_aud,lsmc_pv_crediting_margin_aud,AUD,lower_is_adverse,172138.36437200545,0.06,121609.71566959233,50528.64870241312,backward_secant,0.06,0.12,600.0,8421.441450402188,,2.499076225741992,-8421.441450402188,0.04892251347411868
0.0025,0.25,lsmc,pv_money_market_income_aud,lsmc_pv_money_market_income_aud,AUD,lower_is_adverse,89374.72751077494,0.06,121609.71566959233,-32234.98815881739,forward_secant,0.0025,0.01,75.0,5144.114102341856,,1.52652409108095,-5144.114102341856,0.05755669690541642
0.01,1.0,lsmc,pv_money_market_income_aud,lsmc_pv_money_market_income_aud,AUD,lower_is_adverse,93232.81308753134,0.06,121609.71566959233,-28376.902582060997,bracketing_secant,0.0025,0.06,575.0,5606.084897185633,,1.6636146636605502,-5606.084897185633,0.060129955447363555
0.06,6.0,lsmc,pv_money_market_income_aud,lsmc_pv_money_market_income_aud,AUD,lower_is_adverse,121609.71566959233,0.06,121609.71566959233,0.0,bracketing_secant,0.01,0.12,1100.0,7173.231934952192,,2.128668054744491,-7173.231934952192,0.058985681328632605
0.12,12.0,lsmc,pv_money_market_income_aud,lsmc_pv_money_market_income_aud,AUD,lower_is_adverse,172138.36437200545,0.06,121609.71566959233,50528.64870241312,backward_secant,0.06,0.12,600.0,8421.441450402188,,2.499076225741992,-8421.441450402188,0.04892251347411868
0.0025,0.25,lsmc,pv_hedge_gain_aud,lsmc_pv_hedge_gain_aud,AUD,lower_is_adverse,0.0,0.06,0.0,0.0,forward_secant,0.0025,0.01,75.0,0.0,,0.0,-0.0,
0.01,1.0,lsmc,pv_hedge_gain_aud,lsmc_pv_hedge_gain_aud,AUD,lower_is_adverse,0.0,0.06,0.0,0.0,bracketing_secant,0.0025,0.06,575.0,0.0,,0.0,-0.0,
0.06,6.0,lsmc,pv_hedge_gain_aud,lsmc_pv_hedge_gain_aud,AUD,lower_is_adverse,0.0,0.06,0.0,0.0,bracketing_secant,0.01,0.12,1100.0,0.0,,0.0,-0.0,
0.12,12.0,lsmc,pv_hedge_gain_aud,lsmc_pv_hedge_gain_aud,AUD,lower_is_adverse,0.0,0.06,0.0,0.0,backward_secant,0.06,0.12,600.0,0.0,,0.0,-0.0,
0.0025,0.25,lsmc,pv_growth_fees_aud,lsmc_pv_growth_fees_aud,AUD,diagnostic,4656.5720076645575,0.06,4656.5720076645575,0.0,forward_secant,0.0025,0.01,75.0,0.0,,0.0,,0.0
0.01,1.0,lsmc,pv_growth_fees_aud,lsmc_pv_growth_fees_aud,AUD,diagnostic,4656.5720076645575,0.06,4656.5720076645575,0.0,bracketing_secant,0.0025,0.06,575.0,0.0,,0.0,,0.0
0.06,6.0,lsmc,pv_growth_fees_aud,lsmc_pv_growth_fees_aud,AUD,diagnostic,4656.5720076645575,0.06,4656.5720076645575,0.0,bracketing_secant,0.01,0.12,1100.0,1608.555205673654,,0.4773413311684982,,0.3454376315938049
0.12,12.0,lsmc,pv_growth_fees_aud,lsmc_pv_growth_fees_aud,AUD,diagnostic,22350.67927007475,0.06,4656.5720076645575,17694.107262410194,backward_secant,0.06,0.12,600.0,2949.017877068366,,0.8751257738089134,,0.13194309852662045
0.0025,0.25,lsmc,pv_growth_crediting_margin_aud,lsmc_pv_growth_crediting_margin_aud,AUD,diagnostic,14322.280378851452,0.06,14322.280378851452,0.0,forward_secant,0.0025,0.01,75.0,0.0,,0.0,,0.0
0.01,1.0,lsmc,pv_growth_crediting_margin_aud,lsmc_pv_growth_crediting_margin_aud,AUD,diagnostic,14322.280378851452,0.06,14322.280378851452,0.0,bracketing_secant,0.0025,0.06,575.0,0.0,,0.0,,0.0
0.06,6.0,lsmc,pv_growth_crediting_margin_aud,lsmc_pv_growth_crediting_margin_aud,AUD,diagnostic,14322.280378851452,0.06,14322.280378851452,0.0,bracketing_secant,0.01,0.12,1100.0,4935.338476434986,,1.4645695900265796,,0.3445916673801889
0.12,12.0,lsmc,pv_growth_crediting_margin_aud,lsmc_pv_growth_crediting_margin_aud,AUD,diagnostic,68611.00361963629,0.06,14322.280378851452,54288.72324078484,backward_secant,0.06,0.12,600.0,9048.120540130809,,2.685044248382063,,0.13187564767732474
0.0025,0.25,lsmc,pv_post_election_guarantee_claims_aud,lsmc_pv_post_election_guarantee_claims_aud,AUD,higher_is_adverse,95416.13629978684,0.06,58208.22853822495,37207.907761561895,forward_secant,0.0025,0.01,75.0,-6426.15159257451,,-1.9069707677240972,-6426.15159257451,-0.06734868798694865
0.01,1.0,lsmc,pv_post_election_guarantee_claims_aud,lsmc_pv_post_election_guarantee_claims_aud,AUD,higher_is_adverse,90596.52260535596,0.06,58208.22853822495,32388.294067131013,bracketing_secant,0.0025,0.06,575.0,-6470.940480271635,,-1.920261941815911,-6470.940480271635,-0.07142592556735816
0.06,6.0,lsmc,pv_post_election_guarantee_claims_aud,lsmc_pv_post_election_guarantee_claims_aud,AUD,higher_is_adverse,58208.22853822495,0.06,58208.22853822495,0.0,bracketing_secant,0.01,0.12,1100.0,-3415.9907262532256,,-1.0137007140181278,-3415.9907262532256,-0.05868570152431229
0.12,12.0,lsmc,pv_post_election_guarantee_claims_aud,lsmc_pv_post_election_guarantee_claims_aud,AUD,higher_is_adverse,53020.62461657048,0.06,58208.22853822495,-5187.603921654467,backward_secant,0.06,0.12,600.0,-864.6006536090779,,-0.25657162742516526,-864.6006536090779,-0.016306874161925004
0.0025,0.25,lsmc,pv_expenses_aud,lsmc_pv_expenses_aud,AUD,higher_is_adverse,9135.98783582437,0.06,9482.406918403456,-346.41908257908653,forward_secant,0.0025,0.01,75.0,56.77396179733478,,0.016847764008633873,56.77396179733478,0.006214321080278877
0.01,1.0,lsmc,pv_expenses_aud,lsmc_pv_expenses_aud,AUD,higher_is_adverse,9178.56830717237,0.06,9482.406918403456,-303.83861123108545,bracketing_secant,0.0025,0.06,575.0,60.24679697027593,,0.017878333403164703,60.24679697027593,0.0065638555986119885
0.06,6.0,lsmc,pv_expenses_aud,lsmc_pv_expenses_aud,AUD,higher_is_adverse,9482.406918403456,0.06,9482.406918403456,0.0,bracketing_secant,0.01,0.12,1100.0,71.40893593513547,,0.02119071600177276,71.40893593513547,0.007530676182704732
0.12,12.0,lsmc,pv_expenses_aud,lsmc_pv_expenses_aud,AUD,higher_is_adverse,9964.06660245886,0.06,9482.406918403456,481.6596840554048,backward_secant,0.06,0.12,600.0,80.27661400923414,,0.023822213659629794,80.27661400923414,0.008056611543466003
0.0025,0.25,lsmc,pv_hedge_costs_aud,lsmc_pv_hedge_costs_aud,AUD,higher_is_adverse,10466.440847954998,0.06,112217.48143187267,-101751.04058391767,forward_secant,0.0025,0.01,75.0,17252.37863971672,,5.119670967249431,17252.37863971672,1.6483519938000322
0.01,1.0,lsmc,pv_hedge_costs_aud,lsmc_pv_hedge_costs_aud,AUD,higher_is_adverse,23405.72482774254,0.06,112217.48143187267,-88811.75660413013,bracketing_secant,0.0025,0.06,575.0,17695.833145029163,,5.2512668012822825,17695.833145029163,0.7560472181598279
0.06,6.0,lsmc,pv_hedge_costs_aud,lsmc_pv_hedge_costs_aud,AUD,higher_is_adverse,112217.48143187267,0.06,112217.48143187267,0.0,bracketing_secant,0.01,0.12,1100.0,16617.024370251424,,4.931128571141153,16617.024370251424,0.14807874992578257
0.12,12.0,lsmc,pv_hedge_costs_aud,lsmc_pv_hedge_costs_aud,AUD,higher_is_adverse,206192.9929005082,0.06,112217.48143187267,93975.51146863552,backward_secant,0.06,0.12,600.0,15662.585244772588,,4.647897233436107,15662.585244772588,0.07596080266573398
0.0025,0.25,lsmc,pv_hedge_option_fair_value_costs_aud,lsmc_pv_hedge_option_fair_value_costs_aud,AUD,higher_is_adverse,4113.954816623841,0.06,103382.29338975903,-99268.33857313519,forward_secant,0.0025,0.01,75.0,16843.96891163482,,4.998474726935668,16843.96891163482,4.0943495158408165
0.01,1.0,lsmc,pv_hedge_option_fair_value_costs_aud,lsmc_pv_hedge_option_fair_value_costs_aud,AUD,higher_is_adverse,16746.931500349958,0.06,103382.29338975903,-86635.36188940908,bracketing_secant,0.0025,0.06,575.0,17264.058882284382,,5.123137097921199,17264.058882284382,1.0308789333689947
0.06,6.0,lsmc,pv_hedge_option_fair_value_costs_aud,lsmc_pv_hedge_option_fair_value_costs_aud,AUD,higher_is_adverse,103382.29338975903,0.06,103382.29338975903,0.0,bracketing_secant,0.01,0.12,1100.0,16103.748789781226,,4.778813221332989,16103.748789781226,0.15576892581661814
0.12,12.0,lsmc,pv_hedge_option_fair_value_costs_aud,lsmc_pv_hedge_option_fair_value_costs_aud,AUD,higher_is_adverse,193888.16818794343,0.06,103382.29338975903,90505.8747981844,backward_secant,0.06,0.12,600.0,15084.312466364068,,4.476293861136288,15084.312466364068,0.07779903543027056
0.0025,0.25,lsmc,pv_hedge_option_markup_costs_aud,lsmc_pv_hedge_option_markup_costs_aud,AUD,higher_is_adverse,20.569774083119203,0.06,516.911466948795,-496.3416928656758,forward_secant,0.0025,0.01,75.0,84.21984455817412,,0.024992373634678343,84.21984455817412,4.094349515840818
0.01,1.0,lsmc,pv_hedge_option_markup_costs_aud,lsmc_pv_hedge_option_markup_costs_aud,AUD,higher_is_adverse,83.73465750174978,0.06,516.911466948795,-433.17680944704523,bracketing_secant,0.0025,0.06,575.0,86.32029441142187,,0.025615685489605987,86.32029441142187,1.0308789333689943
0.06,6.0,lsmc,pv_hedge_option_markup_costs_aud,lsmc_pv_hedge_option_markup_costs_aud,AUD,higher_is_adverse,516.911466948795,0.06,516.911466948795,0.0,bracketing_secant,0.01,0.12,1100.0,80.51874394890613,,0.023894066106664943,80.51874394890613,0.1557689258166182
0.12,12.0,lsmc,pv_hedge_option_markup_costs_aud,lsmc_pv_hedge_option_markup_costs_aud,AUD,higher_is_adverse,969.4408409397172,0.06,516.911466948795,452.5293739909222,backward_secant,0.06,0.12,600.0,75.42156233182037,,0.022381469305681446,75.42156233182037,0.07779903543027059
0.0025,0.25,lsmc,pv_hedge_management_fee_costs_aud,lsmc_pv_hedge_management_fee_costs_aud,AUD,higher_is_adverse,6331.916257248039,0.06,8318.276575164868,-1986.3603179168285,forward_secant,0.0025,0.01,75.0,324.18988352373105,,0.09620386667908612,324.18988352373105,0.051199332137824204
0.01,1.0,lsmc,pv_hedge_management_fee_costs_aud,lsmc_pv_hedge_management_fee_costs_aud,AUD,higher_is_adverse,6575.058669890837,0.06,8318.276575164868,-1743.2179052740303,bracketing_secant,0.0025,0.06,575.0,345.4539683333615,,0.1025140178714774,345.4539683333615,0.05254005867891319
0.06,6.0,lsmc,pv_hedge_management_fee_costs_aud,lsmc_pv_hedge_management_fee_costs_aud,AUD,higher_is_adverse,8318.276575164868,0.06,8318.276575164868,0.0,bracketing_secant,0.01,0.12,1100.0,432.7568365212921,,0.12842128370150044,432.7568365212921,0.052024819397486176
0.12,12.0,lsmc,pv_hedge_management_fee_costs_aud,lsmc_pv_hedge_management_fee_costs_aud,AUD,higher_is_adverse,11335.38387162505,0.06,8318.276575164868,3017.1072964601826,backward_secant,0.06,0.12,600.0,502.8512160766971,,0.14922190299413737,502.8512160766971,0.044361198682952754
0.0025,0.25,lsmc,pv_hedge_execution_costs_aud,lsmc_pv_hedge_execution_costs_aud,AUD,higher_is_adverse,0.0,0.06,0.0,0.0,forward_secant,0.0025,0.01,75.0,0.0,,0.0,0.0,
0.01,1.0,lsmc,pv_hedge_execution_costs_aud,lsmc_pv_hedge_execution_costs_aud,AUD,higher_is_adverse,0.0,0.06,0.0,0.0,bracketing_secant,0.0025,0.06,575.0,0.0,,0.0,0.0,
0.06,6.0,lsmc,pv_hedge_execution_costs_aud,lsmc_pv_hedge_execution_costs_aud,AUD,higher_is_adverse,0.0,0.06,0.0,0.0,bracketing_secant,0.01,0.12,1100.0,0.0,,0.0,0.0,
0.12,12.0,lsmc,pv_hedge_execution_costs_aud,lsmc_pv_hedge_execution_costs_aud,AUD,higher_is_adverse,0.0,0.06,0.0,0.0,backward_secant,0.06,0.12,600.0,0.0,,0.0,0.0,
0.0025,0.25,lsmc,bel_nonunit_aud,lsmc_bel_nonunit_aud,AUD,higher_is_adverse,-1882.3789054234003,0.06,22010.83852535807,-23893.21743078147,forward_secant,0.0025,0.01,75.0,4320.422740568308,,1.2820923614678432,4320.422740568308,2.295192922169154
0.01,1.0,lsmc,bel_nonunit_aud,lsmc_bel_nonunit_aud,AUD,higher_is_adverse,1357.93815000283,0.06,22010.83852535807,-20652.900375355242,bracketing_secant,0.0025,0.06,575.0,4155.342161875039,,1.2331044355915222,4155.342161875039,3.0600378683420737
0.06,6.0,lsmc,bel_nonunit_aud,lsmc_bel_nonunit_aud,AUD,higher_is_adverse,22010.83852535807,0.06,22010.83852535807,0.0,bracketing_secant,0.01,0.12,1100.0,4152.0511305086875,,1.2321278167675052,4152.0511305086875,0.18863666305694013
0.12,12.0,lsmc,bel_nonunit_aud,lsmc_bel_nonunit_aud,AUD,higher_is_adverse,47030.50058559839,0.06,22010.83852535807,25019.66206024032,backward_secant,0.06,0.12,600.0,4169.94367670672,,1.2374374584820311,4169.94367670672,0.08866466707317237
0.0025,0.25,lsmc,bel_total_aud,lsmc_bel_total_aud,AUD,higher_is_adverse,335099.7972945766,0.06,358993.01472535805,-23893.217430781457,forward_secant,0.0025,0.01,75.0,4320.422740568252,,1.2820923614678266,4320.422740568252,0.012892943461766086
0.01,1.0,lsmc,bel_total_aud,lsmc_bel_total_aud,AUD,higher_is_adverse,338340.1143500028,0.06,358993.01472535805,-20652.900375355268,bracketing_secant,0.0025,0.06,575.0,4155.342161875036,,1.2331044355915215,4155.342161875036,0.01228155334125252
0.06,6.0,lsmc,bel_total_aud,lsmc_bel_total_aud,AUD,higher_is_adverse,358993.01472535805,0.06,358993.01472535805,0.0,bracketing_secant,0.01,0.12,1100.0,4152.051130508687,,1.232127816767505,4152.051130508687,0.011565827077959018
0.12,12.0,lsmc,bel_total_aud,lsmc_bel_total_aud,AUD,higher_is_adverse,384012.67678559833,0.06,358993.01472535805,25019.662060240284,backward_secant,0.06,0.12,600.0,4169.9436767067145,,1.2374374584820296,4169.9436767067145,0.01085886984672351
0.0025,0.25,lsmc,csm_aud,lsmc_csm_aud,AUD,lower_is_adverse,1882.3789054234003,0.06,-22010.838525358064,23893.217430781464,forward_secant,0.0025,0.01,75.0,-4320.4227405682905,,-1.282092361467838,4320.4227405682905,-2.2951929221691447
0.01,1.0,lsmc,csm_aud,lsmc_csm_aud,AUD,lower_is_adverse,-1357.9381500028176,0.06,-22010.838525358064,20652.900375355246,bracketing_secant,0.0025,0.06,575.0,-4155.342161875038,,-1.2331044355915222,4155.342161875038,-3.0600378683421012
0.06,6.0,lsmc,csm_aud,lsmc_csm_aud,AUD,lower_is_adverse,-22010.838525358064,0.06,-22010.838525358064,0.0,bracketing_secant,0.01,0.12,1100.0,-4152.051130508689,,-1.2321278167675058,4152.051130508689,-0.18863666305694027
0.12,12.0,lsmc,csm_aud,lsmc_csm_aud,AUD,lower_is_adverse,-47030.500585598405,0.06,-22010.838525358064,-25019.66206024034,backward_secant,0.06,0.12,600.0,-4169.943676706724,,-1.2374374584820322,4169.943676706724,-0.08866466707317243
0.0025,0.25,lsmc,csm_pv_fee_income_aud,lsmc_csm_pv_fee_income_aud,AUD,lower_is_adverse,27526.21637821467,0.06,36287.56269355068,-8761.34631533601,forward_secant,0.0025,0.01,75.0,1418.4641660293905,,0.4209315109851767,-1418.4641660293905,0.051531389077941664
0.01,1.0,lsmc,csm_pv_fee_income_aud,lsmc_csm_pv_fee_income_aud,AUD,lower_is_adverse,28590.064502736714,0.06,36287.56269355068,-7697.498190813967,bracketing_secant,0.0025,0.06,575.0,1523.7124026671322,,0.45216409361746307,-1523.7124026671322,0.053295171912650936
0.06,6.0,lsmc,csm_pv_fee_income_aud,lsmc_csm_pv_fee_income_aud,AUD,lower_is_adverse,36287.56269355068,0.06,36287.56269355068,0.0,bracketing_secant,0.01,0.12,1100.0,1947.1595144724495,,0.577822701612801,-1947.1595144724495,0.053659142966317616
0.12,12.0,lsmc,csm_pv_fee_income_aud,lsmc_csm_pv_fee_income_aud,AUD,lower_is_adverse,50008.81916193366,0.06,36287.56269355068,13721.256468382977,backward_secant,0.06,0.12,600.0,2286.8760780638295,,0.6786341354465469,-2286.8760780638295,0.04572945565178597
0.0025,0.25,lsmc,csm_pv_other_income_aud,lsmc_csm_pv_other_income_aud,AUD,lower_is_adverse,89374.72751077494,0.06,121609.71566959233,-32234.98815881739,forward_secant,0.0025,0.01,75.0,5144.114102341856,,1.52652409108095,-5144.114102341856,0.05755669690541642
0.01,1.0,lsmc,csm_pv_other_income_aud,lsmc_csm_pv_other_income_aud,AUD,lower_is_adverse,93232.81308753134,0.06,121609.71566959233,-28376.902582060997,bracketing_secant,0.0025,0.06,575.0,5606.084897185633,,1.6636146636605502,-5606.084897185633,0.060129955447363555
0.06,6.0,lsmc,csm_pv_other_income_aud,lsmc_csm_pv_other_income_aud,AUD,lower_is_adverse,121609.71566959233,0.06,121609.71566959233,0.0,bracketing_secant,0.01,0.12,1100.0,7173.231934952192,,2.128668054744491,-7173.231934952192,0.058985681328632605
0.12,12.0,lsmc,csm_pv_other_income_aud,lsmc_csm_pv_other_income_aud,AUD,lower_is_adverse,172138.36437200545,0.06,121609.71566959233,50528.64870241312,backward_secant,0.06,0.12,600.0,8421.441450402188,,2.499076225741992,-8421.441450402188,0.04892251347411868
0.0025,0.25,lsmc,csm_pv_claims_aud,lsmc_csm_pv_claims_aud,AUD,higher_is_adverse,95416.13629978684,0.06,58208.22853822495,37207.907761561895,forward_secant,0.0025,0.01,75.0,-6426.15159257451,,-1.9069707677240972,-6426.15159257451,-0.06734868798694865
0.01,1.0,lsmc,csm_pv_claims_aud,lsmc_csm_pv_claims_aud,AUD,higher_is_adverse,90596.52260535596,0.06,58208.22853822495,32388.294067131013,bracketing_secant,0.0025,0.06,575.0,-6470.940480271635,,-1.920261941815911,-6470.940480271635,-0.07142592556735816
0.06,6.0,lsmc,csm_pv_claims_aud,lsmc_csm_pv_claims_aud,AUD,higher_is_adverse,58208.22853822495,0.06,58208.22853822495,0.0,bracketing_secant,0.01,0.12,1100.0,-3415.9907262532256,,-1.0137007140181278,-3415.9907262532256,-0.05868570152431229
0.12,12.0,lsmc,csm_pv_claims_aud,lsmc_csm_pv_claims_aud,AUD,higher_is_adverse,53020.62461657048,0.06,58208.22853822495,-5187.603921654467,backward_secant,0.06,0.12,600.0,-864.6006536090779,,-0.25657162742516526,-864.6006536090779,-0.016306874161925004
0.0025,0.25,lsmc,csm_pv_costs_aud,lsmc_csm_pv_costs_aud,AUD,higher_is_adverse,19602.42868377937,0.06,121699.88835027613,-102097.45966649675,forward_secant,0.0025,0.01,75.0,17309.15260151405,,5.136518731258064,17309.15260151405,0.8830106146916907
0.01,1.0,lsmc,csm_pv_costs_aud,lsmc_csm_pv_costs_aud,AUD,higher_is_adverse,32584.293134914908,0.06,121699.88835027613,-89115.59521536122,bracketing_secant,0.0025,0.06,575.0,17756.079941999436,,5.269145134685446,17756.079941999436,0.544927578096618
0.06,6.0,lsmc,csm_pv_costs_aud,lsmc_csm_pv_costs_aud,AUD,higher_is_adverse,121699.88835027613,0.06,121699.88835027613,0.0,bracketing_secant,0.01,0.12,1100.0,16688.43330618656,,4.952319287142926,16688.43330618656,0.13712776184439854
0.12,12.0,lsmc,csm_pv_costs_aud,lsmc_csm_pv_costs_aud,AUD,higher_is_adverse,216157.05950296705,0.06,121699.88835027613,94457.17115269092,backward_secant,0.06,0.12,600.0,15742.861858781822,,4.671719447095738,15742.861858781822,0.07283066255148483
0.0025,0.25,lsmc,csm_reconciliation_gap_aud,lsmc_csm_reconciliation_gap_aud,AUD,diagnostic,-9.549694368615746e-12,0.06,-3.637978807091713e-12,-5.9117155615240335e-12,forward_secant,0.0025,0.01,75.0,2.000888343900442e-11,,5.937668177182488e-15,,2.0952380952380953
0.01,1.0,lsmc,csm_reconciliation_gap_aud,lsmc_csm_reconciliation_gap_aud,AUD,diagnostic,5.4569682106375694e-12,0.06,-3.637978807091713e-12,9.094947017729282e-12,bracketing_secant,0.0025,0.06,575.0,1.0281244454824407e-12,,3.0509757432162987e-16,,0.1884057971014493
0.06,6.0,lsmc,csm_reconciliation_gap_aud,lsmc_csm_reconciliation_gap_aud,AUD,diagnostic,-3.637978807091713e-12,0.06,-3.637978807091713e-12,0.0,bracketing_secant,0.01,0.12,1100.0,-1.8189894035458565e-12,,-5.39788016107499e-16,,-0.5
0.12,12.0,lsmc,csm_reconciliation_gap_aud,lsmc_csm_reconciliation_gap_aud,AUD,diagnostic,-1.4551915228366852e-11,0.06,-3.637978807091713e-12,-1.0913936421275139e-11,backward_secant,0.06,0.12,600.0,-1.8189894035458565e-12,,-5.39788016107499e-16,,-0.125
0.0025,0.25,lsmc,csm_to_premium,lsmc_csm_to_premium,ratio,lower_is_adverse,0.005585989522206072,0.06,-0.06531751552430642,0.0709035050465125,forward_secant,0.0025,0.01,75.0,-0.01282092361467838,-1.2820923614678381,,0.01282092361467838,-2.295192922169145
0.01,1.0,lsmc,csm_to_premium,lsmc_csm_to_premium,ratio,lower_is_adverse,-0.004029703188802713,0.06,-0.06531751552430642,0.06128781233550371,bracketing_secant,0.0025,0.06,575.0,-0.012331044355915217,-1.2331044355915217,,0.012331044355915217,-3.0600378683421
0.06,6.0,lsmc,csm_to_premium,lsmc_csm_to_premium,ratio,lower_is_adverse,-0.06531751552430642,0.06,-0.06531751552430642,0.0,bracketing_secant,0.01,0.12,1100.0,-0.01232127816767506,-1.2321278167675058,,0.01232127816767506,-0.18863666305694032
0.12,12.0,lsmc,csm_to_premium,lsmc_csm_to_premium,ratio,lower_is_adverse,-0.13956376303322837,0.06,-0.06531751552430642,-0.07424624750892195,backward_secant,0.06,0.12,600.0,-0.012374374584820325,-1.2374374584820325,,0.012374374584820325,-0.08866466707317244
0.0025,0.25,lsmc,insurer_net_present_value_before_risk_margin_aud,lsmc_insurer_net_present_value_before_risk_margin_aud,AUD,lower_is_adverse,1882.3789054234098,0.06,-22010.83852535806,23893.21743078147,forward_secant,0.0025,0.01,75.0,-4320.4227405683105,,-1.2820923614678439,4320.4227405683105,-2.295192922169144
0.01,1.0,lsmc,insurer_net_present_value_before_risk_margin_aud,lsmc_insurer_net_present_value_before_risk_margin_aud,AUD,lower_is_adverse,-1357.938150002823,0.06,-22010.83852535806,20652.90037535524,bracketing_secant,0.0025,0.06,575.0,-4155.342161875039,,-1.2331044355915222,4155.342161875039,-3.0600378683420892
0.06,6.0,lsmc,insurer_net_present_value_before_risk_margin_aud,lsmc_insurer_net_present_value_before_risk_margin_aud,AUD,lower_is_adverse,-22010.83852535806,0.06,-22010.83852535806,0.0,bracketing_secant,0.01,0.12,1100.0,-4152.051130508688,,-1.2321278167675056,4152.051130508688,-0.18863666305694027
0.12,12.0,lsmc,insurer_net_present_value_before_risk_margin_aud,lsmc_insurer_net_present_value_before_risk_margin_aud,AUD,lower_is_adverse,-47030.50058559839,0.06,-22010.83852535806,-25019.66206024033,backward_secant,0.06,0.12,600.0,-4169.943676706722,,-1.2374374584820318,4169.943676706722,-0.08866466707317242
0.0025,0.25,lsmc,new_business_margin_before_risk_margin,lsmc_new_business_margin_before_risk_margin,ratio,lower_is_adverse,0.0055859895222061,0.06,-0.06531751552430642,0.07090350504651252,forward_secant,0.0025,0.01,75.0,-0.01282092361467844,-1.2820923614678439,,0.01282092361467844,-2.2951929221691443
0.01,1.0,lsmc,new_business_margin_before_risk_margin,lsmc_new_business_margin_before_risk_margin,ratio,lower_is_adverse,-0.004029703188802729,0.06,-0.06531751552430642,0.0612878123355037,bracketing_secant,0.0025,0.06,575.0,-0.012331044355915222,-1.2331044355915222,,0.012331044355915222,-3.0600378683420892
0.06,6.0,lsmc,new_business_margin_before_risk_margin,lsmc_new_business_margin_before_risk_margin,ratio,lower_is_adverse,-0.06531751552430642,0.06,-0.06531751552430642,0.0,bracketing_secant,0.01,0.12,1100.0,-0.012321278167675054,-1.2321278167675054,,0.012321278167675054,-0.18863666305694024
0.12,12.0,lsmc,new_business_margin_before_risk_margin,lsmc_new_business_margin_before_risk_margin,ratio,lower_is_adverse,-0.13956376303322832,0.06,-0.06531751552430642,-0.07424624750892189,backward_secant,0.06,0.12,600.0,-0.012374374584820316,-1.2374374584820316,,0.012374374584820316,-0.08866466707317242
0.0025,0.25,lsmc,guarantee_claims_to_premium,lsmc_guarantee_claims_to_premium,ratio,higher_is_adverse,0.28314891124436525,0.06,0.17273384958995036,0.11041506165441489,forward_secant,0.0025,0.01,75.0,-0.019069707677241032,-1.9069707677241032,,-0.019069707677241032,-0.06734868798694886
0.01,1.0,lsmc,guarantee_claims_to_premium,lsmc_guarantee_claims_to_premium,ratio,higher_is_adverse,0.2688466304864345,0.06,0.17273384958995036,0.09611278089648412,bracketing_secant,0.0025,0.06,575.0,-0.019202619418159112,-1.9202619418159113,,-0.019202619418159112,-0.07142592556735816
0.06,6.0,lsmc,guarantee_claims_to_premium,lsmc_guarantee_claims_to_premium,ratio,higher_is_adverse,0.17273384958995036,0.06,0.17273384958995036,0.0,bracketing_secant,0.01,0.12,1100.0,-0.010137007140181276,-1.0137007140181276,,-0.010137007140181276,-0.05868570152431227
0.12,12.0,lsmc,guarantee_claims_to_premium,lsmc_guarantee_claims_to_premium,ratio,higher_is_adverse,0.15733955194444044,0.06,0.17273384958995036,-0.015394297645509925,backward_secant,0.06,0.12,600.0,-0.0025657162742516544,-0.2565716274251654,,-0.0025657162742516544,-0.016306874161925014
0.0025,0.25,lsmc,guarantee_value_to_premium,lsmc_guarantee_value_to_premium,ratio,higher_is_adverse,0.21836466249349742,0.06,0.08732935898359652,0.1310353035099009,forward_secant,0.0025,0.01,75.0,-0.022408130005744042,-2.2408130005744042,,-0.022408130005744042,-0.10261793162806881
0.01,1.0,lsmc,guarantee_value_to_premium,lsmc_guarantee_value_to_premium,ratio,higher_is_adverse,0.2015585649891894,0.06,0.08732935898359652,0.11422920600559287,bracketing_secant,0.0025,0.06,575.0,-0.022788748436504504,-2.2788748436504505,,-0.022788748436504504,-0.11306266462914528
0.06,6.0,lsmc,guarantee_value_to_premium,lsmc_guarantee_value_to_premium,ratio,higher_is_adverse,0.08732935898359652,0.06,0.08732935898359652,0.0,bracketing_secant,0.01,0.12,1100.0,-0.014719738911593153,-1.4719738911593152,,-0.014719738911593153,-0.1685542992976512
0.12,12.0,lsmc,guarantee_value_to_premium,lsmc_guarantee_value_to_premium,ratio,higher_is_adverse,0.039641436961664736,0.06,0.08732935898359652,-0.04768792202193178,backward_secant,0.06,0.12,600.0,-0.007947987003655298,-0.7947987003655298,,-0.007947987003655298,-0.2004969449352051
0.0025,0.25,lsmc,bel_total_to_premium,lsmc_bel_total_to_premium,ratio,higher_is_adverse,0.994414010477794,0.06,1.0653175155243064,-0.07090350504651244,forward_secant,0.0025,0.01,75.0,0.012820923614678126,1.2820923614678126,,0.012820923614678126,0.012892943461765945
0.01,1.0,lsmc,bel_total_to_premium,lsmc_bel_total_to_premium,ratio,higher_is_adverse,1.0040297031888026,0.06,1.0653175155243064,-0.061287812335503844,bracketing_secant,0.0025,0.06,575.0,0.012331044355915208,1.2331044355915208,,0.012331044355915208,0.012281553341252515
0.06,6.0,lsmc,bel_total_to_premium,lsmc_bel_total_to_premium,ratio,higher_is_adverse,1.0653175155243064,0.06,1.0653175155243064,0.0,bracketing_secant,0.01,0.12,1100.0,0.012321278167675063,1.2321278167675063,,0.012321278167675063,0.01156582707795903
0.12,12.0,lsmc,bel_total_to_premium,lsmc_bel_total_to_premium,ratio,higher_is_adverse,1.1395637630332283,0.06,1.0653175155243064,0.07424624750892184,backward_secant,0.06,0.12,600.0,0.012374374584820307,1.2374374584820307,,0.012374374584820307,0.010858869846723518
0.0025,0.25,lsmc,expenses_to_premium,lsmc_expenses_to_premium,ratio,higher_is_adverse,0.027111190089775347,0.06,0.028139194260457318,-0.001028004170681971,forward_secant,0.0025,0.01,75.0,0.00016847764008634064,0.016847764008634063,,0.00016847764008634064,0.006214321080278948
0.01,1.0,lsmc,expenses_to_premium,lsmc_expenses_to_premium,ratio,higher_is_adverse,0.027237548319840103,0.06,0.028139194260457318,-0.0009016459406172156,bracketing_secant,0.0025,0.06,575.0,0.00017878333403164716,0.017878333403164717,,0.00017878333403164716,0.006563855598611994
0.06,6.0,lsmc,expenses_to_premium,lsmc_expenses_to_premium,ratio,higher_is_adverse,0.028139194260457318,0.06,0.028139194260457318,0.0,bracketing_secant,0.01,0.12,1100.0,0.00021190716001772745,0.021190716001772743,,0.00021190716001772745,0.0075306761827047255
0.12,12.0,lsmc,expenses_to_premium,lsmc_expenses_to_premium,ratio,higher_is_adverse,0.029568527080035104,0.06,0.028139194260457318,0.001429332819577786,backward_secant,0.06,0.12,600.0,0.0002382221365962977,0.02382221365962977,,0.0002382221365962977,0.008056611543465996
0.0025,0.25,lsmc,hedge_costs_to_premium,lsmc_hedge_costs_to_premium,ratio,higher_is_adverse,0.031059330692146555,0.06,0.33300717176587774,-0.3019478410737312,forward_secant,0.0025,0.01,75.0,0.05119670967249431,5.119670967249431,,0.05119670967249431,1.6483519938000322
0.01,1.0,lsmc,hedge_costs_to_premium,lsmc_hedge_costs_to_premium,ratio,higher_is_adverse,0.06945686294651729,0.06,0.33300717176587774,-0.2635503088193605,bracketing_secant,0.0025,0.06,575.0,0.05251266801282282,5.251266801282282,,0.05251266801282282,0.7560472181598278
0.06,6.0,lsmc,hedge_costs_to_premium,lsmc_hedge_costs_to_premium,ratio,higher_is_adverse,0.33300717176587774,0.06,0.33300717176587774,0.0,bracketing_secant,0.01,0.12,1100.0,0.04931128571141153,4.931128571141153,,0.04931128571141153,0.14807874992578257
0.12,12.0,lsmc,hedge_costs_to_premium,lsmc_hedge_costs_to_premium,ratio,higher_is_adverse,0.6118810057720442,0.06,0.33300717176587774,0.27887383400616644,backward_secant,0.06,0.12,600.0,0.046478972334361074,4.647897233436107,,0.046478972334361074,0.07596080266573396
0.0025,0.25,lsmc,money_market_income_to_premium,lsmc_money_market_income_to_premium,ratio,lower_is_adverse,0.2652209339930512,0.06,0.36087877715353284,-0.09565784316048165,forward_secant,0.0025,0.01,75.0,0.015265240910809535,1.5265240910809534,,-0.015265240910809535,0.057556696905416545
0.01,1.0,lsmc,money_market_income_to_premium,lsmc_money_market_income_to_premium,ratio,lower_is_adverse,0.27666986467615834,0.06,0.36087877715353284,-0.0842089124773745,bracketing_secant,0.0025,0.06,575.0,0.016636146636605505,1.6636146636605504,,-0.016636146636605505,0.060129955447363555
0.06,6.0,lsmc,money_market_income_to_premium,lsmc_money_market_income_to_premium,ratio,lower_is_adverse,0.36087877715353284,0.06,0.36087877715353284,0.0,bracketing_secant,0.01,0.12,1100.0,0.021286680547444904,2.1286680547444905,,-0.021286680547444904,0.05898568132863259
0.12,12.0,lsmc,money_market_income_to_premium,lsmc_money_market_income_to_premium,ratio,lower_is_adverse,0.5108233506980523,0.06,0.36087877715353284,0.14994457354451945,backward_secant,0.06,0.12,600.0,0.02499076225741991,2.499076225741991,,-0.02499076225741991,0.048922513474118676
0.0025,0.25,lsmc,hedge_gain_to_premium,lsmc_hedge_gain_to_premium,ratio,lower_is_adverse,0.0,0.06,0.0,0.0,forward_secant,0.0025,0.01,75.0,0.0,0.0,,-0.0,
0.01,1.0,lsmc,hedge_gain_to_premium,lsmc_hedge_gain_to_premium,ratio,lower_is_adverse,0.0,0.06,0.0,0.0,bracketing_secant,0.0025,0.06,575.0,0.0,0.0,,-0.0,
0.06,6.0,lsmc,hedge_gain_to_premium,lsmc_hedge_gain_to_premium,ratio,lower_is_adverse,0.0,0.06,0.0,0.0,bracketing_secant,0.01,0.12,1100.0,0.0,0.0,,-0.0,
0.12,12.0,lsmc,hedge_gain_to_premium,lsmc_hedge_gain_to_premium,ratio,lower_is_adverse,0.0,0.06,0.0,0.0,backward_secant,0.06,0.12,600.0,0.0,0.0,,-0.0,
0.0025,0.25,lsmc,claims_to_future_fees,lsmc_claims_to_future_fees,ratio,higher_is_adverse,3.4663731109555225,0.06,1.604082066073018,1.8622910448825045,forward_secant,0.0025,0.01,75.0,-0.3967489347730204,-39.67489347730204,,-0.3967489347730204,-0.11445650023048289
0.01,1.0,lsmc,claims_to_future_fees,lsmc_claims_to_future_fees,ratio,higher_is_adverse,3.168811409875757,0.06,1.604082066073018,1.5647293438027392,bracketing_secant,0.0025,0.06,575.0,-0.3238767034578269,-32.38767034578269,,-0.3238767034578269,-0.1022076297909207
0.06,6.0,lsmc,claims_to_future_fees,lsmc_claims_to_future_fees,ratio,higher_is_adverse,1.604082066073018,0.06,1.604082066073018,0.0,bracketing_secant,0.01,0.12,1100.0,-0.19168962941357723,-19.168962941357723,,-0.19168962941357723,-0.119501136174944
0.12,12.0,lsmc,claims_to_future_fees,lsmc_claims_to_future_fees,ratio,higher_is_adverse,1.0602254863264076,0.06,1.604082066073018,-0.5438565797466104,backward_secant,0.06,0.12,600.0,-0.09064276329110174,-9.064276329110173,,-0.09064276329110174,-0.08549385433580863
0.0025,0.25,lsmc,fee_coverage_ratio,lsmc_fee_coverage_ratio,ratio,lower_is_adverse,0.23931976878817432,0.06,0.20170053092179313,0.03761923786638119,forward_secant,0.0025,0.01,75.0,-0.009628553862253217,-0.9628553862253216,,0.009628553862253217,-0.04023300670483098
0.01,1.0,lsmc,fee_coverage_ratio,lsmc_fee_coverage_ratio,ratio,lower_is_adverse,0.2320983533914844,0.06,0.20170053092179313,0.030397822469691277,bracketing_secant,0.0025,0.06,575.0,-0.00654247615067499,-0.654247615067499,,0.00654247615067499,-0.02818837813829588
0.06,6.0,lsmc,fee_coverage_ratio,lsmc_fee_coverage_ratio,ratio,lower_is_adverse,0.20170053092179313,0.06,0.20170053092179313,0.0,bracketing_secant,0.01,0.12,1100.0,-0.004210425383219355,-0.4210425383219355,,0.004210425383219355,-0.0208746370868597
0.12,12.0,lsmc,fee_coverage_ratio,lsmc_fee_coverage_ratio,ratio,lower_is_adverse,0.1857836741760715,0.06,0.20170053092179313,-0.01591685674572163,backward_secant,0.06,0.12,600.0,-0.0026528094576202723,-0.2652809457620272,,0.0026528094576202723,-0.014279023543834875
0.0025,0.25,lsmc,income_start_year_mean,lsmc_income_start_year_mean,years,diagnostic,1.0,0.06,1.0,0.0,forward_secant,0.0025,0.01,75.0,0.0,,,,0.0
0.01,1.0,lsmc,income_start_year_mean,lsmc_income_start_year_mean,years,diagnostic,1.0,0.06,1.0,0.0,bracketing_secant,0.0025,0.06,575.0,0.0,,,,0.0
0.06,6.0,lsmc,income_start_year_mean,lsmc_income_start_year_mean,years,diagnostic,1.0,0.06,1.0,0.0,bracketing_secant,0.01,0.12,1100.0,0.3636363636363637,,,,0.3636363636363637
0.12,12.0,lsmc,income_start_year_mean,lsmc_income_start_year_mean,years,diagnostic,5.0,0.06,1.0,4.0,backward_secant,0.06,0.12,600.0,0.6666666666666667,,,,0.13333333333333336
0.0025,0.25,lsmc,income_start_year_median,lsmc_income_start_year_median,years,diagnostic,1.0,0.06,1.0,0.0,forward_secant,0.0025,0.01,75.0,0.0,,,,0.0
0.01,1.0,lsmc,income_start_year_median,lsmc_income_start_year_median,years,diagnostic,1.0,0.06,1.0,0.0,bracketing_secant,0.0025,0.06,575.0,0.0,,,,0.0
0.06,6.0,lsmc,income_start_year_median,lsmc_income_start_year_median,years,diagnostic,1.0,0.06,1.0,0.0,bracketing_secant,0.01,0.12,1100.0,0.3636363636363637,,,,0.3636363636363637
0.12,12.0,lsmc,income_start_year_median,lsmc_income_start_year_median,years,diagnostic,5.0,0.06,1.0,4.0,backward_secant,0.06,0.12,600.0,0.6666666666666667,,,,0.13333333333333336
0.0025,0.25,lsmc,income_start_year_p10,lsmc_income_start_year_p10,years,diagnostic,1.0,0.06,1.0,0.0,forward_secant,0.0025,0.01,75.0,0.0,,,,0.0
0.01,1.0,lsmc,income_start_year_p10,lsmc_income_start_year_p10,years,diagnostic,1.0,0.06,1.0,0.0,bracketing_secant,0.0025,0.06,575.0,0.0,,,,0.0
0.06,6.0,lsmc,income_start_year_p10,lsmc_income_start_year_p10,years,diagnostic,1.0,0.06,1.0,0.0,bracketing_secant,0.01,0.12,1100.0,0.3636363636363637,,,,0.3636363636363637
0.12,12.0,lsmc,income_start_year_p10,lsmc_income_start_year_p10,years,diagnostic,5.0,0.06,1.0,4.0,backward_secant,0.06,0.12,600.0,0.6666666666666667,,,,0.13333333333333336
0.0025,0.25,lsmc,income_start_year_p90,lsmc_income_start_year_p90,years,diagnostic,1.0,0.06,1.0,0.0,forward_secant,0.0025,0.01,75.0,0.0,,,,0.0
0.01,1.0,lsmc,income_start_year_p90,lsmc_income_start_year_p90,years,diagnostic,1.0,0.06,1.0,0.0,bracketing_secant,0.0025,0.06,575.0,0.0,,,,0.0
0.06,6.0,lsmc,income_start_year_p90,lsmc_income_start_year_p90,years,diagnostic,1.0,0.06,1.0,0.0,bracketing_secant,0.01,0.12,1100.0,0.3636363636363637,,,,0.3636363636363637
0.12,12.0,lsmc,income_start_year_p90,lsmc_income_start_year_p90,years,diagnostic,5.0,0.06,1.0,4.0,backward_secant,0.06,0.12,600.0,0.6666666666666667,,,,0.13333333333333336
0.0025,0.25,lsmc,income_election_share,lsmc_income_election_share,ratio,diagnostic,0.9896991281854617,0.06,0.9896991281854617,0.0,forward_secant,0.0025,0.01,75.0,0.0,0.0,,,0.0
0.01,1.0,lsmc,income_election_share,lsmc_income_election_share,ratio,diagnostic,0.9896991281854617,0.06,0.9896991281854617,0.0,bracketing_secant,0.0025,0.06,575.0,0.0,0.0,,,0.0
0.06,6.0,lsmc,income_election_share,lsmc_income_election_share,ratio,diagnostic,0.9896991281854617,0.06,0.9896991281854617,0.0,bracketing_secant,0.01,0.12,1100.0,-0.0049559834386174026,-0.49559834386174023,,,-0.00500756573131859
0.12,12.0,lsmc,income_election_share,lsmc_income_election_share,ratio,diagnostic,0.9351833103606703,0.06,0.9896991281854617,-0.054515817824791424,backward_secant,0.06,0.12,600.0,-0.009085969637465238,-0.9085969637465238,,,-0.009715709783102384
0.0025,0.25,lsmc,forced_income_election_share,lsmc_forced_income_election_share,ratio,diagnostic,0.0,0.06,0.0,0.0,forward_secant,0.0025,0.01,75.0,0.0,0.0,,,
0.01,1.0,lsmc,forced_income_election_share,lsmc_forced_income_election_share,ratio,diagnostic,0.0,0.06,0.0,0.0,bracketing_secant,0.0025,0.06,575.0,0.0,0.0,,,
0.06,6.0,lsmc,forced_income_election_share,lsmc_forced_income_election_share,ratio,diagnostic,0.0,0.06,0.0,0.0,bracketing_secant,0.01,0.12,1100.0,0.0,0.0,,,
0.12,12.0,lsmc,forced_income_election_share,lsmc_forced_income_election_share,ratio,diagnostic,0.0,0.06,0.0,0.0,backward_secant,0.06,0.12,600.0,0.0,0.0,,,
0.0025,0.25,lsmc,mean_growth_duration,lsmc_mean_growth_duration,years,diagnostic,0.9954807949797857,0.06,0.9954807949797857,0.0,forward_secant,0.0025,0.01,75.0,0.0,,,,0.0
0.01,1.0,lsmc,mean_growth_duration,lsmc_mean_growth_duration,years,diagnostic,0.9954807949797857,0.06,0.9954807949797857,0.0,bracketing_secant,0.0025,0.06,575.0,0.0,,,,0.0
0.06,6.0,lsmc,mean_growth_duration,lsmc_mean_growth_duration,years,diagnostic,0.9954807949797857,0.06,0.9954807949797857,0.0,bracketing_secant,0.01,0.12,1100.0,0.3508105181760143,,,,0.3524031000348308
0.12,12.0,lsmc,mean_growth_duration,lsmc_mean_growth_duration,years,diagnostic,4.854396494915942,0.06,0.9954807949797857,3.8589156999361567,backward_secant,0.06,0.12,600.0,0.6431526166560262,,,,0.13248868676664674
0.0025,0.25,lsmc,growth_phase_exposure,lsmc_growth_phase_exposure,ratio,diagnostic,0.020179154422802662,0.06,0.020179154422802662,0.0,forward_secant,0.0025,0.01,75.0,0.0,0.0,,,0.0
0.01,1.0,lsmc,growth_phase_exposure,lsmc_growth_phase_exposure,ratio,diagnostic,0.020179154422802662,0.06,0.020179154422802662,0.0,bracketing_secant,0.0025,0.06,575.0,0.0,0.0,,,0.0
0.06,6.0,lsmc,growth_phase_exposure,lsmc_growth_phase_exposure,ratio,diagnostic,0.020179154422802662,0.06,0.020179154422802662,0.0,bracketing_secant,0.01,0.12,1100.0,0.007098968299583597,0.7098968299583597,,,0.3517971145293227
0.12,12.0,lsmc,growth_phase_exposure,lsmc_growth_phase_exposure,ratio,diagnostic,0.09826780571822222,0.06,0.020179154422802662,0.07808865129541956,backward_secant,0.06,0.12,600.0,0.01301477521590326,1.301477521590326,,,0.1324419032335213
0.0025,0.25,lsmc,income_phase_exposure,lsmc_income_phase_exposure,ratio,diagnostic,0.5172911708293597,0.06,0.5172911708293597,0.0,forward_secant,0.0025,0.01,75.0,0.0,0.0,,,0.0
0.01,1.0,lsmc,income_phase_exposure,lsmc_income_phase_exposure,ratio,diagnostic,0.5172911708293597,0.06,0.5172911708293597,0.0,bracketing_secant,0.0025,0.06,575.0,0.0,0.0,,,0.0
0.06,6.0,lsmc,income_phase_exposure,lsmc_income_phase_exposure,ratio,diagnostic,0.5172911708293597,0.06,0.5172911708293597,0.0,bracketing_secant,0.01,0.12,1100.0,-0.008324680830296123,-0.8324680830296123,,,-0.016092833784403036
0.12,12.0,lsmc,income_phase_exposure,lsmc_income_phase_exposure,ratio,diagnostic,0.42571968169610236,0.06,0.5172911708293597,-0.09157148913325736,backward_secant,0.06,0.12,600.0,-0.015261914855542893,-1.5261914855542893,,,-0.03584968116751888
0.0025,0.25,lsmc,ordinary_income_lapse_rate,lsmc_ordinary_income_lapse_rate,ratio,diagnostic,0.0,0.06,0.0,0.0,forward_secant,0.0025,0.01,75.0,0.0,0.0,,,
0.01,1.0,lsmc,ordinary_income_lapse_rate,lsmc_ordinary_income_lapse_rate,ratio,diagnostic,0.0,0.06,0.0,0.0,bracketing_secant,0.0025,0.06,575.0,0.0,0.0,,,
0.06,6.0,lsmc,ordinary_income_lapse_rate,lsmc_ordinary_income_lapse_rate,ratio,diagnostic,0.0,0.06,0.0,0.0,bracketing_secant,0.01,0.12,1100.0,0.0,0.0,,,
0.12,12.0,lsmc,ordinary_income_lapse_rate,lsmc_ordinary_income_lapse_rate,ratio,diagnostic,0.0,0.06,0.0,0.0,backward_secant,0.06,0.12,600.0,0.0,0.0,,,
0.0025,0.25,lsmc,performance_income_lapse_rate,lsmc_performance_income_lapse_rate,ratio,diagnostic,0.0,0.06,0.0,0.0,forward_secant,0.0025,0.01,75.0,0.0,0.0,,,
0.01,1.0,lsmc,performance_income_lapse_rate,lsmc_performance_income_lapse_rate,ratio,diagnostic,0.0,0.06,0.0,0.0,bracketing_secant,0.0025,0.06,575.0,0.0,0.0,,,
0.06,6.0,lsmc,performance_income_lapse_rate,lsmc_performance_income_lapse_rate,ratio,diagnostic,0.0,0.06,0.0,0.0,bracketing_secant,0.01,0.12,1100.0,0.0,0.0,,,
0.12,12.0,lsmc,performance_income_lapse_rate,lsmc_performance_income_lapse_rate,ratio,diagnostic,0.0,0.06,0.0,0.0,backward_secant,0.06,0.12,600.0,0.0,0.0,,,
0.0025,0.25,lsmc,total_income_lapse_rate,lsmc_total_income_lapse_rate,ratio,diagnostic,0.0,0.06,0.0,0.0,forward_secant,0.0025,0.01,75.0,0.0,0.0,,,
0.01,1.0,lsmc,total_income_lapse_rate,lsmc_total_income_lapse_rate,ratio,diagnostic,0.0,0.06,0.0,0.0,bracketing_secant,0.0025,0.06,575.0,0.0,0.0,,,
0.06,6.0,lsmc,total_income_lapse_rate,lsmc_total_income_lapse_rate,ratio,diagnostic,0.0,0.06,0.0,0.0,bracketing_secant,0.01,0.12,1100.0,0.0,0.0,,,
0.12,12.0,lsmc,total_income_lapse_rate,lsmc_total_income_lapse_rate,ratio,diagnostic,0.0,0.06,0.0,0.0,backward_secant,0.06,0.12,600.0,0.0,0.0,,,
0.0025,0.25,dynamic,negative_value_contract_share,dynamic_negative_value_contract_share,ratio,higher_is_adverse,0.0,0.06,0.87,-0.87,forward_secant,0.0025,0.01,75.0,0.0,0.0,,0.0,
0.01,1.0,dynamic,negative_value_contract_share,dynamic_negative_value_contract_share,ratio,higher_is_adverse,0.0,0.06,0.87,-0.87,bracketing_secant,0.0025,0.06,575.0,0.15130434782608698,15.130434782608699,,0.15130434782608698,
0.06,6.0,dynamic,negative_value_contract_share,dynamic_negative_value_contract_share,ratio,higher_is_adverse,0.87,0.06,0.87,0.0,bracketing_secant,0.01,0.12,1100.0,0.09090909090909093,9.090909090909092,,0.09090909090909093,0.10449320794148383
0.12,12.0,dynamic,negative_value_contract_share,dynamic_negative_value_contract_share,ratio,higher_is_adverse,1.0,0.06,0.87,0.13,backward_secant,0.06,0.12,600.0,0.02166666666666667,2.166666666666667,,0.02166666666666667,0.02166666666666667
0.0025,0.25,dynamic,model_point_csm_to_premium_weighted_p10,dynamic_model_point_csm_to_premium_weighted_p10,ratio,lower_is_adverse,0.14905325135413605,0.06,-0.03284462800193163,0.1818978793560677,forward_secant,0.0025,0.01,75.0,-0.03296904319659135,-3.296904319659135,,0.03296904319659135,-0.22118969493835533
0.01,1.0,dynamic,model_point_csm_to_premium_weighted_p10,dynamic_model_point_csm_to_premium_weighted_p10,ratio,lower_is_adverse,0.12432646895669254,0.06,-0.03284462800193163,0.15717109695862416,bracketing_secant,0.0025,0.06,575.0,-0.03163441380105526,-3.163441380105526,,0.03163441380105526,-0.2544463304276315
0.06,6.0,dynamic,model_point_csm_to_premium_weighted_p10,dynamic_model_point_csm_to_premium_weighted_p10,ratio,lower_is_adverse,-0.03284462800193163,0.06,-0.03284462800193163,0.0,bracketing_secant,0.01,0.12,1100.0,-0.022991958773121247,-2.299195877312125,,0.022991958773121247,-0.7000218961764177
0.12,12.0,dynamic,model_point_csm_to_premium_weighted_p10,dynamic_model_point_csm_to_premium_weighted_p10,ratio,lower_is_adverse,-0.12858507754764117,0.06,-0.03284462800193163,-0.09574044954570954,backward_secant,0.06,0.12,600.0,-0.01595674159095159,-1.595674159095159,,0.01595674159095159,-0.12409481640697823
0.0025,0.25,dynamic,model_point_csm_to_premium_weighted_lower_tail_mean_10pct,dynamic_model_point_csm_to_premium_weighted_lower_tail_mean_10pct,ratio,lower_is_adverse,0.14905325135413605,0.06,-0.03284462800193163,0.1818978793560677,forward_secant,0.0025,0.01,75.0,-0.03296904319659135,-3.296904319659135,,0.03296904319659135,-0.22118969493835533
0.01,1.0,dynamic,model_point_csm_to_premium_weighted_lower_tail_mean_10pct,dynamic_model_point_csm_to_premium_weighted_lower_tail_mean_10pct,ratio,lower_is_adverse,0.12432646895669254,0.06,-0.03284462800193163,0.15717109695862416,bracketing_secant,0.0025,0.06,575.0,-0.03163441380105526,-3.163441380105526,,0.03163441380105526,-0.2544463304276315
0.06,6.0,dynamic,model_point_csm_to_premium_weighted_lower_tail_mean_10pct,dynamic_model_point_csm_to_premium_weighted_lower_tail_mean_10pct,ratio,lower_is_adverse,-0.03284462800193163,0.06,-0.03284462800193163,0.0,bracketing_secant,0.01,0.12,1100.0,-0.022991958773121247,-2.299195877312125,,0.022991958773121247,-0.7000218961764177
0.12,12.0,dynamic,model_point_csm_to_premium_weighted_lower_tail_mean_10pct,dynamic_model_point_csm_to_premium_weighted_lower_tail_mean_10pct,ratio,lower_is_adverse,-0.12858507754764117,0.06,-0.03284462800193163,-0.09574044954570954,backward_secant,0.06,0.12,600.0,-0.01595674159095159,-1.595674159095159,,0.01595674159095159,-0.12409481640697823
0.0025,0.25,dynamic,guarantee_claims_hhi,dynamic_guarantee_claims_hhi,index,diagnostic,0.40063286727884184,0.06,0.39848954110710894,0.0021433261717329066,forward_secant,0.0025,0.01,75.0,-9.583078087042435e-05,,,,-0.00023919849991669754
0.01,1.0,dynamic,guarantee_claims_hhi,dynamic_guarantee_claims_hhi,index,diagnostic,0.400560994193189,0.06,0.39848954110710894,0.0020714530860800884,bracketing_secant,0.0025,0.06,575.0,-0.00037275237769267944,,,,-0.0009305758251461259
0.06,6.0,dynamic,guarantee_claims_hhi,dynamic_guarantee_claims_hhi,index,diagnostic,0.39848954110710894,0.06,0.39848954110710894,0.0,bracketing_secant,0.01,0.12,1100.0,-0.0006638104948263234,,,,-0.0016658166058313173
0.12,12.0,dynamic,guarantee_claims_hhi,dynamic_guarantee_claims_hhi,index,diagnostic,0.39325907875009947,0.06,0.39848954110710894,-0.005230462357009469,backward_secant,0.06,0.12,600.0,-0.0008717437261682448,,,,-0.002216716086857853
0.0025,0.25,dynamic,top_5_guarantee_claim_share,dynamic_top_5_guarantee_claim_share,ratio,diagnostic,1.0,0.06,1.0,0.0,forward_secant,0.0025,0.01,75.0,-1.4802973661668756e-16,-1.4802973661668755e-14,,,-1.4802973661668756e-16
0.01,1.0,dynamic,top_5_guarantee_claim_share,dynamic_top_5_guarantee_claim_share,ratio,diagnostic,0.9999999999999999,0.06,1.0,-1.1102230246251565e-16,bracketing_secant,0.0025,0.06,575.0,0.0,0.0,,,0.0
0.06,6.0,dynamic,top_5_guarantee_claim_share,dynamic_top_5_guarantee_claim_share,ratio,diagnostic,1.0,0.06,1.0,0.0,bracketing_secant,0.01,0.12,1100.0,1.0092936587501425e-17,1.0092936587501424e-15,,,1.0092936587501425e-17
0.12,12.0,dynamic,top_5_guarantee_claim_share,dynamic_top_5_guarantee_claim_share,ratio,diagnostic,1.0,0.06,1.0,0.0,backward_secant,0.06,0.12,600.0,0.0,0.0,,,0.0
0.0025,0.25,dynamic,joint_life_guarantee_claim_share,dynamic_joint_life_guarantee_claim_share,ratio,diagnostic,0.4646400561797236,0.06,0.45692504670786127,0.007715009471862322,forward_secant,0.0025,0.01,75.0,-0.000812542141673293,-0.0812542141673293,,,-0.0017487561196381232
0.01,1.0,dynamic,joint_life_guarantee_claim_share,dynamic_joint_life_guarantee_claim_share,ratio,diagnostic,0.4640306495734686,0.06,0.45692504670786127,0.007105602865607352,bracketing_secant,0.0025,0.06,575.0,-0.0013417407777151866,-0.13417407777151866,,,-0.002891491712774789
0.06,6.0,dynamic,joint_life_guarantee_claim_share,dynamic_joint_life_guarantee_claim_share,ratio,diagnostic,0.45692504670786127,0.06,0.45692504670786127,0.0,bracketing_secant,0.01,0.12,1100.0,-0.0013443218038428476,-0.13443218038428476,,,-0.0029421057425690887
0.12,12.0,dynamic,joint_life_guarantee_claim_share,dynamic_joint_life_guarantee_claim_share,ratio,diagnostic,0.4492431097311973,0.06,0.45692504670786127,-0.007681936976663972,backward_secant,0.06,0.12,600.0,-0.0012803228294439957,-0.12803228294439956,,,-0.0028499554065727828
0.0025,0.25,lsmc,negative_value_contract_share,lsmc_negative_value_contract_share,ratio,higher_is_adverse,0.48999999999999994,0.06,1.0,-0.51,forward_secant,0.0025,0.01,75.0,0.0,0.0,,0.0,0.0
0.01,1.0,lsmc,negative_value_contract_share,lsmc_negative_value_contract_share,ratio,higher_is_adverse,0.48999999999999994,0.06,1.0,-0.51,bracketing_secant,0.0025,0.06,575.0,0.08869565217391305,8.869565217391305,,0.08869565217391305,0.18101153504880216
0.06,6.0,lsmc,negative_value_contract_share,lsmc_negative_value_contract_share,ratio,higher_is_adverse,1.0,0.06,1.0,0.0,bracketing_secant,0.01,0.12,1100.0,0.04636363636363637,4.636363636363637,,0.04636363636363637,0.04636363636363637
0.12,12.0,lsmc,negative_value_contract_share,lsmc_negative_value_contract_share,ratio,higher_is_adverse,1.0,0.06,1.0,0.0,backward_secant,0.06,0.12,600.0,0.0,0.0,,0.0,0.0
0.0025,0.25,lsmc,model_point_csm_to_premium_weighted_p10,lsmc_model_point_csm_to_premium_weighted_p10,ratio,lower_is_adverse,-0.005451802662287372,0.06,-0.07626570424213072,0.07081390157984335,forward_secant,0.0025,0.01,75.0,-0.012952454402535068,-1.2952454402535067,,0.012952454402535068,-2.3758113058884462
0.01,1.0,lsmc,model_point_csm_to_premium_weighted_p10,lsmc_model_point_csm_to_premium_weighted_p10,ratio,lower_is_adverse,-0.015166143464188672,0.06,-0.07626570424213072,0.06109956077794205,bracketing_secant,0.0025,0.06,575.0,-0.012315461144320583,-1.2315461144320583,,0.012315461144320583,-0.8120364398108647
0.06,6.0,lsmc,model_point_csm_to_premium_weighted_p10,lsmc_model_point_csm_to_premium_weighted_p10,ratio,lower_is_adverse,-0.07626570424213072,0.06,-0.07626570424213072,0.0,bracketing_secant,0.01,0.12,1100.0,-0.012100766186103394,-1.2100766186103393,,0.012100766186103394,-0.15866589453741234
0.12,12.0,lsmc,model_point_csm_to_premium_weighted_p10,lsmc_model_point_csm_to_premium_weighted_p10,ratio,lower_is_adverse,-0.148274571511326,0.06,-0.07626570424213072,-0.07200886726919528,backward_secant,0.06,0.12,600.0,-0.012001477878199215,-1.2001477878199214,,0.012001477878199215,-0.08094090413393963
0.0025,0.25,lsmc,model_point_csm_to_premium_weighted_lower_tail_mean_10pct,lsmc_model_point_csm_to_premium_weighted_lower_tail_mean_10pct,ratio,lower_is_adverse,-0.005451802662287372,0.06,-0.07772743280977473,0.07227563014748736,forward_secant,0.0025,0.01,75.0,-0.012952454402535068,-1.2952454402535067,,0.012952454402535068,-2.3758113058884462
0.01,1.0,lsmc,model_point_csm_to_premium_weighted_lower_tail_mean_10pct,lsmc_model_point_csm_to_premium_weighted_lower_tail_mean_10pct,ratio,lower_is_adverse,-0.015166143464188672,0.06,-0.07772743280977473,0.06256128934558607,bracketing_secant,0.0025,0.06,575.0,-0.012569674808258673,-1.2569674808258673,,0.012569674808258673,-0.8287983585239743
0.06,6.0,lsmc,model_point_csm_to_premium_weighted_lower_tail_mean_10pct,lsmc_model_point_csm_to_premium_weighted_lower_tail_mean_10pct,ratio,lower_is_adverse,-0.07772743280977473,0.06,-0.07772743280977473,0.0,bracketing_secant,0.01,0.12,1100.0,-0.012100766186103394,-1.2100766186103393,,0.012100766186103394,-0.1556820513513942
0.12,12.0,lsmc,model_point_csm_to_premium_weighted_lower_tail_mean_10pct,lsmc_model_point_csm_to_premium_weighted_lower_tail_mean_10pct,ratio,lower_is_adverse,-0.148274571511326,0.06,-0.07772743280977473,-0.07054713870155127,backward_secant,0.06,0.12,600.0,-0.011757856450258546,-1.1757856450258546,,0.011757856450258546,-0.07929786159834168
0.0025,0.25,lsmc,guarantee_claims_hhi,lsmc_guarantee_claims_hhi,index,diagnostic,0.37928889517015035,0.06,0.3771354994989404,0.002153395671209979,forward_secant,0.0025,0.01,75.0,0.0001500778909186244,,,,0.0003956822697150121
0.01,1.0,lsmc,guarantee_claims_hhi,lsmc_guarantee_claims_hhi,index,diagnostic,0.3794014535883393,0.06,0.3771354994989404,0.002265954089398947,bracketing_secant,0.0025,0.06,575.0,-0.00037450359499303985,,,,-0.0009870905644957973
0.06,6.0,lsmc,guarantee_claims_hhi,lsmc_guarantee_claims_hhi,index,diagnostic,0.3771354994989404,0.06,0.3771354994989404,0.0,bracketing_secant,0.01,0.12,1100.0,0.000593866668820336,,,,0.001574677190583605
0.12,12.0,lsmc,guarantee_claims_hhi,lsmc_guarantee_claims_hhi,index,diagnostic,0.385933986945363,0.06,0.3771354994989404,0.008798487446422643,backward_secant,0.06,0.12,600.0,0.0014664145744037738,,,,0.003799651297908042
0.0025,0.25,lsmc,top_5_guarantee_claim_share,lsmc_top_5_guarantee_claim_share,ratio,diagnostic,1.0,0.06,0.9999999999999999,1.1102230246251565e-16,forward_secant,0.0025,0.01,75.0,0.0,0.0,,,0.0
0.01,1.0,lsmc,top_5_guarantee_claim_share,lsmc_top_5_guarantee_claim_share,ratio,diagnostic,1.0,0.06,0.9999999999999999,1.1102230246251565e-16,bracketing_secant,0.0025,0.06,575.0,-1.9308226515220116e-17,-1.9308226515220117e-15,,,-1.9308226515220116e-17
0.06,6.0,lsmc,top_5_guarantee_claim_share,lsmc_top_5_guarantee_claim_share,ratio,diagnostic,0.9999999999999999,0.06,0.9999999999999999,0.0,bracketing_secant,0.01,0.12,1100.0,0.0,0.0,,,0.0
0.12,12.0,lsmc,top_5_guarantee_claim_share,lsmc_top_5_guarantee_claim_share,ratio,diagnostic,1.0,0.06,0.9999999999999999,1.1102230246251565e-16,backward_secant,0.06,0.12,600.0,1.8503717077085944e-17,1.8503717077085944e-15,,,1.8503717077085944e-17
0.0025,0.25,lsmc,joint_life_guarantee_claim_share,lsmc_joint_life_guarantee_claim_share,ratio,diagnostic,0.4519813429505076,0.06,0.43856584260374265,0.013415500346764975,forward_secant,0.0025,0.01,75.0,-0.0013911963608920592,-0.1391196360892059,,,-0.0030779951044226984
0.01,1.0,lsmc,joint_life_guarantee_claim_share,lsmc_joint_life_guarantee_claim_share,ratio,diagnostic,0.4509379456798386,0.06,0.43856584260374265,0.01237210307609593,bracketing_secant,0.0025,0.06,575.0,-0.002333130495089561,-0.2333130495089561,,,-0.005173950246240888
0.06,6.0,lsmc,joint_life_guarantee_claim_share,lsmc_joint_life_guarantee_claim_share,ratio,diagnostic,0.43856584260374265,0.06,0.43856584260374265,0.0,bracketing_secant,0.01,0.12,1100.0,1.4298152688486564e-05,0.0014298152688486563,,,3.260206632509083e-05
0.12,12.0,lsmc,joint_life_guarantee_claim_share,lsmc_joint_life_guarantee_claim_share,ratio,diagnostic,0.45109522535941193,0.06,0.43856584260374265,0.012529382755669283,backward_secant,0.06,0.12,600.0,0.002088230459278214,0.2088230459278214,,,0.004629245316472609
0.0025,0.25,behaviour_difference,behaviour_model_csm_gap_aud,behaviour_model_csm_gap_aud,AUD,higher_is_adverse,55748.08195964034,0.06,15314.284949786233,40433.797009854105,forward_secant,0.0025,0.01,75.0,-7261.224335579513,,-2.154779940429239,-7261.224335579513,-0.1302506576071332
0.01,1.0,behaviour_difference,behaviour_model_csm_gap_aud,behaviour_model_csm_gap_aud,AUD,higher_is_adverse,50302.163707955704,0.06,15314.284949786233,34987.87875816947,bracketing_secant,0.0025,0.06,575.0,-7031.964697365932,,-2.08674677594593,-7031.964697365932,-0.13979447759329225
0.06,6.0,behaviour_difference,behaviour_model_csm_gap_aud,behaviour_model_csm_gap_aud,AUD,higher_is_adverse,15314.284949786233,0.06,15314.284949786233,0.0,bracketing_secant,0.01,0.12,1100.0,-3889.845128800836,,-1.1543177661990647,-3889.845128800836,-0.25400109385160247
0.12,12.0,behaviour_difference,behaviour_model_csm_gap_aud,behaviour_model_csm_gap_aud,AUD,higher_is_adverse,7513.867291146511,0.06,15314.284949786233,-7800.4176586397225,backward_secant,0.06,0.12,600.0,-1300.069609773287,,-0.38579773697042413,-1300.069609773287,-0.17302270048143406
0.0025,0.25,behaviour_difference,behaviour_model_csm_gap_to_premium,behaviour_model_csm_gap_to_premium,ratio,higher_is_adverse,0.16543332525264978,0.06,0.04544538563575884,0.11998793961689094,forward_secant,0.0025,0.01,75.0,-0.021547799404292377,-2.1547799404292376,,-0.021547799404292377,-0.1302506576071331
0.01,1.0,behaviour_difference,behaviour_model_csm_gap_to_premium,behaviour_model_csm_gap_to_premium,ratio,higher_is_adverse,0.1492724756994305,0.06,0.04544538563575884,0.10382709006367166,bracketing_secant,0.0025,0.06,575.0,-0.020867467759459295,-2.0867467759459295,,-0.020867467759459295,-0.13979447759329222
0.06,6.0,behaviour_difference,behaviour_model_csm_gap_to_premium,behaviour_model_csm_gap_to_premium,ratio,higher_is_adverse,0.04544538563575884,0.06,0.04544538563575884,0.0,bracketing_secant,0.01,0.12,1100.0,-0.011543177661990646,-1.1543177661990647,,-0.011543177661990646,-0.2540010938516024
0.12,12.0,behaviour_difference,behaviour_model_csm_gap_to_premium,behaviour_model_csm_gap_to_premium,ratio,higher_is_adverse,0.02229752141753339,0.06,0.04544538563575884,-0.02314786421822545,backward_secant,0.06,0.12,600.0,-0.003857977369704242,-0.3857977369704242,,-0.003857977369704242,-0.17302270048143412
0.0025,0.25,behaviour_difference,lsmc_guarantee_claim_difference_vs_dynamic_to_premium,lsmc_guarantee_claim_difference_vs_dynamic_to_premium,ratio,higher_is_adverse,0.0792855171547207,0.06,0.0037969507389500018,0.07548856641577069,forward_secant,0.0025,0.01,75.0,-0.014879958726972453,-1.4879958726972453,,-0.014879958726972453,-0.1876756217397832
0.01,1.0,behaviour_difference,lsmc_guarantee_claim_difference_vs_dynamic_to_premium,lsmc_guarantee_claim_difference_vs_dynamic_to_premium,ratio,higher_is_adverse,0.06812554810949135,0.06,0.0037969507389500018,0.06432859737054135,bracketing_secant,0.0025,0.06,575.0,-0.013128446333177514,-1.3128446333177513,,-0.013128446333177514,-0.19270958836290725
0.06,6.0,behaviour_difference,lsmc_guarantee_claim_difference_vs_dynamic_to_premium,lsmc_guarantee_claim_difference_vs_dynamic_to_premium,ratio,higher_is_adverse,0.0037969507389500018,0.06,0.0037969507389500018,0.0,bracketing_secant,0.01,0.12,1100.0,-0.004384808083597505,-0.4384808083597505,,-0.004384808083597505,-1.154823537376223
0.12,12.0,behaviour_difference,lsmc_guarantee_claim_difference_vs_dynamic_to_premium,lsmc_guarantee_claim_difference_vs_dynamic_to_premium,ratio,higher_is_adverse,0.019892659189918793,0.06,0.0037969507389500018,0.01609570845096879,backward_secant,0.06,0.12,600.0,0.0026826180751614655,0.26826180751614653,,0.0026826180751614655,0.1348546742569723
0.0025,0.25,behaviour_difference,lsmc_policyholder_benefit_difference_vs_dynamic_to_premium,lsmc_policyholder_benefit_difference_vs_dynamic_to_premium,ratio,diagnostic,0.16818747886341898,0.06,0.051624306092490746,0.11656317277092823,forward_secant,0.0025,0.01,75.0,-0.02094103902848192,-2.094103902848192,,,-0.1245100953412093
0.01,1.0,behaviour_difference,lsmc_policyholder_benefit_difference_vs_dynamic_to_premium,lsmc_policyholder_benefit_difference_vs_dynamic_to_premium,ratio,diagnostic,0.15248169959205754,0.06,0.051624306092490746,0.1008573934995668,bracketing_secant,0.0025,0.06,575.0,-0.02027185613407448,-2.0271856134074477,,,-0.132946158052467
0.06,6.0,behaviour_difference,lsmc_policyholder_benefit_difference_vs_dynamic_to_premium,lsmc_policyholder_benefit_difference_vs_dynamic_to_premium,ratio,diagnostic,0.051624306092490746,0.06,0.051624306092490746,0.0,bracketing_secant,0.01,0.12,1100.0,-0.011724844834414536,-1.1724844834414536,,,-0.22711869121123213
0.12,12.0,behaviour_difference,lsmc_policyholder_benefit_difference_vs_dynamic_to_premium,lsmc_policyholder_benefit_difference_vs_dynamic_to_premium,ratio,diagnostic,0.02350840641349763,0.06,0.051624306092490746,-0.028115899678993115,backward_secant,0.06,0.12,600.0,-0.004685983279832186,-0.46859832798321865,,,-0.19933223874935535
0.0025,0.25,behaviour_difference,lsmc_unweighted_income_election_action_rate,lsmc_unweighted_income_election_action_rate,ratio,diagnostic,1.0,0.06,1.0,0.0,forward_secant,0.0025,0.01,75.0,0.0,0.0,,,0.0
0.01,1.0,behaviour_difference,lsmc_unweighted_income_election_action_rate,lsmc_unweighted_income_election_action_rate,ratio,diagnostic,1.0,0.06,1.0,0.0,bracketing_secant,0.0025,0.06,575.0,0.0,0.0,,,0.0
0.06,6.0,behaviour_difference,lsmc_unweighted_income_election_action_rate,lsmc_unweighted_income_election_action_rate,ratio,diagnostic,1.0,0.06,1.0,0.0,bracketing_secant,0.01,0.12,1100.0,-0.073189641804931,-7.3189641804931,,,-0.073189641804931
0.12,12.0,behaviour_difference,lsmc_unweighted_income_election_action_rate,lsmc_unweighted_income_election_action_rate,ratio,diagnostic,0.19491394014575902,0.06,1.0,-0.805086059854241,backward_secant,0.06,0.12,600.0,-0.13418100997570684,-13.418100997570685,,,-0.6884115619199153
0.0025,0.25,behaviour_difference,lsmc_unweighted_full_withdrawal_action_rate,lsmc_unweighted_full_withdrawal_action_rate,ratio,diagnostic,0.0,0.06,0.0,0.0,forward_secant,0.0025,0.01,75.0,0.0,0.0,,,
0.01,1.0,behaviour_difference,lsmc_unweighted_full_withdrawal_action_rate,lsmc_unweighted_full_withdrawal_action_rate,ratio,diagnostic,0.0,0.06,0.0,0.0,bracketing_secant,0.0025,0.06,575.0,0.0,0.0,,,
0.06,6.0,behaviour_difference,lsmc_unweighted_full_withdrawal_action_rate,lsmc_unweighted_full_withdrawal_action_rate,ratio,diagnostic,0.0,0.06,0.0,0.0,bracketing_secant,0.01,0.12,1100.0,0.0,0.0,,,
0.12,12.0,behaviour_difference,lsmc_unweighted_full_withdrawal_action_rate,lsmc_unweighted_full_withdrawal_action_rate,ratio,diagnostic,0.0,0.06,0.0,0.0,backward_secant,0.06,0.12,600.0,0.0,0.0,,,
